cd_cvm,year_prev,year_curr,cosine_similarity,chars_prev,chars_curr,ticker,event_date,window_start,window_end,stock_return,ibov_return,abnormal_return
2437,2015,2018,0.9156,369414,312934,AXIA3,2019-03-27,2019-03-27,2019-06-27,0.017910447541733987,0.09597653623260949,-0.0780660886908755
2437,2018,2019,0.855,312934,692624,AXIA3,2020-03-27,2020-03-27,2020-06-30,0.47058823529411775,0.29453083654665124,0.1760573987474665
2437,2019,2020,0.9443,692624,640997,AXIA3,2021-03-19,2021-03-19,2021-06-21,0.4319686935580975,0.112228555144406,0.31974013841369153
2437,2020,2021,0.9461,640997,608744,AXIA3,2022-03-18,2022-03-18,2022-06-20,0.24500855675984012,-0.13405704629336468,0.3790656030532048
2437,2021,2022,0.8359,608744,161659,AXIA3,2023-03-13,2023-03-13,2023-06-14,0.23769206647852004,0.15464701008598025,0.08304505639253978
2437,2022,2023,0.7069,161659,400841,AXIA3,2024-05-14,2024-05-14,2024-08-12,0.030857740585774174,0.020234214568220388,0.010623526017553786
2437,2023,2024,0.6985,400841,98617,AXIA3,2025-03-16,2025-03-17,2025-06-17,0.024981449418748358,0.06119252218613558,-0.03621107276738722
2453,2015,2016,0.9518,112760,120701,CMIG4,2017-04-11,2017-04-11,2017-07-13,-0.10829959518088472,0.012718500169127234,-0.12101809535001196
2453,2016,2017,0.9424,120701,103430,CMIG4,2018-03-29,2018-03-29,2018-06-29,-0.14719626166564337,-0.14763623644008195,0.00043997477443857846
2453,2017,2018,0.5449,103430,6226,CMIG4,2019-04-01,2019-04-01,2019-07-02,0.05831533475155948,0.047376774319149106,0.010938560432410371
2453,2018,2019,0.5518,6226,129256,CMIG4,2020-04-01,2020-04-01,2020-07-03,0.320284697553618,0.3635247235675325,-0.04324002601391452
2453,2019,2020,0.9557,129256,133202,CMIG4,2021-03-30,2021-03-30,2021-06-30,0.04436864641555238,0.08516917506057142,-0.04080052864501904
2453,2020,2021,0.9539,133202,127131,CMIG4,2022-03-29,2022-03-29,2022-06-29,-0.07739071036572642,-0.16991818549426285,0.09252747512853643
2453,2021,2022,0.9512,127131,145632,CMIG4,2023-03-25,2023-03-27,2023-06-28,0.14967860424104984,0.1706709118558385,-0.020992307614788652
2453,2022,2023,0.9573,145632,172598,CMIG4,2024-03-21,2024-03-21,2024-06-21,0.13291873962576362,-0.05319535010417176,0.18611408972993537
2453,2023,2024,0.9694,172598,232098,CMIG4,2025-03-21,2025-03-21,2025-06-24,-0.030555555555555558,0.0364179558740767,-0.06697351142963226
2577,2015,2016,0.9491,49106,55268,CESP6,2017-03-24,2017-03-24,2017-06-27,-0.15645514223194756,-0.03411403899879362,-0.12234110323315395
2577,2016,2017,0.9446,55268,50127,CESP6,2018-03-21,2018-03-21,2018-06-21,-0.029430181590482163,-0.17536229683963556,0.1459321152491534
2577,2017,2018,0.8922,50127,46664,CESP6,2019-03-22,2019-03-22,2019-06-24,0.09308943089430888,0.08883700511494363,0.004252425779365243
3980,2018,2019,0.8086,28622,39264,GGBR4,2020-02-19,2020-02-19,2020-05-25,-0.3950073419546274,-0.26480222730299974,-0.13020511465162765
3980,2019,2022,0.7214,39264,38250,GGBR4,2023-03-01,2023-03-01,2023-06-01,-0.1360264226746326,0.05920399997432568,-0.1952304226489583
3980,2022,2023,0.8514,38250,45753,GGBR4,2024-02-20,2024-02-20,2024-05-21,0.06261682262852664,-0.019278286580471038,0.08189510920899767
3980,2023,2024,0.8965,45753,42643,GGBR4,2025-02-24,2025-02-24,2025-05-29,-0.0319606637984019,0.10472229252979526,-0.13668295632819716
4030,2015,2016,0.824,34094,31064,CSNA3,2017-10-28,2017-10-30,2018-02-05,0.1871345029239766,0.09439462440946134,0.09273987851451526
4030,2016,2017,0.9171,31064,33223,CSNA3,2018-04-06,2018-04-06,2018-07-06,-0.07540603248259858,-0.11565646574256527,0.04025043325996669
4030,2017,2018,0.9384,33223,37556,CSNA3,2019-02-20,2019-02-20,2019-05-24,0.6347248576850097,-0.0302140529356264,0.6649389106206361
4030,2018,2019,0.941,37556,45318,CSNA3,2020-03-04,2020-03-04,2020-06-04,-0.14853896103896103,-0.12493065931011837,-0.02360830172884265
4030,2019,2020,0.9012,45318,108318,CSNA3,2021-02-22,2021-02-22,2021-05-24,0.26411403018446045,0.10086227019811345,0.163251759986347
4030,2020,2021,0.9343,108318,136925,CSNA3,2022-03-09,2022-03-09,2022-06-08,-0.24776546299606717,-0.048574657459319215,-0.19919080553674795
4030,2021,2022,0.9535,136925,159185,CSNA3,2023-03-16,2023-03-16,2023-06-19,-0.09201623815967519,0.15877753163204655,-0.25079376979172174
4030,2022,2023,0.9712,159185,146853,CSNA3,2024-03-06,2024-03-06,2024-06-06,-0.23843843843843837,-0.0464847490767919,-0.19195368936164647
4030,2023,2024,0.9351,146853,76538,CSNA3,2025-03-12,2025-03-12,2025-06-12,-0.02125147579693054,0.11251288717015084,-0.13376436296708138
4170,2015,2016,0.8122,33615,26615,VALE3,2017-02-23,2017-02-23,2017-05-30,-0.13777509798010246,-0.051868483587426906,-0.08590661439267555
4170,2016,2017,0.7992,26615,42195,VALE3,2018-02-27,2018-02-27,2018-05-29,0.05979294316501149,-0.12496008532308578,0.18475302848809727
4170,2017,2018,0.411,42195,67137,VALE3,2019-04-18,2019-04-18,2019-07-22,-0.0024724229745148874,0.09908450419789916,-0.10155692717241405
4170,2018,2019,0.6444,67137,90315,VALE3,2020-03-02,2020-03-02,2020-06-02,0.15228645383951678,-0.14610983874386396,0.29839629258338074
4170,2019,2020,0.8199,90315,122425,VALE3,2021-02-25,2021-02-25,2021-05-27,0.159648939504754,0.10787994551043711,0.05176899399431689
4170,2020,2021,0.8141,122425,71028,VALE3,2022-02-24,2022-02-24,2022-05-30,-0.010166780900159877,-0.005016136032132024,-0.005150644868027854
4170,2021,2022,0.793,71028,90523,VALE3,2023-02-16,2023-02-16,2023-05-23,-0.2537279964121538,-0.00011760804340787967,-0.25361038836874594
4170,2022,2023,0.6847,90523,141526,VALE3,2024-02-22,2024-02-22,2024-05-23,-0.032282058911038414,-0.04231516221330456,0.010033103302266144
4170,2023,2024,0.7652,141526,120130,VALE3,2025-03-17,2025-03-17,2025-06-17,-0.09964973730297733,0.06119252218613558,-0.1608422594891129
4820,2015,2016,0.905,64386,103178,BRKM5,2017-08-15,2017-08-15,2017-11-16,0.21608832807570977,0.060809773896999264,0.1552785541787105
4820,2016,2017,0.929,103178,95352,BRKM5,2018-03-29,2018-03-29,2018-06-29,0.057499999999999885,-0.14763623644008195,0.20513623644008183
4820,2017,2018,0.9417,95352,93770,BRKM5,2019-03-13,2019-03-13,2019-06-12,-0.37369672580940183,-0.005894612021287715,-0.3678021137881141
4820,2018,2019,0.9145,93770,123768,BRKM5,2020-04-03,2020-04-03,2020-07-07,0.5236875800256082,0.40587389031194077,0.11781368971366746
4820,2019,2020,0.9003,123768,133746,BRKM5,2021-03-10,2021-03-10,2021-06-10,0.8517595764559327,0.15339792894777982,0.6983616475081529
4820,2020,2021,0.9299,133746,153279,BRKM5,2022-03-16,2022-03-16,2022-06-15,-0.11565369479667686,-0.07474960272221554,-0.04090409207446133
4820,2021,2022,0.9176,153279,135512,BRKM5,2023-03-23,2023-03-23,2023-06-26,0.721153846153846,0.20746828687766738,0.5136855592761786
4820,2022,2023,0.9323,135512,109681,BRKM5,2024-07-01,2024-07-01,2024-09-26,0.1628830874006808,0.06648362983808198,0.09639945756259882
5410,2015,2016,0.5556,25191,23517,WEGE3,2017-02-22,2017-02-22,2017-05-29,0.10877192976480954,-0.07039862486340853,0.17917055462821807
5410,2016,2017,0.4826,23517,17168,WEGE3,2018-02-28,2018-02-28,2018-05-30,-0.045963263578881475,-0.10075698046209891,0.054793716883217436
5410,2017,2018,0.6233,17168,19623,WEGE3,2019-04-10,2019-04-10,2019-07-12,0.25968357883251514,0.08287925030314192,0.17680432852937322
5410,2018,2019,0.5735,19623,22402,WEGE3,2020-02-19,2020-02-19,2020-05-25,-0.2208111429741909,-0.26480222730299974,0.04399108432880883
5410,2019,2020,0.6666,22402,24910,WEGE3,2021-02-24,2021-02-24,2021-05-26,-0.243367935409458,0.07194216055672542,-0.3153100959661834
5410,2020,2021,0.7089,24910,23057,WEGE3,2022-02-16,2022-02-16,2022-05-20,-0.16964856230031955,-0.058109175171762284,-0.11153938712855727
5410,2021,2022,0.7451,23057,27543,WEGE3,2023-02-15,2023-02-15,2023-05-22,0.0380658436213992,0.005592876067494146,0.03247296755390505
5410,2022,2023,0.7494,27543,27253,WEGE3,2024-02-21,2024-02-21,2024-05-22,0.07234507234507226,-0.03369604522224523,0.10604111756731749
5410,2023,2024,0.8175,27253,28251,WEGE3,2025-02-26,2025-02-26,2025-06-02,-0.12539184952978055,0.09632174605315691,-0.22171359558293746
6505,2017,2018,0.3048,6628,20543,BHIA3,2019-02-20,2019-02-20,2019-05-24,-0.1938579654510557,-0.0302140529356264,-0.1636439125154293
6505,2018,2019,0.731,20543,23443,BHIA3,2020-03-26,2020-03-26,2020-06-29,1.6982456140350877,0.23196202376898833,1.4662835902660993
6505,2019,2020,0.5058,23443,33975,BHIA3,2021-03-02,2021-03-02,2021-06-01,0.1514143094841931,0.149966648676078,0.0014476608081150921
6505,2020,2021,0.5871,33975,24588,BHIA3,2022-03-09,2022-03-09,2022-06-08,-0.11730205278592376,-0.048574657459319215,-0.06872739532660455
6505,2021,2022,0.6594,24588,27241,BHIA3,2023-03-09,2023-03-09,2023-06-12,0.31958762886597936,0.11673180821498264,0.20285582065099672
6505,2022,2023,0.3841,27241,23246,BHIA3,2024-03-25,2024-03-25,2024-06-25,-0.12575757575757573,-0.03624065804957588,-0.08951691770799985
6505,2023,2024,0.5691,23246,17871,BHIA3,2025-03-12,2025-03-12,2025-06-12,-0.2783882783882784,0.11251288717015084,-0.39090116555842924
8133,2015,2017,0.8412,35487,58968,LREN3,2018-02-08,2018-02-08,2018-05-14,-0.08884416349600177,0.0453764896048241,-0.13422065310082587
8133,2017,2018,0.8963,58968,60721,LREN3,2019-02-07,2019-02-07,2019-05-13,0.0264129181987951,-0.028378086509495914,0.05479100470829101
8133,2018,2019,0.9029,60721,75046,LREN3,2020-02-06,2020-02-06,2020-05-12,-0.4009416877369768,-0.3239695286049137,-0.07697215913206312
8133,2019,2020,0.8595,75046,89551,LREN3,2021-02-11,2021-02-11,2021-05-17,0.14496064976632583,0.030494930294536093,0.11446571947178974
8133,2020,2021,0.844,89551,111097,LREN3,2022-03-17,2022-03-17,2022-06-17,0.03668122252954742,-0.11718977791373308,0.1538710004432805
8133,2021,2022,0.898,111097,103582,LREN3,2023-02-16,2023-02-16,2023-05-23,-0.03921568621886329,-0.00011760804340787967,-0.03909807817545541
8133,2022,2023,0.9069,103582,84379,LREN3,2024-03-14,2024-03-14,2024-06-14,-0.2253179889627306,-0.06286781961026378,-0.1624501693524668
8133,2023,2024,0.8766,84379,59942,LREN3,2025-02-20,2025-02-20,2025-05-27,0.3092633114514951,0.09357833639941138,0.21568497505208373
8451,2015,2016,0.928,50109,48317,POMO4,2017-02-23,2017-02-23,2017-05-30,-0.02439024420687408,-0.051868483587426906,0.027478239380552827
8451,2016,2017,0.9511,48317,53475,POMO4,2018-02-22,2018-02-22,2018-05-24,-0.045569620248062326,-0.0757227917396548,0.030153171491592468
8451,2017,2018,0.9495,53475,48709,POMO4,2019-02-26,2019-02-26,2019-05-30,-0.08564231750933016,-0.0014870520734612258,-0.08415526543586893
8451,2018,2019,0.9297,48709,46061,POMO4,2020-02-27,2020-02-27,2020-05-29,-0.4666666666666667,-0.15129520748469416,-0.3153714591819725
8451,2019,2020,0.9191,46061,50263,POMO4,2021-02-25,2021-02-25,2021-05-27,0.07364341035496658,0.10787994551043711,-0.03423653515547054
8451,2020,2021,0.9421,50263,52876,POMO4,2022-02-25,2022-02-25,2022-05-31,-0.010344827710202176,-0.015833474306698347,0.005488646596496172
8451,2021,2022,0.9516,52876,54630,POMO4,2023-02-28,2023-02-28,2023-05-31,0.4620253164186827,0.032431882268819656,0.42959343414986306
8451,2022,2023,0.9596,54630,56863,POMO4,2024-02-27,2024-02-27,2024-05-28,-0.04668989553811753,-0.060064301317562685,0.013374405779445153
8451,2023,2024,0.9637,56863,55170,POMO4,2025-02-25,2025-02-25,2025-05-30,-0.05844155842857135,0.08768982255049429,-0.14613138097906564
8656,2015,2016,0.9072,37607,28931,GOAU4,2017-02-22,2017-02-22,2017-05-29,-0.23599320880815378,-0.07039862486340853,-0.16559458394474524
8656,2016,2017,0.8863,28931,32480,GOAU4,2018-02-28,2018-02-28,2018-05-30,-0.13578680202315618,-0.10075698046209891,-0.03502982156105727
8656,2017,2018,0.8212,32480,25725,GOAU4,2019-02-21,2019-02-21,2019-05-27,-0.08321579693629333,-0.02133469070723304,-0.06188110622906029
8656,2018,2019,0.8384,25725,22298,GOAU4,2020-02-19,2020-02-19,2020-05-25,-0.4457593688062077,-0.26480222730299974,-0.18095714150320796
8656,2019,2022,0.7227,22298,32725,GOAU4,2023-03-01,2023-03-01,2023-06-01,-0.12432432439555974,0.05920399997432568,-0.18352832436988542
8656,2022,2023,0.8634,32725,38155,GOAU4,2024-02-20,2024-02-20,2024-05-21,0.09552238813534131,-0.019278286580471038,0.11480067471581235
8656,2023,2024,0.857,38155,41977,GOAU4,2025-02-24,2025-02-24,2025-05-29,-0.02127659580503849,0.10472229252979526,-0.12599888833483375
8672,2016,2019,0.7588,10759,8969,IGTI11,2020-03-12,2021-11-22,2022-02-21,-0.09095260890378176,0.09403355993402829,-0.18498616883781005
8672,2019,2020,0.7595,8969,7559,IGTI11,2021-03-11,2021-11-22,2022-02-21,-0.09095260890378176,0.09403355993402829,-0.18498616883781005
9512,2019,2020,0.6716,74579,114397,PETR3,2021-03-22,2021-03-22,2021-06-22,0.2725303292894281,0.11992282755282146,0.15260750173660664
9512,2020,2021,0.7514,114397,131893,PETR3,2022-02-23,2022-02-23,2022-05-27,-0.07001102535832415,-0.0005886207196100779,-0.06942240463871407
9512,2021,2023,0.8578,131893,128764,PETR3,2024-03-25,2024-03-25,2024-06-25,0.04233654876741699,-0.03624065804957588,0.07857720681699287
9512,2023,2024,0.8884,128764,143865,PETR3,2025-02-26,2025-02-26,2025-06-02,-0.20553549939831528,0.09632174605315691,-0.3018572454514722
11312,2015,2016,0.9122,72788,75914,OIBR3,2017-03-22,2017-03-22,2017-06-23,-0.026506024329604916,-0.038320980004515004,0.011814955674910088
11312,2016,2017,0.9435,75914,89670,OIBR3,2018-04-12,2018-04-12,2018-07-13,0.025974025850852733,-0.10356758434488833,0.12954161019574106
11312,2017,2018,0.9185,89670,70354,OIBR3,2019-03-26,2019-03-26,2019-06-26,-0.20441988950276246,0.056468256941108796,-0.26088814644387126
11312,2018,2019,0.9393,70354,79054,OIBR3,2020-03-25,2020-03-25,2020-06-26,1.2115384615384617,0.2518681400194809,0.9596703215189808
11312,2019,2020,0.8078,79054,120020,OIBR3,2021-05-10,2021-05-10,2021-08-09,-0.3371428571428571,0.009108020956281937,-0.346250878099139
11312,2020,2021,0.9433,120020,141081,OIBR3,2022-05-05,2022-05-05,2022-08-03,-0.3421052631578947,-0.014524683205862976,-0.3275805799520317
11312,2021,2022,0.7985,141081,82377,OIBR3,2023-05-22,2023-05-22,2023-08-18,-0.28828828828828823,0.047139578300659846,-0.3354278665889481
11312,2022,2023,0.9042,82377,52961,OIBR3,2024-03-27,2024-03-27,2024-06-27,-0.23235294117647054,-0.02649207905796047,-0.20586086211851007
11312,2023,2024,0.8674,52961,47017,OIBR3,2025-03-26,2025-03-26,2025-06-27,-0.4838709677419355,0.03279634873716453,-0.5166673164791
12653,2015,2016,0.8038,38360,39471,KLBN11,2017-02-09,2017-02-09,2017-05-16,0.043848167092922496,0.05725569611524017,-0.013407529022317677
12653,2016,2017,0.9097,39471,35238,KLBN11,2018-02-01,2018-02-01,2018-05-07,0.17391304361463678,-0.032526021331714006,0.20643906494635078
12653,2017,2018,0.8559,35238,37308,KLBN11,2019-02-07,2019-02-07,2019-05-13,-0.19489795946246458,-0.028378086509495914,-0.16651987295296866
12653,2018,2019,0.8987,37308,44555,KLBN11,2020-02-06,2020-02-06,2020-05-12,0.024182076571617195,-0.3239695286049137,0.3481516051765309
12653,2019,2020,0.896,44555,58426,KLBN11,2021-02-10,2021-02-10,2021-05-14,-0.042022792002783804,0.029091741459241982,-0.07111453346202579
12653,2020,2021,0.8808,58426,63811,KLBN11,2024-06-13,2024-06-13,2024-09-10,0.07579462126598946,0.1233783954556893,-0.047583774189699835
12653,2021,2022,0.862,63811,58999,KLBN11,2023-02-08,2023-02-08,2023-05-15,0.08996359881583826,-0.008388881314841723,0.09835248013067999
12653,2022,2023,0.8743,58999,55472,KLBN11,2024-02-07,2024-02-07,2024-05-10,0.09694302926152365,-0.01808643177101321,0.11502946103253686
12653,2023,2024,0.9047,55472,63229,KLBN11,2025-02-26,2025-02-26,2025-06-02,-0.11067771808108728,0.09632174605315691,-0.2069994641342442
13986,2016,2022,0.6545,34030,140654,SUZB3,2023-02-28,2023-02-28,2023-05-31,-0.062002513615416865,0.032431882268819656,-0.09443439588423652
13986,2022,2023,0.926,140654,143997,SUZB3,2024-02-28,2024-02-28,2024-05-29,-0.14116416869989545,-0.057225042397385906,-0.08393912630250955
13986,2023,2024,0.8916,143997,147381,SUZB3,2025-02-12,2025-02-12,2025-05-19,-0.08245644298775234,0.12265777650640719,-0.20511421949415953
14176,2015,2016,0.868,51370,63195,ELPL4,2017-02-24,2017-02-24,2017-05-31,-0.011173184357541777,-0.05926350955040427,0.04809032519286249
14320,2015,2016,0.8063,26033,19414,USIM5,2017-02-17,2017-02-17,2017-05-24,-0.25688073394495414,-0.06629025444431025,-0.1905904795006439
14320,2016,2017,0.8082,19414,18408,USIM5,2018-02-09,2018-02-09,2018-05-15,-0.07569011576135354,0.052308875173519453,-0.127998990934873
14320,2017,2018,0.6857,18408,15844,USIM5,2019-02-15,2019-02-15,2019-05-21,-0.1031914893617022,-0.031184328349256107,-0.07200716101244609
14320,2018,2019,0.7932,15844,15837,USIM5,2020-02-14,2020-02-14,2020-05-20,-0.48989898989898994,-0.28904570438893973,-0.20085328551005022
14320,2019,2020,0.7069,15837,19241,USIM5,2021-02-12,2021-02-12,2021-05-18,0.4644115574348133,0.02973522616670432,0.434676331268109
14320,2020,2021,0.8234,19241,21606,USIM5,2022-02-11,2022-02-11,2022-05-17,-0.30392788151963934,-0.0421142998273788,-0.26181358169226054
14320,2021,2022,0.7279,21606,21413,USIM5,2023-02-10,2023-02-10,2023-05-17,0.05177111716621252,0.01278406843484814,0.03898704873136438
14320,2022,2023,0.5374,21413,38745,USIM5,2025-01-16,2025-01-16,2025-04-17,0.17148760330578505,0.06941848228560032,0.10206912102018473
14320,2023,2024,0.704,38745,41049,USIM5,2025-02-14,2025-02-14,2025-05-21,-0.10869565217391308,0.07536099094522863,-0.18405664311914172
14443,2015,2016,0.9482,168528,162440,SBSP3,2017-03-27,2017-03-27,2017-06-28,-0.03196202539246906,-0.03561619253724124,0.00365416714477218
14443,2016,2017,0.9269,162440,146834,SBSP3,2018-03-27,2018-03-27,2018-06-27,-0.3636620514797386,-0.15749143429539292,-0.2061706171843457
14443,2017,2019,0.8078,146834,127171,SBSP3,2020-03-27,2020-03-27,2020-06-30,0.4399800352169796,0.29453083654665124,0.14544919867032835
14443,2019,2023,0.776,127171,101950,SBSP3,2024-03-21,2024-03-21,2024-06-21,-0.0494030984963898,-0.05319535010417176,0.00379225160778196
14443,2023,2024,0.5216,101950,14715,SBSP3,2025-03-27,2025-03-27,2025-06-30,0.1453706371851735,0.042853199898609695,0.10251743728656382
16101,2015,2016,0.8983,39784,29384,GFSA3,2017-05-09,2017-05-09,2017-08-07,-0.1385135133003237,0.025076168187566195,-0.16358968148788988
16101,2016,2017,0.8376,29384,27067,GFSA3,2018-03-09,2018-03-09,2018-06-11,0.04873949551263923,-0.1628274911802412,0.21156698669288043
16101,2017,2018,0.7561,27067,20882,GFSA3,2019-04-03,2019-04-03,2019-07-04,-0.18427656825056749,0.0967782492135798,-0.2810548174641473
16101,2018,2020,0.6946,20882,19191,GFSA3,2021-03-16,2021-03-16,2021-06-16,-0.00410677616503452,0.1336684184833412,-0.13777519464837573
16101,2020,2022,0.7405,19191,14610,GFSA3,2023-03-29,2023-03-29,2023-06-30,0.13628899807772665,0.16007541615042054,-0.023786418072693882
16101,2022,2023,0.7173,14610,13006,GFSA3,2024-03-26,2024-03-26,2024-06-26,-0.4750778816199377,-0.033277782603630235,-0.44180009901630746
16101,2023,2024,0.7035,13006,25346,GFSA3,2025-03-27,2025-03-27,2025-06-30,-0.3628048780487805,0.042853199898609695,-0.40565807794739017
16292,2015,2016,0.6946,52374,58216,BRFS3,2017-02-23,2017-02-23,2017-05-30,0.1145320197044335,-0.051868483587426906,0.1664005032918604
16292,2016,2017,0.747,58216,74516,BRFS3,2018-02-22,2018-02-22,2018-05-24,-0.2643641058747579,-0.0757227917396548,-0.1886413141351031
16292,2017,2018,0.5806,74516,71299,BRFS3,2019-02-28,2019-02-28,2019-06-03,0.3417598444336414,0.015024739928659825,0.32673510450498155
16292,2018,2019,0.6389,71299,70684,BRFS3,2020-03-03,2020-03-03,2020-06-03,-0.13384321223709372,-0.11877301915629679,-0.015070193080796934
16292,2019,2020,0.7763,70684,85615,BRFS3,2021-02-25,2021-02-25,2021-05-27,0.11068211068211076,0.10787994551043711,0.002802165171673643
16292,2020,2021,0.7449,85615,66303,BRFS3,2022-02-22,2022-02-22,2022-05-26,-0.24909560723514224,-0.008875046726157243,-0.240220560508985
16292,2021,2022,0.7187,66303,69410,BRFS3,2023-02-28,2023-02-28,2023-05-31,0.319805194805195,0.032431882268819656,0.2873733125363753
16292,2022,2023,0.7871,69410,66086,BRFS3,2024-02-26,2024-02-26,2024-05-27,0.37972876516773724,-0.039452260471008804,0.41918102563874604
16292,2023,2024,0.8337,66086,71344,BRFS3,2025-02-26,2025-02-26,2025-06-02,0.07837980010520762,0.09632174605315691,-0.01794194594794929
16306,2015,2016,0.7867,7200,6935,RSID3,2017-03-23,2017-03-23,2017-06-26,0.018372703412073532,-0.021134634088447624,0.039507337500521156
16306,2016,2017,0.7248,6935,9396,RSID3,2018-03-26,2018-03-26,2018-06-26,-0.3046875,-0.16081342273739174,-0.14387407726260826
16306,2017,2018,0.5677,9396,4142,RSID3,2019-03-27,2019-03-27,2019-06-27,-0.012711864406779738,0.09597653623260949,-0.10868840063938923
17329,2015,2016,0.5765,108677,122365,EGIE3,2017-02-23,2017-02-23,2017-05-30,-0.12068965518842023,-0.051868483587426906,-0.06882117160099332
17329,2016,2017,0.1683,122365,6953,EGIE3,2018-02-22,2018-02-22,2018-05-24,-0.013350785273995358,-0.0757227917396548,0.062372006465659435
17329,2017,2018,0.2445,6953,115252,EGIE3,2019-02-19,2019-02-19,2019-05-23,-0.0647191012047571,-0.038389848775050694,-0.026329252429706407
17329,2018,2019,0.8647,115252,136655,EGIE3,2020-02-20,2020-02-20,2020-05-26,-0.1561677130025727,-0.2541081735846026,0.09794046058202988
17329,2019,2020,0.9054,136655,168084,EGIE3,2021-04-20,2021-04-20,2021-07-21,-0.06004784712344036,0.04886858863492094,-0.1089164357583613
17329,2020,2021,0.9291,168084,181165,EGIE3,2022-02-14,2022-02-14,2022-05-18,0.05651530123953741,-0.0671825673211549,0.12369786856069231
17329,2021,2022,0.8976,181165,208506,EGIE3,2023-11-30,2023-11-30,2024-03-05,-0.06758620689965911,0.00602358637856959,-0.0736097932782287
17329,2022,2023,0.9359,208506,204033,EGIE3,2024-02-27,2024-02-27,2024-05-28,0.04785833936348394,-0.060064301317562685,0.10792264068104662
17450,2016,2017,0.7296,27993,77564,RAIL3,2018-02-27,2018-02-27,2018-05-29,-0.02136752136752129,-0.12496008532308578,0.10359256395556449
17450,2017,2018,0.8493,77564,65883,RAIL3,2019-02-13,2019-02-13,2019-05-17,-0.11332633788037771,-0.061034260410841146,-0.05229207746953657
17450,2018,2020,0.6496,65883,23475,RAIL3,2021-06-01,2021-06-01,2021-08-31,-0.12318501170960194,-0.07395523636039036,-0.04922977534921158
17450,2020,2024,0.6265,23475,17079,RAIL3,2025-02-20,2025-02-20,2025-05-27,0.03299080584099534,0.09357833639941138,-0.060587530558416036
17671,2015,2016,0.88,155028,149774,VIVT3,2017-02-21,2017-02-21,2017-05-26,-0.03251179863660203,-0.07192562940229696,0.039413830765694935
17671,2016,2017,0.8488,149774,156149,VIVT3,2018-02-21,2018-02-21,2018-05-23,-0.05660813308687618,-0.060248929075526925,0.003640795988650747
17671,2017,2018,0.8403,156149,107358,VIVT3,2019-02-20,2019-02-20,2019-05-24,-0.041811041811041894,-0.0302140529356264,-0.011596988875415493
17671,2018,2019,0.794,107358,60991,VIVT3,2020-02-19,2020-02-19,2020-05-25,-0.06940427993059561,-0.26480222730299974,0.19539794737240412
17671,2019,2021,0.6086,60991,33326,VIVT3,2022-02-22,2022-02-22,2022-05-26,0.059518956379942756,-0.008875046726157243,0.0683940031061
17671,2021,2022,0.6809,33326,30232,VIVT3,2023-02-17,2023-02-17,2023-05-24,-0.008419533317296168,-0.0034565913748071386,-0.00496294194248903
17671,2022,2023,0.2831,30232,252,VIVT3,2024-02-20,2024-02-20,2024-05-21,-0.14490836954468167,-0.019278286580471038,-0.12563008296421063
17671,2023,2024,0.0,252,1801,VIVT3,2025-02-25,2025-02-25,2025-05-30,0.07160216862965041,0.08768982255049429,-0.01608765392084388
17892,2015,2016,0.9127,55139,54147,STBP3,2017-02-15,2017-02-15,2017-05-22,-0.05612244897959173,-0.09271108830553565,0.03658863932594392
17892,2016,2017,0.8842,54147,60839,STBP3,2018-06-18,2018-06-18,2018-09-17,0.1470588235294119,0.09989467838663857,0.04716414514277334
17892,2017,2018,0.936,60839,57548,STBP3,2019-02-21,2019-02-21,2019-05-27,-0.1071428571428572,-0.02133469070723304,-0.08580816643562417
17892,2018,2019,0.9071,57548,52455,STBP3,2020-03-05,2020-03-05,2020-06-05,-0.042735042735042694,-0.07430208581947939,0.0315670430844367
17892,2019,2020,0.9364,52455,61121,STBP3,2021-03-08,2021-03-08,2021-06-08,0.7358490566037734,0.17335915462015827,0.5624899019836151
17892,2020,2021,0.9145,61121,65086,STBP3,2022-03-10,2022-03-10,2022-06-09,-0.0014619883040934978,-0.05779728219696223,0.05633529389286873
17892,2021,2022,0.8018,65086,92795,STBP3,2023-11-29,2023-11-29,2024-03-04,0.25956937799043067,0.017238449390816646,0.24233092859961403
17892,2022,2023,0.9128,92795,96524,STBP3,2024-03-20,2024-03-20,2024-06-20,0.11959287531806617,-0.0672134089160078,0.18680628423407397
17892,2023,2024,0.9517,96524,106237,STBP3,2025-02-20,2025-02-20,2025-05-27,0.03574144486691999,0.09357833639941138,-0.057836891532491386
17973,2015,2016,0.8982,31755,35349,COGN3,2017-03-22,2017-03-22,2017-06-23,0.08339768326256314,-0.038320980004515004,0.12171866326707814
17973,2016,2017,0.8891,35349,42188,COGN3,2018-03-16,2018-03-16,2018-06-18,-0.304886441878535,-0.17755183157553478,-0.1273346103030002
17973,2017,2018,0.8849,42188,45077,COGN3,2019-06-21,2019-06-21,2019-09-19,0.03863845407472599,0.022806986587931233,0.01583146748679476
17973,2018,2019,0.5275,45077,53478,COGN3,2020-03-30,2020-03-30,2020-07-01,0.3774703556521739,0.28890501380770606,0.08856534184446785
17973,2019,2020,0.822,53478,55014,COGN3,2021-03-31,2021-03-31,2021-07-01,0.07035175892313328,0.07744304134344682,-0.007091282420313538
17973,2020,2021,0.781,55014,44699,COGN3,2022-03-24,2022-03-24,2022-06-24,-0.04761904761904767,-0.17118985163823386,0.12357080401918619
17973,2021,2022,0.7858,44699,43975,COGN3,2023-09-21,2023-09-21,2023-12-22,0.31818181833333337,0.14299257695442025,0.17518924137891312
17973,2022,2023,0.8559,43975,38967,COGN3,2024-03-20,2024-03-20,2024-06-20,-0.39776951650516157,-0.0672134089160078,-0.33055610758915377
17973,2023,2024,0.83,38967,31549,COGN3,2025-03-12,2025-03-12,2025-06-12,0.674418604145484,0.11251288717015084,0.5619057169753332
18465,2015,2016,0.886,38860,32295,UGPA3,2017-02-22,2017-02-22,2017-05-29,0.10910425844346561,-0.07039862486340853,0.17950288330687414
18465,2016,2017,0.9049,32295,34412,UGPA3,2018-02-21,2018-02-21,2018-05-23,-0.3617265087853323,-0.060248929075526925,-0.3014775797098054
18465,2017,2018,0.8322,34412,50877,UGPA3,2019-02-20,2019-02-20,2019-05-24,-0.2887182300237703,-0.0302140529356264,-0.2585041770881439
18465,2018,2019,0.8761,50877,59884,UGPA3,2020-03-16,2020-03-16,2020-06-17,0.4207221350078494,0.34255877461866646,0.07816336038918292
18465,2019,2020,0.8548,59884,86750,UGPA3,2021-02-25,2021-02-25,2021-05-27,-0.022357723577235866,0.10787994551043711,-0.13023766908767298
18465,2020,2021,0.8982,86750,76556,UGPA3,2022-02-25,2022-02-25,2022-05-31,-0.029709655638082477,-0.015833474306698347,-0.01387618133138413
18465,2021,2022,0.8024,76556,73090,UGPA3,2023-02-15,2023-02-15,2023-05-22,0.3272311212814645,0.005592876067494146,0.32163824521397033
18465,2022,2023,0.9397,73090,72367,UGPA3,2024-02-28,2024-02-28,2024-05-29,-0.2272429600523902,-0.057225042397385906,-0.1700179176550043
18465,2023,2024,0.9183,72367,76196,UGPA3,2025-02-26,2025-02-26,2025-06-02,-0.009858287122612497,0.09632174605315691,-0.1061800331757694
18627,2016,2017,0.9313,88783,120542,SAPR11,2018-02-06,2018-02-06,2018-05-10,0.021124302028827646,0.02344814959441699,-0.002323847565589343
18627,2017,2018,0.9478,120542,132989,SAPR11,2019-02-21,2019-02-21,2019-05-27,-0.1373440747319834,-0.02133469070723304,-0.11600938402475036
18627,2018,2019,0.9366,132989,143652,SAPR11,2020-02-06,2020-02-06,2020-05-12,-0.33563912698125864,-0.3239695286049137,-0.011669598376344958
18627,2019,2020,0.9367,143652,180534,SAPR11,2021-02-11,2021-02-11,2021-05-17,-0.07450628366247758,0.030494930294536093,-0.10500121395701367
18627,2020,2021,0.7041,180534,68473,SAPR11,2022-02-24,2022-02-24,2022-05-30,0.014134275618374659,-0.005016136032132024,0.019150411650506682
18627,2021,2022,0.8257,68473,65689,SAPR11,2023-02-16,2023-02-16,2023-05-23,0.20138488170802082,-0.00011760804340787967,0.2015024897514287
18627,2022,2023,0.8542,65689,74918,SAPR11,2024-02-08,2024-02-08,2024-05-13,0.02010968921389389,-0.0004845694312419768,0.020594258645135866
18627,2023,2024,0.9081,74918,79480,SAPR11,2025-02-20,2025-02-20,2025-05-27,0.19296336597751185,0.09357833639941138,0.09938502957810047
18660,2015,2016,0.8431,66269,50659,CPFE3,2017-03-23,2017-03-23,2017-06-26,0.02967590784849672,-0.021134634088447624,0.05081054193694434
18660,2016,2017,0.9162,50659,51371,CPFE3,2018-03-27,2018-03-27,2018-06-27,-0.11311475409836058,-0.15749143429539292,0.04437668019703234
18660,2017,2018,0.9313,51371,56319,CPFE3,2019-03-28,2019-03-28,2019-06-28,-0.010406504065040623,0.06969312294427721,-0.08009962700931783
18660,2018,2019,0.8826,56319,34200,CPFE3,2020-03-09,2020-03-09,2020-06-09,-0.016176470588235237,0.1240815316403927,-0.14025800222862794
18660,2019,2020,0.8774,34200,43984,CPFE3,2021-03-31,2021-03-31,2021-07-01,-0.12689020381328087,0.07744304134344682,-0.20433324515672768
18660,2020,2021,0.9162,43984,56283,CPFE3,2022-03-17,2022-03-17,2022-06-17,0.04440944881889752,-0.11718977791373308,0.1615992267326306
18660,2021,2022,0.9318,56283,99458,CPFE3,2023-03-16,2023-03-16,2023-06-19,0.012416427889207382,0.15877753163204655,-0.14636110374283917
18660,2022,2023,0.9462,99458,85709,CPFE3,2024-03-21,2024-03-21,2024-06-21,-0.05172914850334187,-0.05319535010417176,0.0014662016008298862
18660,2023,2024,0.9357,85709,88471,CPFE3,2025-02-26,2025-02-26,2025-06-02,0.1449803701626473,0.09632174605315691,0.0486586241094904
18724,2015,2016,0.9103,17727,20018,BRAP4,2017-03-21,2017-03-21,2017-06-22,-0.10210930006769947,-0.027122101696131717,-0.07498719837156775
18724,2016,2017,0.9174,20018,18147,BRAP4,2018-03-21,2018-03-21,2018-06-21,-0.14165890022867544,-0.17536229683963556,0.03370339661096011
18724,2017,2019,0.8537,18147,12563,BRAP4,2020-03-26,2020-03-26,2020-06-29,0.2791270676563302,0.23196202376898833,0.047165043887341884
18724,2019,2020,0.9061,12563,14125,BRAP4,2021-03-25,2021-03-25,2021-06-25,0.18140662910309757,0.1187316208629634,0.06267500824013417
18724,2020,2021,0.93,14125,13030,BRAP4,2022-03-29,2022-03-29,2022-06-29,-0.20139732685297695,-0.16991818549426285,-0.0314791413587141
18724,2021,2022,0.966,13030,11349,BRAP4,2023-03-27,2023-03-27,2023-06-28,-0.13924542979385457,0.1706709118558385,-0.30991634164969306
18724,2022,2023,0.9319,11349,12052,BRAP4,2024-03-27,2024-03-27,2024-06-27,-0.10534051935325817,-0.02649207905796047,-0.0788484402952977
18724,2023,2024,0.9122,12052,11290,BRAP4,2025-03-25,2025-03-25,2025-06-26,-0.14782129067843353,0.03820919408827406,-0.18603048476670758
18821,2015,2016,0.9149,30428,33079,MOTV3,2017-03-06,2017-03-06,2017-06-06,-0.08944444444444444,-0.05104929247014334,-0.0383951519743011
18821,2016,2017,0.8893,33079,34870,MOTV3,2018-02-27,2018-02-27,2018-05-29,-0.2137285491419657,-0.12496008532308578,-0.08876846381887993
18821,2017,2018,0.9068,34870,36579,MOTV3,2019-03-21,2019-03-21,2019-06-21,0.18048780487804872,0.05462183657696329,0.12586596830108543
18821,2018,2019,0.8996,36579,44298,MOTV3,2020-03-05,2020-03-05,2020-06-05,-0.04885993485342022,-0.07430208581947939,0.025442150966059174
18821,2019,2020,0.9084,44298,57010,MOTV3,2021-03-04,2021-03-04,2021-06-04,0.17712811693895092,0.1547216585084572,0.022406458430493714
18821,2020,2021,0.8921,57010,68656,MOTV3,2022-02-24,2022-02-24,2022-05-30,0.048348106365833976,-0.005016136032132024,0.053364242397966
18821,2021,2022,0.9166,68656,70252,MOTV3,2023-02-15,2023-02-15,2023-05-22,0.23381294964028787,0.005592876067494146,0.22822007357279372
18821,2022,2023,0.9459,70252,72074,MOTV3,2024-02-08,2024-02-08,2024-05-13,-0.05642167780252416,-0.0004845694312419768,-0.055937108371282185
18821,2023,2024,0.945,72074,74926,MOTV3,2025-02-06,2025-02-06,2025-05-13,0.19162210338680907,0.10091817182590335,0.09070393156090573
19445,2015,2016,0.321,4308,162910,CSMG3,2017-03-09,2017-03-09,2017-06-09,-0.1785559876783398,-0.036768004077712635,-0.14178798360062717
19445,2016,2017,0.4525,162910,67860,CSMG3,2018-02-23,2018-02-23,2018-05-25,-0.02732362777767605,-0.09617674862337566,0.06885312084569961
19445,2017,2019,0.8933,67860,74451,CSMG3,2020-03-19,2020-03-19,2020-06-22,0.6395379362983622,0.39519169698442025,0.24434623931394195
19445,2019,2021,0.8622,74451,126748,CSMG3,2022-06-13,2022-06-13,2022-09-12,0.15802469135802477,0.10534660556356856,0.05267808579445621
19445,2021,2022,0.9291,126748,159408,CSMG3,2023-03-21,2023-03-21,2023-06-22,0.3339882121807467,0.17758813950317687,0.15640007267756983
19445,2022,2024,0.9257,159408,140264,CSMG3,2025-03-24,2025-03-24,2025-06-25,0.17079419299743814,0.0338547155742428,0.13693947742319534
19453,2015,2016,0.8604,32776,28740,ECOR3,2017-02-20,2017-02-20,2017-05-25,-0.0052798310454066355,-0.07742373512501888,0.07214390407961224
19453,2016,2017,0.887,28740,25964,ECOR3,2018-02-28,2018-02-28,2018-05-30,-0.2139303482587065,-0.10075698046209891,-0.11317336779660758
19453,2017,2018,0.87,25964,32981,ECOR3,2019-03-14,2019-03-14,2019-06-13,-0.013526570048309039,0.001714219012142193,-0.015240789060451232
19453,2018,2019,0.8598,32981,38273,ECOR3,2020-02-18,2020-02-18,2020-05-22,-0.30675203725261935,-0.28530927409149454,-0.02144276316112481
19453,2019,2020,0.8521,38273,45968,ECOR3,2021-03-10,2021-03-10,2021-06-10,0.25164319248826295,0.15339792894777982,0.09824526354048313
19453,2020,2021,0.8703,45968,28545,ECOR3,2022-03-25,2022-03-25,2022-06-27,-0.23350253807106602,-0.15382395178816322,-0.07967858628290281
19453,2021,2022,0.8827,28545,37156,ECOR3,2023-03-16,2023-03-16,2023-06-19,0.48945147679324874,0.15877753163204655,0.3306739451612022
19453,2022,2023,0.8728,37156,45365,ECOR3,2024-03-13,2024-03-13,2024-06-13,-0.34497354497354493,-0.06592282161663454,-0.2790507233569104
19453,2023,2024,0.9075,45365,49330,ECOR3,2025-03-18,2025-03-18,2025-06-18,0.413793103448276,0.055082143922257965,0.35871095952601806
19550,2015,2016,0.7061,41703,103103,NATU3,2017-02-22,2017-02-22,2017-05-29,0.24103139013452912,-0.07039862486340853,0.31143001499793765
19550,2016,2017,0.7806,103103,88362,NATU3,2018-03-14,2018-03-14,2018-06-14,-0.006437768240343478,-0.1700127459356643,0.1635749776953208
19550,2017,2018,0.8917,88362,82854,NATU3,2019-02-28,2019-02-28,2019-06-03,0.19160810252170335,0.015024739928659825,0.17658336259304352
19550,2018,2019,0.5784,82854,7793,NATU3,2020-03-05,2020-03-05,2020-06-05,-0.026833183897434942,-0.07430208581947939,0.04746890192204445
19550,2019,2020,0.8267,7793,9039,NATU3,2021-03-31,2021-03-31,2021-07-01,0.188616535105941,0.07744304134344682,0.11117349376249419
19550,2020,2021,0.8625,9039,10289,NATU3,2022-03-29,2022-03-29,2022-06-29,-0.4951851851851852,-0.16991818549426285,-0.3252669996909223
19550,2021,2022,0.8638,10289,9421,NATU3,2023-03-16,2023-03-16,2023-06-19,0.1859778597785977,0.15877753163204655,0.027200328146551156
19550,2022,2024,0.7503,9421,7672,NATU3,2025-03-13,2025-03-13,2025-06-13,-0.2448377581120944,0.09213456119772268,-0.3369723193098171
19739,2021,2022,0.7386,69876,72130,RENT3,2023-03-28,2023-03-28,2023-06-29,0.27914086677904915,0.1699614043926827,0.10917946238636644
19739,2022,2023,0.9174,72130,71603,RENT3,2024-03-12,2024-03-12,2024-06-12,-0.2347014925891333,-0.06056200214556773,-0.17413949044356558
19739,2023,2024,0.9416,71603,75129,RENT3,2025-02-27,2025-02-27,2025-06-03,0.5623188405797102,0.10214267811206112,0.46017616246764903
19836,2015,2016,0.884,39047,33793,CSAN3,2017-02-16,2017-02-16,2017-05-23,-0.15966981132075464,-0.07596870509792641,-0.08370110622282823
19836,2016,2017,0.8368,33793,93932,CSAN3,2018-03-26,2018-03-26,2018-06-26,-0.15627206401506233,-0.16081342273739174,0.004541358722329414
19836,2017,2018,0.9616,93932,103921,CSAN3,2019-02-14,2019-02-14,2019-05-20,0.03864168618266972,-0.0619180169094371,0.10055970309210682
19836,2018,2019,0.9659,103921,101099,CSAN3,2020-02-14,2020-02-14,2020-05-20,-0.23325272067714642,-0.28904570438893973,0.05579298371179331
19836,2019,2020,0.624,101099,41400,CSAN3,2021-02-11,2021-02-11,2021-05-17,0.05138888888888893,0.030494930294536093,0.020893958594352835
19836,2020,2021,0.8335,41400,28761,CSAN3,2022-02-24,2022-02-24,2022-05-30,0.05070697220867859,-0.005016136032132024,0.055723108240810615
19836,2021,2022,0.8852,28761,30374,CSAN3,2023-02-28,2023-02-28,2023-05-31,0.001335113484646211,0.032431882268819656,-0.031096768784173445
19836,2022,2023,0.8322,30374,21683,CSAN3,2024-05-29,2024-05-29,2024-08-27,0.00867052023121384,0.1146519587101924,-0.10598143847897856
19836,2023,2024,0.8449,21683,22296,CSAN3,2025-03-10,2025-03-10,2025-06-10,0.1650211565585331,0.09570148839481862,0.06931966816371449
19879,2015,2016,0.8958,36945,48065,LIGT3,2017-03-23,2017-03-23,2017-06-26,0.11203931203931194,-0.021134634088447624,0.13317394612775957
19879,2016,2017,0.9226,48065,52340,LIGT3,2018-03-28,2018-03-28,2018-06-28,-0.1359879789631856,-0.14435452266390125,0.008366543700715656
19879,2017,2018,0.8982,52340,50826,LIGT3,2019-03-28,2019-03-28,2019-06-28,-0.04999999999999993,0.06969312294427721,-0.11969312294427714
19879,2018,2019,0.8997,50826,61883,LIGT3,2020-03-12,2020-03-12,2020-06-15,0.1394160583941606,0.2726963361569237,-0.13328027776276308
19879,2019,2020,0.9062,61883,54255,LIGT3,2021-03-19,2021-03-19,2021-06-21,-0.17530088958660384,0.112228555144406,-0.28752944473100983
19879,2020,2021,0.9195,54255,51452,LIGT3,2022-03-24,2022-03-24,2022-06-24,-0.25413826679649465,-0.17118985163823386,-0.08294841515826079
19879,2021,2022,0.8843,51452,38400,LIGT3,2023-03-28,2023-03-28,2023-06-29,3.1931330472103,0.1699614043926827,3.0231716428176174
19879,2022,2023,0.8875,38400,46044,LIGT3,2024-03-25,2024-03-25,2024-06-25,-0.013513513513513375,-0.03624065804957588,0.022727144536062505
19879,2023,2024,0.8722,46044,52349,LIGT3,2025-03-28,2025-03-28,2025-07-01,0.5428571428571429,0.057976676352127,0.48488046650501593
19909,2015,2016,0.4609,10047,11783,BRML3,2017-03-15,2017-03-15,2017-06-16,-0.07415254204092836,-0.06957769078769371,-0.004574851253234646
19909,2016,2017,0.6133,11783,6944,BRML3,2018-03-16,2018-03-16,2018-06-18,-0.19056099732858423,-0.17755183157553478,-0.013009165753049445
19909,2017,2018,0.5466,6944,14707,BRML3,2019-03-29,2019-03-29,2019-07-01,0.12330946698488465,0.06209901948916596,0.06121044749571869
19909,2018,2019,0.371,14707,126529,BRML3,2020-03-12,2020-03-12,2020-06-15,-0.07079646017699126,0.2726963361569237,-0.34349279633391494
19909,2019,2020,0.9211,126529,159034,BRML3,2021-04-09,2021-04-09,2021-07-12,0.03319919517102621,0.0843370309654381,-0.05113783579441189
19909,2020,2021,0.5822,159034,18616,BRML3,2022-03-18,2022-03-18,2022-06-20,-0.11471610660486686,-0.13405704629336468,0.019340939688497816
19992,2015,2016,0.8406,20094,25491,TOTS3,2017-02-22,2017-02-22,2017-05-29,0.200000000048,-0.07039862486340853,0.27039862491140854
19992,2016,2017,0.8095,25491,23166,TOTS3,2018-02-07,2018-02-07,2018-05-11,0.027946128282828164,0.029643553635621434,-0.0016974253527932692
19992,2017,2018,0.7402,23166,26380,TOTS3,2019-02-13,2019-02-13,2019-05-17,0.2106918235849058,-0.061034260410841146,0.27172608399574694
19992,2018,2019,0.6904,26380,27963,TOTS3,2020-02-12,2020-02-12,2020-05-18,-0.2676020407229084,-0.30409328205660047,0.03649124133369208
19992,2019,2020,0.7352,27963,37127,TOTS3,2022-02-16,2022-02-16,2022-05-20,-0.11625615763546793,-0.058109175171762284,-0.05814698246370564
19992,2020,2021,0.632,37127,53148,TOTS3,2022-02-16,2022-02-16,2022-05-20,-0.11625615763546793,-0.058109175171762284,-0.05814698246370564
19992,2021,2022,0.8499,53148,51084,TOTS3,2023-02-14,2023-02-14,2023-05-19,-0.03116621983914203,0.02684962402459523,-0.05801584386373726
19992,2022,2023,0.8645,51084,49534,TOTS3,2024-02-07,2024-02-07,2024-05-10,-0.14764079147640796,-0.01808643177101321,-0.12955435970539475
19992,2023,2024,0.7537,49534,42361,TOTS3,2025-02-12,2025-02-12,2025-05-19,0.2735249621785176,0.12265777650640719,0.15086718567211044
20010,2015,2016,0.7519,35806,38109,EQTL3,2017-09-23,2017-09-25,2017-12-28,0.07481990882169032,0.02630989308936127,0.04851001573232905
20010,2016,2017,0.7477,38109,37304,EQTL3,2018-03-09,2018-03-09,2018-06-11,-0.199023709980216,-0.1628274911802412,-0.03619621879997481
20010,2017,2018,0.8382,37304,33152,EQTL3,2019-04-12,2019-04-12,2019-07-16,0.20632702334256936,0.11736635262449524,0.08896067071807412
20010,2018,2019,0.5914,33152,52219,EQTL3,2020-05-23,2020-05-25,2020-08-21,0.20205128203537615,0.18511762538715448,0.016933656648221662
20010,2019,2020,0.9262,52219,49002,EQTL3,2021-03-24,2021-03-24,2021-06-24,0.2098001903636293,0.15570924128394625,0.05409094907968304
20010,2020,2021,0.9407,49002,59730,EQTL3,2022-03-31,2022-03-31,2022-07-01,-0.1510474091343298,-0.1753788753477835,0.024331466213453723
20010,2021,2022,0.8579,59730,48030,EQTL3,2023-03-29,2023-03-29,2023-06-30,0.2107886397846599,0.16007541615042054,0.05071322363423936
20010,2022,2023,0.9398,48030,50012,EQTL3,2024-03-25,2024-03-25,2024-06-25,-0.12060014658969387,-0.03624065804957588,-0.08435948854011799
20010,2023,2024,0.9426,50012,54784,EQTL3,2025-04-01,2025-04-01,2025-07-03,0.11883338504498941,0.0745769889717125,0.044256396073276916
20087,2015,2016,0.9527,65992,61741,EMBJ3,2017-03-09,2017-03-09,2017-06-09,-0.18769551616266944,-0.036768004077712635,-0.1509275120849568
20087,2016,2017,0.9634,61741,66772,EMBJ3,2018-03-08,2018-03-08,2018-06-08,0.09060240963855426,-0.14170259768209792,0.23230500732065218
20087,2017,2018,0.9619,66772,78964,EMBJ3,2019-03-14,2019-03-14,2019-06-13,0.012240553485896699,0.001714219012142193,0.010526334473754506
20087,2018,2019,0.9538,78964,91226,EMBJ3,2020-03-26,2020-03-26,2020-06-29,-0.16880552813425476,0.23196202376898833,-0.4007675519032431
20087,2019,2020,0.9473,91226,101068,EMBJ3,2021-03-19,2021-03-19,2021-06-21,0.4024810475534115,0.112228555144406,0.2902524924090055
20087,2020,2021,0.9472,101068,112552,EMBJ3,2022-03-09,2022-03-09,2022-06-08,-0.20995145631067968,-0.048574657459319215,-0.16137679885136047
20087,2021,2022,0.9561,112552,129294,EMBJ3,2023-03-10,2023-03-10,2023-06-13,0.056842105263157805,0.12666220799048822,-0.06982010272733041
20087,2022,2023,0.9436,129294,132915,EMBJ3,2024-03-18,2024-03-18,2024-06-18,0.24198447519406008,-0.05768805721875392,0.299672532412814
20087,2023,2024,0.9604,132915,154391,EMBJ3,2025-02-27,2025-02-27,2025-06-03,-0.05936139332365753,0.10214267811206112,-0.16150407143571865
20257,2015,2017,0.7988,45891,38768,TAEE11,2018-05-17,2018-05-17,2018-08-16,0.09747102212855618,-0.08135698820704362,0.1788280103355998
20257,2017,2018,0.8766,38768,39770,TAEE11,2019-04-11,2019-04-11,2019-07-15,0.10790513833992099,0.09548866705292713,0.012416471286993858
20257,2018,2019,0.8679,39770,41612,TAEE11,2020-03-12,2020-03-12,2020-06-15,0.01501608866642834,0.2726963361569237,-0.25768024749049534
20257,2019,2020,0.8333,41612,40554,TAEE11,2021-03-03,2021-03-03,2021-06-02,0.28552845528455295,0.1656488189167591,0.11987963636779386
20257,2020,2021,0.8196,40554,53037,TAEE11,2022-02-18,2022-02-18,2022-05-24,0.11007957559681691,-0.02036731976521955,0.13044689536203646
20257,2021,2022,0.9063,53037,52033,TAEE11,2023-03-15,2023-03-15,2023-06-16,0.0037583892617449877,0.15663890443139028,-0.1528805151696453
20257,2022,2023,0.8783,52033,55334,TAEE11,2024-03-06,2024-03-06,2024-06-06,-0.018192318798729512,-0.0464847490767919,0.028292430278062386
20257,2023,2024,0.8801,55334,50955,TAEE11,2025-03-18,2025-03-18,2025-06-18,-0.0034924330616995514,0.055082143922257965,-0.058574576983957516
20362,2015,2016,0.69,18133,18913,POSI3,2017-03-16,2017-03-16,2017-06-19,-0.26097560975609757,-0.057291832141660115,-0.20368377761443746
20362,2016,2017,0.6791,18913,16756,POSI3,2018-03-14,2018-03-14,2018-06-14,-0.393048128342246,-0.1700127459356643,-0.22303538240658172
20362,2017,2018,0.5583,16756,12489,POSI3,2019-03-27,2019-03-27,2019-06-27,0.14798206278026904,0.09597653623260949,0.05200552654765955
20362,2018,2019,0.534,12489,12916,POSI3,2020-03-04,2020-03-04,2020-06-04,-0.22388059701492535,-0.12493065931011837,-0.09894993770480698
20362,2019,2020,0.4125,12916,14873,POSI3,2021-03-17,2021-03-17,2021-06-17,1.2474048442906573,0.09873732555042736,1.14866751874023
20362,2020,2021,0.4474,14873,20902,POSI3,2022-03-30,2022-03-30,2022-06-30,-0.39739413680781766,-0.18059083104772533,-0.21680330576009232
20362,2021,2022,0.5762,20902,31859,POSI3,2023-03-21,2023-03-21,2023-06-22,0.43247344461305004,0.17758813950317687,0.2548853051098732
20362,2022,2023,0.6274,31859,27856,POSI3,2024-03-21,2024-03-21,2024-06-21,-0.019495412844036664,-0.05319535010417176,0.03369993726013509
20362,2023,2024,0.5953,27856,27002,POSI3,2025-03-19,2025-03-19,2025-06-20,-0.2029795158286778,0.03477046180828447,-0.23774997763696226
20516,2015,2016,0.9158,51644,38950,SMTO3,2016-06-06,2016-06-06,2016-09-01,-0.04767288468061048,0.15475295349362894,-0.20242583817423943
20516,2016,2017,0.9269,38950,54479,SMTO3,2017-06-26,2017-06-26,2017-09-22,0.14681789540012602,0.212285985950043,-0.06546809054991698
20516,2017,2018,0.9457,54479,49403,SMTO3,2018-06-25,2018-06-25,2018-09-24,0.05437219730941689,0.09909676790132949,-0.044724570591912594
20516,2018,2019,0.9333,49403,55192,SMTO3,2019-06-24,2019-06-24,2019-09-20,-0.0491400491400491,0.02699429662078945,-0.07613434576083855
20516,2019,2020,0.9029,55192,53196,SMTO3,2020-06-29,2020-06-29,2020-09-25,0.11261261261261257,0.013203377853635123,0.09940923475897745
20516,2020,2021,0.9369,53196,55255,SMTO3,2021-06-21,2021-06-21,2021-09-20,-0.17756020111140514,-0.15797954836329964,-0.019580652748105498
20516,2021,2022,0.9294,55255,56128,SMTO3,2022-06-20,2022-06-20,2022-09-16,-0.3496070492974518,0.09441610324491068,-0.44402315254236246
20516,2022,2023,0.9204,56128,52481,SMTO3,2023-06-19,2023-06-19,2023-09-15,0.08049040511727057,-0.009179464058063469,0.08966986917533404
20516,2023,2024,0.9471,52481,59551,SMTO3,2024-06-17,2024-06-17,2024-09-12,-0.17110754414125195,0.12499443921520825,-0.2961019833564602
20524,2023,2024,0.5816,4936,5023,EVEN3,2025-03-27,2025-03-27,2025-06-30,0.12180451127819536,0.042853199898609695,0.07895131137958566
20745,2018,2019,0.8634,85476,97670,SLCE3,2020-03-26,2020-03-26,2020-06-29,0.05700179534052774,0.23196202376898833,-0.1749602284284606
20745,2019,2021,0.8614,97670,123967,SLCE3,2022-03-15,2022-03-15,2022-06-14,0.007775119242142248,-0.06329014595358085,0.07106526519572309
20745,2021,2022,0.837,123967,113549,SLCE3,2023-03-31,2023-03-31,2023-07-04,-0.057315200932850696,0.16876520137963258,-0.22608040231248328
20745,2022,2023,0.9321,113549,120207,SLCE3,2024-04-12,2024-04-12,2024-07-12,0.03297297345485761,0.023429786506274253,0.00954318694858336
20745,2023,2024,0.7678,120207,147863,SLCE3,2025-03-25,2025-03-25,2025-06-26,-0.027687296218991797,0.03820919408827406,-0.06589649030726585
20770,2015,2017,0.3614,8315,6722,EZTC3,2018-03-16,2018-03-16,2018-06-18,-0.33823529417478726,-0.17755183157553478,-0.16068346259925248
20770,2017,2022,0.3403,6722,6019,EZTC3,2023-09-18,2023-09-18,2023-12-19,-0.13244116258363936,0.11465800353222,-0.24709916611585936
20770,2022,2023,0.5676,6019,6502,EZTC3,2024-03-18,2024-03-18,2024-06-18,-0.22296072487358576,-0.05768805721875392,-0.16527266765483184
20788,2015,2016,0.8147,41953,48103,MBRF3,2017-02-23,2017-02-23,2017-05-30,0.032733224222585955,-0.051868483587426906,0.08460170781001286
20788,2016,2017,0.8816,48103,61293,MBRF3,2018-03-27,2018-03-27,2018-06-27,0.4227353463587922,-0.15749143429539292,0.5802267806541851
20788,2017,2018,0.6984,61293,54605,MBRF3,2019-02-27,2019-02-27,2019-05-31,0.26951672862453524,-0.002846548733080656,0.2723632773576159
20788,2018,2019,0.877,54605,59803,MBRF3,2020-02-19,2020-02-19,2020-05-25,-0.10545454545454547,-0.26480222730299974,0.15934768184845427
20788,2019,2020,0.8667,59803,53319,MBRF3,2021-04-08,2021-04-08,2021-07-08,0.043022614451185826,0.060133089089022596,-0.01711047463783677
20788,2020,2021,0.9079,53319,60371,MBRF3,2022-03-08,2022-03-08,2022-06-07,-0.288655077767612,-0.010194737663264952,-0.27846034010434706
20788,2021,2022,0.925,60371,59565,MBRF3,2023-03-01,2023-03-01,2023-06-01,0.0121765601217656,0.05920399997432568,-0.04702743985256008
20788,2022,2023,0.9406,59565,57154,MBRF3,2024-03-27,2024-03-27,2024-06-27,0.33150984682713336,-0.02649207905796047,0.35800192588509383
20788,2023,2024,0.9392,57154,59423,MBRF3,2025-02-26,2025-02-26,2025-06-02,0.8219669777458722,0.09632174605315691,0.7256452316927153
20915,2015,2016,0.6909,22403,36039,MRVE3,2017-03-13,2017-03-13,2017-06-13,-0.14,-0.05654001034572742,-0.08345998965427259
20915,2016,2017,0.7667,36039,38207,MRVE3,2018-03-08,2018-03-08,2018-06-08,-0.17938420348058892,-0.14170259768209792,-0.037681605798491
20915,2017,2018,0.6743,38207,30012,MRVE3,2019-02-28,2019-02-28,2019-06-03,0.2178072111846947,0.015024739928659825,0.20278247125603488
20915,2018,2019,0.5252,30012,25454,MRVE3,2020-03-02,2020-03-02,2020-06-02,-0.13819875776397528,-0.14610983874386396,0.007911080979888685
20915,2019,2020,0.7282,25454,30164,MRVE3,2021-03-04,2021-03-04,2021-06-04,0.08083832335329344,0.1547216585084572,-0.07388333515516377
20915,2020,2021,0.8265,30164,30104,MRVE3,2023-07-06,2023-07-06,2023-10-04,-0.2706883217324053,-0.03251630605565903,-0.23817201567674628
20915,2021,2022,0.596,30104,14874,MRVE3,2023-07-06,2023-07-06,2023-10-04,-0.2706883217324053,-0.03251630605565903,-0.23817201567674628
20915,2022,2023,0.7738,14874,12703,MRVE3,2024-02-29,2024-02-29,2024-05-31,-0.09186351706036744,-0.053650045938607116,-0.03821347112176032
20915,2023,2024,0.8709,12703,14950,MRVE3,2025-02-24,2025-02-24,2025-05-29,-0.01121495327102795,0.10472229252979526,-0.11593724580082321
20982,2015,2016,0.8641,9712,9780,MULT3,2017-03-09,2017-03-09,2017-06-09,0.021954236085343304,-0.036768004077712635,0.05872224016305594
20982,2016,2017,0.8581,9780,9297,MULT3,2018-02-28,2018-02-28,2018-05-30,-0.1642450141025641,-0.10075698046209891,-0.06348803364046518
20982,2017,2018,0.8957,9297,8082,MULT3,2019-02-21,2019-02-21,2019-05-27,-0.0680080482897385,-0.02133469070723304,-0.04667335758250546
20982,2018,2019,0.7879,8082,10361,MULT3,2020-02-17,2020-02-17,2020-05-21,-0.3463855421686748,-0.2799606449100722,-0.06642489725860257
20982,2019,2020,0.4236,10361,353263,MULT3,2021-02-11,2021-02-11,2021-05-17,0.15222482435597184,0.030494930294536093,0.12172989406143575
20982,2020,2021,0.491,353263,12251,MULT3,2022-02-10,2022-02-10,2022-05-16,0.20615671641791034,-0.045295325117535645,0.251452041535446
20982,2021,2022,0.8852,12251,12513,MULT3,2023-02-09,2023-02-09,2023-05-16,0.14310419368785143,0.0017186681918615054,0.14138552549598993
20982,2022,2023,0.9153,12513,12143,MULT3,2024-02-08,2024-02-08,2024-05-13,-0.1313761467889908,-0.0004845694312419768,-0.1308915773577488
20990,2015,2016,0.8647,68155,60601,AMER3,2017-02-20,2017-02-20,2017-05-25,0.047129766170810994,-0.07742373512501888,0.12455350129582987
20990,2016,2017,0.8766,60601,67102,AMER3,2018-03-07,2018-03-07,2018-06-07,-0.07926341065987974,-0.1360738995982268,0.05681048893834706
20990,2017,2018,0.8376,67102,74164,AMER3,2019-03-20,2019-03-20,2019-06-19,-0.31563126252177065,0.023072199011498817,-0.33870346153326947
20990,2018,2019,0.849,74164,70868,AMER3,2020-02-21,2020-02-21,2020-05-27,0.2919186366381461,-0.22637960123643797,0.5182982378745841
20990,2019,2020,0.82,70868,77901,AMER3,2021-03-04,2021-03-04,2021-06-04,-0.13832351365827522,0.1547216585084572,-0.2930451721667324
20990,2020,2021,0.6568,77901,67749,AMER3,2022-02-24,2022-02-24,2022-05-30,-0.3145695364238411,-0.005016136032132024,-0.3095534003917091
20990,2021,2022,0.4178,67749,44477,AMER3,2023-11-16,2023-11-16,2024-02-20,-0.3058823529411765,0.04233714839724634,-0.34821950133842283
20990,2022,2023,0.4114,44477,18373,AMER3,2024-08-14,2024-08-14,2024-11-11,-0.8948484848484848,-0.04083450009548628,-0.8540139847529985
20990,2023,2024,0.6432,18373,27414,AMER3,2025-03-26,2025-03-26,2025-06-27,-0.34475138121546967,0.03279634873716453,-0.3775477299526342
21016,2015,2016,0.9467,77425,78786,YDUQ3,2017-03-16,2017-03-16,2017-06-19,0.06712672521957352,-0.057291832141660115,0.12441855736123364
21016,2016,2017,0.9403,78786,65395,YDUQ3,2018-03-15,2018-03-15,2018-06-15,-0.2979041916167665,-0.16685235292870926,-0.13105183868805725
21016,2017,2018,0.9,65395,47882,YDUQ3,2019-03-14,2019-03-14,2019-06-13,0.07913669064748197,0.001714219012142193,0.07742247163533977
21016,2018,2019,0.7976,47882,45103,YDUQ3,2020-03-23,2020-03-23,2020-06-24,0.672857142857143,0.4846299222804855,0.18822722057665753
21016,2019,2020,0.7144,45103,51443,YDUQ3,2021-03-17,2021-03-17,2021-06-17,0.20865317515701332,0.09873732555042736,0.10991584960658596
21016,2020,2021,0.8179,51443,51590,YDUQ3,2022-03-15,2022-03-15,2022-06-14,-0.26473799126637554,-0.06329014595358085,-0.2014478453127947
21016,2021,2022,0.8224,51590,43247,YDUQ3,2023-03-15,2023-03-15,2023-06-16,1.5285326086956519,0.15663890443139028,1.3718937042642616
21016,2022,2023,0.8613,43247,37075,YDUQ3,2024-03-14,2024-03-14,2024-06-14,-0.47100424328147095,-0.06286781961026378,-0.40813642367120717
21016,2023,2024,0.8119,37075,27871,YDUQ3,2025-04-24,2025-04-24,2025-07-24,-0.11983750846310082,-0.005742588279737282,-0.11409492018336354
21091,2015,2016,0.6239,23967,12880,DXCO3,2017-02-08,2017-02-08,2017-05-15,0.09638554214506856,0.05612350660287446,0.0402620355421941
21091,2016,2017,0.6589,12880,24589,DXCO3,2018-02-05,2018-02-05,2018-05-09,0.034136546163700876,0.02937170760858443,0.004764838555116446
21091,2017,2018,0.624,24589,31337,DXCO3,2019-02-13,2019-02-13,2019-05-17,-0.28314238948307735,-0.061034260410841146,-0.2221081290722362
21091,2018,2019,0.7771,31337,33466,DXCO3,2020-02-12,2020-02-12,2020-05-18,-0.44951338209591873,-0.30409328205660047,-0.14542010003931827
21091,2019,2020,0.7464,33466,46361,DXCO3,2021-02-08,2021-02-08,2021-05-12,-0.03517823646334073,0.00011420564501718466,-0.03529244210835791
21091,2020,2021,0.7843,46361,79080,DXCO3,2022-02-09,2022-02-09,2022-05-13,-0.13156002911317866,-0.049236542425805,-0.08232348668737366
21091,2021,2022,0.8094,79080,57575,DXCO3,2023-03-08,2023-03-08,2023-06-09,0.3395061727733577,0.0983586307981803,0.2411475419751774
21091,2022,2023,0.9155,57575,59532,DXCO3,2024-03-06,2024-03-06,2024-06-06,-0.10986267156493834,-0.0464847490767919,-0.06337792248814644
21091,2023,2024,0.7048,59532,39384,DXCO3,2025-03-12,2025-03-12,2025-06-12,-0.008944543999231835,0.11251288717015084,-0.12145743116938268
21237,2020,2021,0.854,69044,109849,ENEV3,2022-03-21,2022-03-21,2022-06-21,0.10903659447348768,-0.14179412546372494,0.2508307199372126
21237,2021,2022,0.8609,109849,68956,ENEV3,2023-03-24,2023-03-24,2023-06-27,0.1148007590132829,0.18915044095742073,-0.07434968194413782
21237,2022,2023,0.8673,68956,144444,ENEV3,2024-03-14,2024-03-14,2024-06-14,-0.015748031496062964,-0.06286781961026378,0.04711978811420081
21237,2023,2024,0.9252,144444,180557,ENEV3,2025-03-20,2025-03-20,2025-06-23,0.09069400630914837,0.034827050757493705,0.05586695555165466
21350,2022,2023,0.8387,24143,36017,DIRR3,2024-03-11,2024-03-11,2024-06-11,0.041029766691833114,-0.03558811692280173,0.07661788361463484
21350,2023,2024,0.8735,36017,29274,DIRR3,2025-03-10,2025-03-10,2025-06-10,0.35911052152642253,0.09570148839481862,0.2634090331316039
21431,2015,2016,0.7902,28562,30513,HYPE3,2017-02-17,2017-02-17,2017-05-24,0.10091743119266061,-0.06629025444431025,0.16720768563697086
21431,2016,2017,0.4641,30513,30818,HYPE3,2018-02-23,2018-02-23,2018-05-25,-0.24242424242424243,-0.09617674862337566,-0.14624749380086677
21431,2017,2018,0.773,30818,29788,HYPE3,2019-02-21,2019-02-21,2019-05-27,0.03771626297577857,-0.02133469070723304,0.05905095368301161
21431,2018,2019,0.8156,29788,32325,HYPE3,2020-03-06,2020-03-06,2020-06-08,-0.126703685007572,-0.003592975564398748,-0.12311070944317326
21431,2019,2020,0.7555,32325,29916,HYPE3,2021-02-26,2021-02-26,2021-05-28,0.10433190970103734,0.14110215851895358,-0.03677024881791624
21431,2020,2021,0.7973,29916,30734,HYPE3,2022-02-24,2022-02-24,2022-05-30,0.1844123964406259,-0.005016136032132024,0.18942853247275793
21431,2021,2022,0.8068,30734,32935,HYPE3,2023-02-16,2023-02-16,2023-05-23,-0.1506583207424994,-0.00011760804340787967,-0.15054071269909153
21431,2022,2023,0.8164,32935,29788,HYPE3,2024-03-13,2024-03-13,2024-06-13,-0.15951821386603993,-0.06592282161663454,-0.09359539224940538
21431,2023,2024,0.8887,29788,27241,HYPE3,2025-03-20,2025-03-20,2025-06-23,0.4166241713411525,0.034827050757493705,0.3817971205836588
21881,2015,2016,0.898,39766,42738,FLRY3,2017-03-09,2017-03-09,2017-06-09,0.38714354764296477,-0.036768004077712635,0.4239115517206774
21881,2016,2017,0.8987,42738,44536,FLRY3,2018-03-05,2018-03-05,2018-06-05,-0.13148788918828713,-0.10905360821075061,-0.022434280977536525
21881,2017,2018,0.9018,44536,54116,FLRY3,2019-04-18,2019-04-18,2019-07-22,0.06879039692386346,0.09908450419789916,-0.030294107274035698
21881,2018,2019,0.9136,54116,56541,FLRY3,2020-02-19,2020-02-19,2020-05-25,-0.28102532027004057,-0.26480222730299974,-0.01622309296704083
21881,2019,2020,0.8722,56541,58419,FLRY3,2021-02-25,2021-02-25,2021-05-27,-0.032999629567840416,0.10787994551043711,-0.14087957507827753
21881,2020,2021,0.8877,58419,66943,FLRY3,2022-03-17,2022-03-17,2022-06-17,-0.15658363022451582,-0.11718977791373308,-0.03939385231078274
21881,2021,2022,0.9037,66943,79240,FLRY3,2023-03-16,2023-03-16,2023-06-19,0.10235849082602799,0.15877753163204655,-0.05641904080601856
21881,2022,2023,0.8612,79240,96620,FLRY3,2024-03-07,2024-03-07,2024-06-07,-0.078594249201278,-0.05900408415911007,-0.01959016504216793
21881,2023,2024,0.8797,96620,98290,FLRY3,2025-02-27,2025-02-27,2025-06-03,0.17266187050359716,0.10214267811206112,0.07051919239153603
22187,2017,2019,0.6444,16017,32160,PRIO3,2020-08-28,2020-08-28,2020-11-30,0.1670155850197721,0.06608800024279726,0.10092758477697483
22187,2019,2020,0.8189,32160,30212,PRIO3,2021-03-02,2021-03-02,2021-06-01,0.14742617018793047,0.149966648676078,-0.002540478488147535
22187,2020,2021,0.7976,30212,20994,PRIO3,2022-02-15,2022-02-15,2022-05-19,-0.03417475728155339,-0.06812752758077323,0.03395277029921984
22187,2021,2023,0.107,20994,270,PRIO3,2024-03-08,2024-03-08,2024-06-10,-0.0872483221476511,-0.04966743340464008,-0.03758088874301102
22349,2015,2016,0.9339,42296,45319,AZZA3,2017-03-08,2017-03-08,2017-06-08,0.0836012861736335,-0.030323084667917777,0.11392437084155127
22349,2016,2018,0.8901,45319,49924,AZZA3,2019-02-20,2019-02-20,2019-05-24,-0.1064182958317963,-0.0302140529356264,-0.0762042428961699
22357,2015,2016,0.7512,11844,11776,ALOS3,2017-03-06,2017-03-06,2017-06-06,-0.11603471904979434,-0.05104929247014334,-0.064985426579651
22357,2016,2017,0.7269,11776,11031,ALOS3,2018-03-13,2018-03-13,2018-06-13,-0.17656903765690368,-0.16509696721053368,-0.011472070446369997
22357,2017,2018,0.7094,11031,10433,ALOS3,2019-04-08,2019-04-08,2019-07-10,0.17796610169491522,0.08676051761289427,0.09120558408202095
23264,2015,2016,0.9186,49589,51669,ABEV3,2018-07-05,2018-07-05,2018-10-04,-0.028804347826086873,0.11266807827874548,-0.14147242610483235
23264,2016,2017,0.9398,51669,48143,ABEV3,2018-07-05,2018-07-05,2018-10-04,-0.028804347826086873,0.11266807827874548,-0.14147242610483235
23264,2017,2018,0.7108,48143,52329,ABEV3,2019-02-28,2019-02-28,2019-06-03,0.011027278003482355,0.015024739928659825,-0.00399746192517747
23264,2018,2019,0.9436,52329,48043,ABEV3,2020-02-27,2020-02-27,2020-05-29,-0.1393103448275862,-0.15129520748469416,0.011984862657107964
23264,2019,2020,0.6157,48043,68696,ABEV3,2021-02-25,2021-02-25,2021-05-27,0.24841213832039521,0.10787994551043711,0.1405321928099581
23264,2020,2021,0.9401,68696,69753,ABEV3,2022-02-24,2022-02-24,2022-05-30,-0.05053908355795145,-0.005016136032132024,-0.045522947525819424
23264,2021,2022,0.8438,69753,71800,ABEV3,2023-03-02,2023-03-02,2023-06-02,0.10129474485910128,0.08935383976924971,0.011940905089851572
23264,2022,2023,0.8833,71800,74703,ABEV3,2024-02-29,2024-02-29,2024-05-31,-0.08108108108108103,-0.053650045938607116,-0.027431035142473914
23264,2023,2024,0.9123,74703,55930,ABEV3,2025-02-26,2025-02-26,2025-06-02,0.18888888888888888,0.09632174605315691,0.09256714283573197
23272,2015,2016,0.8187,15085,19552,LOGG3,2019-10-10,2019-10-10,2020-01-15,0.39915966386554613,0.14336786256925405,0.2557918012962921
23272,2016,2017,0.8261,19552,16834,LOGG3,2018-12-16,2018-12-21,2019-03-29,-0.029714285714285693,0.1133923356844424,-0.1431066213987281
23272,2017,2018,0.8796,16834,17499,LOGG3,2019-02-11,2019-02-11,2019-05-15,-0.037403740374037375,-0.029545429751079655,-0.00785831062295772
23272,2018,2019,0.7533,17499,17921,LOGG3,2020-02-18,2020-02-18,2020-05-22,-0.2433042917070023,-0.28530927409149454,0.04200498238449224
23272,2019,2020,0.6147,17921,11443,LOGG3,2021-02-09,2021-02-09,2021-05-13,-0.1140481140481141,0.010331240172352318,-0.12437935422046642
23272,2020,2022,0.5278,11443,20793,LOGG3,2023-02-08,2023-02-08,2023-05-15,0.136656891495601,-0.008388881314841723,0.14504577281044273
23272,2022,2023,0.7657,20793,31813,LOGG3,2024-02-06,2024-02-06,2024-05-09,0.06459330143540676,-0.017083522758771563,0.08167682419417832
23272,2023,2024,0.8883,31813,31365,LOGG3,2025-02-05,2025-02-05,2025-05-12,0.07438449449973827,0.08785750354465516,-0.013473009044916884
23310,2018,2020,0.3791,28857,11563,CVCB3,2021-03-26,2021-03-26,2021-06-28,0.5743164374489682,0.11019761001465223,0.464118827434316
23310,2020,2021,0.5265,11563,11599,CVCB3,2022-03-15,2022-03-15,2022-06-14,-0.24083250743310203,-0.06329014595358085,-0.17754236147952118
23310,2021,2022,0.5133,11599,17652,CVCB3,2023-03-21,2023-03-21,2023-06-22,0.18944099378881973,0.17758813950317687,0.011852854285642866
23310,2022,2023,0.6307,17652,18668,CVCB3,2024-03-26,2024-03-26,2024-06-26,-0.4135802469135803,-0.033277782603630235,-0.3803024643099501
23310,2023,2024,0.4652,18668,6254,CVCB3,2025-03-26,2025-03-26,2025-06-27,0.008583690987124415,0.03279634873716453,-0.024212657750040112
24295,2016,2017,0.6695,37639,42772,VBBR3,2018-03-16,2018-03-16,2018-06-18,-0.2558654270974704,-0.17755183157553478,-0.07831359552193562
24295,2017,2018,0.76,42772,54949,VBBR3,2019-02-26,2019-02-26,2019-05-30,0.010141987610149172,-0.0014870520734612258,0.011629039683610398
24295,2018,2019,0.771,54949,55886,VBBR3,2020-03-12,2020-03-12,2020-06-15,0.17793964629349746,0.2726963361569237,-0.09475668986342622
24295,2019,2020,0.6313,55886,71414,VBBR3,2021-03-09,2021-03-09,2021-06-09,0.43138270340503615,0.16685598265778112,0.26452672074725503
24295,2020,2021,0.4589,71414,76281,VBBR3,2022-03-22,2022-03-22,2022-06-22,-0.2747298420326483,-0.15135798317149363,-0.12337185886115465
24295,2021,2022,0.8822,76281,91167,VBBR3,2023-03-21,2023-03-21,2023-06-22,0.2842105258331509,0.17758813950317687,0.106622386329974
24295,2022,2024,0.8325,91167,61842,VBBR3,2025-02-24,2025-02-24,2025-05-29,0.20150987202990822,0.10472229252979526,0.09678757950011296
24392,2017,2022,0.484,18793,53269,HAPV3,2023-02-28,2023-02-28,2023-05-31,-0.11135857461024512,0.032431882268819656,-0.14379045687906478
24716,2018,2019,0.6516,21578,14774,VAMO3,2020-01-31,2021-01-29,2021-05-04,0.42640901780056595,0.022981718129915896,0.40342729967065005
24716,2019,2021,0.4335,14774,18171,VAMO3,2022-02-17,2022-02-17,2022-05-23,0.2195526089644695,-0.028034022828456684,0.24758663179292617
24716,2021,2022,0.6192,18171,33748,VAMO3,2023-02-13,2023-02-13,2023-05-18,-0.15851955313288435,0.011687166994666542,-0.1702067201275509
24716,2022,2023,0.5973,33748,25677,VAMO3,2024-03-18,2024-03-18,2024-06-18,-0.15155131269676858,-0.05768805721875392,-0.09386325547801466
24805,2019,2020,0.623,16214,15936,VIVA3,2021-03-17,2021-03-17,2021-06-17,0.39746300211416496,0.09873732555042736,0.2987256765637376
24821,2018,2019,0.8751,22045,25550,RDOR3,2020-11-16,2020-12-10,2021-03-18,0.0019230769230769162,-0.0025467166594443924,0.004469793582521309
24821,2019,2020,0.7825,25550,27670,RDOR3,2021-02-24,2021-02-24,2021-05-26,0.010587102983637964,0.07194216055672542,-0.06135505757308746
24821,2020,2021,0.7554,27670,29235,RDOR3,2022-03-29,2022-03-29,2022-06-29,-0.4351456310679611,-0.16991818549426285,-0.26522744557369826
24821,2021,2022,0.7094,29235,28023,RDOR3,2023-03-27,2023-03-27,2023-06-28,0.5223596574690772,0.1706709118558385,0.3516887456132387
24821,2022,2023,0.7686,28023,25980,RDOR3,2024-03-26,2024-03-26,2024-06-26,0.023264831329972813,-0.033277782603630235,0.05654261393360305
24821,2023,2024,0.8623,25980,32472,RDOR3,2025-03-10,2025-03-10,2025-06-10,0.3087224031849438,0.09570148839481862,0.2130209147901252
24848,2018,2019,0.5235,25237,32265,CEAB3,2020-03-23,2020-03-23,2020-06-24,0.7166666666666668,0.4846299222804855,0.23203674438618127
24848,2019,2021,0.4677,32265,50632,CEAB3,2022-03-10,2022-03-10,2022-06-09,-0.36363636363636354,-0.05779728219696223,-0.3058390814394013
24910,2018,2019,0.675,21744,13439,LWSA3,2020-03-25,2020-03-25,2020-06-26,1.8021607022282242,0.2518681400194809,1.5502925622087433
24929,2018,2019,0.9255,29404,33069,TIMS3,2020-03-06,2020-03-06,2020-06-08,-0.11465358675659099,-0.003592975564398748,-0.11106061119219224
24929,2019,2020,0.8729,33069,97163,TIMS3,2021-02-09,2021-02-09,2021-05-13,-0.11111111111111105,0.010331240172352318,-0.12144235128346337
24929,2020,2021,0.9477,97163,105903,TIMS3,2022-02-25,2022-02-25,2022-05-31,0.05804555473916251,-0.015833474306698347,0.07387902904586086
24929,2021,2022,0.9301,105903,94888,TIMS3,2023-02-09,2023-02-09,2023-05-16,0.2839962997224792,0.0017186681918615054,0.2822776315306177
24929,2022,2023,0.9356,94888,101196,TIMS3,2024-02-06,2024-02-06,2024-05-09,-0.06945975744211697,-0.017083522758771563,-0.0523762346833454
24929,2023,2024,0.9546,101196,104169,TIMS3,2025-02-10,2025-02-10,2025-05-15,0.25205306380290593,0.10959920064861706,0.14245386315428887
25100,2019,2020,0.4717,6928,11683,CURY3,2021-03-22,2021-03-22,2021-06-22,0.1016042780748665,0.11992282755282146,-0.01831854947795497
25100,2020,2021,0.826,11683,21193,CURY3,2022-03-24,2022-03-24,2022-06-24,-0.19463087248322153,-0.17118985163823386,-0.02344102084498767
25100,2021,2022,0.8553,21193,15223,CURY3,2023-09-14,2023-09-14,2023-12-15,0.0547692307692309,0.09050514881497063,-0.03573591804573972
25100,2022,2023,0.9223,15223,13873,CURY3,2024-03-11,2024-03-11,2024-06-11,-0.03011740684022457,-0.03558811692280173,0.005470710082577157
25100,2023,2024,0.9255,13873,14489,CURY3,2025-03-11,2025-03-11,2025-06-11,0.39599813866914846,0.11028242448728753,0.2857157141818609
25232,2019,2020,0.969,20429,17776,CASH3,2021-03-31,2021-03-31,2021-07-01,0.93699187,0.07744304134344682,0.8595488286565531
25232,2020,2021,0.6743,17776,43092,CASH3,2022-03-29,2022-03-29,2022-06-29,-0.5757575757575757,-0.16991818549426285,-0.40583939026331284
25232,2021,2022,0.6859,43092,15277,CASH3,2023-09-21,2023-09-21,2023-12-22,0.34359805510534835,0.14299257695442025,0.2006054781509281
25232,2022,2023,0.7099,15277,12886,CASH3,2024-03-13,2024-03-13,2024-06-13,-0.30696576151121613,-0.06592282161663454,-0.2410429398945816
25232,2023,2024,0.6946,12886,13904,CASH3,2025-03-11,2025-03-11,2025-06-11,1.2471590909090908,0.11028242448728753,1.1368766664218033
25291,2019,2020,0.2975,6841,126181,BRAV3,2021-03-17,2021-03-17,2021-06-17,-0.03261107463339896,0.09873732555042736,-0.13134840018382632
25291,2020,2021,0.8029,126181,161236,BRAV3,2022-02-22,2022-02-22,2022-05-26,0.33462603878116326,-0.008875046726157243,0.3435010855073205
25291,2021,2022,0.8235,161236,140758,BRAV3,2023-03-08,2023-03-08,2023-06-09,-0.008245386349011286,0.0983586307981803,-0.10660401714719159
25291,2022,2023,0.8839,140758,153257,BRAV3,2024-03-07,2024-03-07,2024-06-07,-0.030996309963099655,-0.05900408415911007,0.028007774196010415
25291,2023,2024,0.6385,153257,256422,BRAV3,2025-03-20,2025-03-20,2025-06-23,0.08410704533042068,0.034827050757493705,0.04927999457292698
25585,2019,2020,0.9607,62793,98335,CMIN3,2021-02-22,2021-02-22,2021-05-24,-0.0053821313240042246,0.10086227019811345,-0.10624440152211767
25585,2020,2021,0.9579,98335,106438,CMIN3,2022-03-09,2022-03-09,2022-06-08,-0.25186289120715355,-0.048574657459319215,-0.20328823374783433
25585,2021,2022,0.9413,106438,115586,CMIN3,2023-03-08,2023-03-08,2023-06-09,-0.10236220472440949,0.0983586307981803,-0.2007208355225898
25585,2022,2023,0.9555,115586,111184,CMIN3,2024-03-06,2024-03-06,2024-06-06,-0.17922948073701828,-0.0464847490767919,-0.13274473166022638
25585,2023,2024,0.9471,111184,57942,CMIN3,2025-04-01,2025-04-01,2025-07-03,-0.15057283142389521,0.0745769889717125,-0.2251498203956077
25780,2020,2021,0.6419,25473,63850,RECV3,2022-06-02,2022-06-02,2022-08-31,-0.0295268587691212,-0.025535685480516546,-0.003991173288604655
25780,2021,2022,0.032,63850,78509,RECV3,2023-03-22,2023-03-22,2023-06-23,-0.07091518926689033,0.18715178701231472,-0.25806697627920505
25780,2022,2024,0.03,78509,62089,RECV3,2025-03-19,2025-03-19,2025-06-20,-0.03953771289537722,0.03477046180828447,-0.07430817470366169
25917,2020,2021,0.7441,32031,42507,RAIZ4,2021-05-31,2021-08-05,2021-11-05,-0.06767955801104975,-0.13819194671968738,0.07051238870863763
25917,2021,2022,0.8016,42507,43582,RAIZ4,2022-05-13,2022-05-13,2022-08-11,-0.05609284332688591,0.026128421092403986,-0.0822212644192899
25917,2022,2023,0.766,43582,62251,RAIZ4,2023-05-12,2023-05-12,2023-08-10,0.1884498480243162,0.09114337091513636,0.09730647710917983
25917,2023,2024,0.7495,62251,25726,RAIZ4,2024-05-13,2024-05-13,2024-08-09,0.10402684563758391,0.0191939762844604,0.08483286935312351
26620,2021,2023,0.1478,24911,80712,AURE3,2024-02-09,2024-02-09,2024-05-14,-0.07555898226676949,0.003825716242910726,-0.07938469850968022
26620,2023,2024,0.7528,80712,70262,AURE3,2025-02-24,2025-02-24,2025-05-29,0.14055299539170507,0.10472229252979526,0.03583070286190981
