cd_cvm,name,year_prev,year_curr,cosine_similarity,chars_prev,chars_curr,diagnostic_prev,diagnostic_curr,poc_group,group,ticker,event_date,window_start,window_end,stock_return,ibov_return,abnormal_return
2453,CEMIG,2015,2016,0.9406,15917,15122,font_heading,font_heading,core_20,,CMIG4,2017-04-11,2017-04-11,2018-04-20,-0.12084656799971338,0.3292475006521929,-0.45009406865190627
2453,CEMIG,2016,2017,0.8962,15122,17835,font_heading,font_heading,core_20,,CMIG4,2018-03-29,2018-03-29,2019-04-09,0.6436915887906693,0.12799342029736582,0.5156981684933035
2453,CEMIG,2017,2018,0.8612,17835,16893,font_heading,font_heading,core_20,,CMIG4,2019-04-01,2019-04-01,2020-04-03,-0.42764578841350065,-0.2760610258035937,-0.15158476260990694
2453,CEMIG,2018,2019,0.919,16893,15903,font_heading,font_heading,core_20,,CMIG4,2020-04-01,2020-04-01,2021-04-09,0.5536687995806324,0.6581002075621383,-0.10443140798150585
2453,CEMIG,2019,2020,0.946,15903,15944,font_heading,font_heading,core_20,,CMIG4,2021-03-30,2021-03-30,2022-04-04,0.3069675229082971,0.03791059059045687,0.2690569323178402
2453,CEMIG,2020,2021,0.897,15944,15904,font_heading,font_heading,core_20,,CMIG4,2022-03-29,2022-03-29,2023-03-30,0.007855191340609302,-0.13582329486593125,0.14367848620654056
2453,CEMIG,2021,2022,0.8103,15904,16412,font_heading,font_heading,core_20,,CMIG4,2023-03-25,2023-03-27,2024-04-02,0.164370982560474,0.27970220266845347,-0.11533122010797947
2453,CEMIG,2022,2023,0.8446,16412,11722,font_heading,font_heading,core_20,,CMIG4,2024-03-21,2024-03-21,2025-03-25,0.14800995023923713,0.030502213000660028,0.1175077372385771
2453,CEMIG,2023,2024,0.8727,11722,15533,font_heading,font_heading,core_20,,CMIG4,2025-03-21,2025-03-21,2026-03-25,0.15370370370370368,0.4010687833182516,-0.2473650796145479
3980,GERDAU,2015,2016,0.912,17066,21919,regex_only,regex_only,core_20,,GGBR4,2017-02-22,2017-02-22,2018-03-06,0.24485125892212878,0.24877652645337367,-0.0039252675312448915
3980,GERDAU,2016,2017,0.9343,21919,25772,regex_only,regex_only,core_20,,GGBR4,2018-02-28,2018-02-28,2019-03-11,-0.10348977097846523,0.14847682446631705,-0.2519665954447823
3980,GERDAU,2017,2018,0.9037,25772,24797,regex_only,regex_only,core_20,,GGBR4,2019-02-21,2019-02-21,2020-02-28,0.1211920536576292,0.07468441624239275,0.04650763741523645
3980,GERDAU,2018,2019,0.1323,24797,2977,regex_only,regex_only,core_20,,GGBR4,2020-02-19,2020-02-19,2021-03-01,0.3054331870410838,-0.05306297074433397,0.35849615778541777
3980,GERDAU,2019,2020,0.8768,2977,3256,regex_only,regex_only,core_20,,GGBR4,2021-02-24,2021-02-24,2022-02-25,-0.06190125260778345,-0.021837023240179776,-0.040064229367603676
3980,GERDAU,2020,2021,0.1137,3256,32644,regex_only,regex_only,core_20,,GGBR4,2022-02-23,2022-02-23,2023-02-28,0.1661914461614744,-0.0631714220132008,0.22936286817467522
3980,GERDAU,2021,2022,0.9553,32644,30652,regex_only,regex_only,core_20,,GGBR4,2023-03-01,2023-03-01,2024-03-06,-0.23953252022929683,0.23476205845168652,-0.47429457868098335
3980,GERDAU,2022,2023,0.4047,30652,12322,regex_only,regex_only,core_20,,GGBR4,2024-02-20,2024-02-20,2025-02-19,-0.026542055892811556,-0.02006918156647397,-0.006472874326337585
3980,GERDAU,2023,2024,0.8295,12322,9767,regex_only,regex_only,core_20,,GGBR4,2025-02-24,2025-02-24,2026-03-02,0.2784265519360787,0.509608745932461,-0.2311821939963823
4170,VALE,2015,2016,0.8476,5438,8641,font_heading,font_heading,core_20,,VALE3,2017-02-23,2017-02-23,2018-03-07,0.29182996683750373,0.2671477714882542,0.024682195349249536
4170,VALE,2016,2017,0.9368,8641,9102,font_heading,font_heading,core_20,,VALE3,2018-02-27,2018-02-27,2019-03-08,0.032114937671667176,0.09696172239997858,-0.0648467847283114
4170,VALE,2017,2018,0.7456,9102,4664,font_heading,font_heading,core_20,,VALE3,2019-04-18,2019-04-18,2020-04-24,-0.16774438950171167,-0.20351029930134046,0.03576590979962879
4170,VALE,2018,2019,0.1372,4664,20656,font_heading,regex_only,core_20,,VALE3,2020-03-02,2020-03-02,2021-03-09,1.1283433994823122,0.04412850971719684,1.0842148897651154
4170,VALE,2019,2020,0.1865,20656,9653,regex_only,font_heading,core_20,,VALE3,2021-02-25,2021-02-25,2022-03-02,0.0411660223592103,0.025987391716602914,0.015178630642607382
4170,VALE,2020,2021,0.9198,9653,10136,font_heading,font_heading,core_20,,VALE3,2022-02-24,2022-02-24,2023-03-01,0.018962759881197222,-0.06458535016932687,0.0835481100505241
4170,VALE,2021,2022,0.8984,10136,6682,font_heading,font_heading,core_20,,VALE3,2023-02-16,2023-02-16,2024-02-26,-0.26280973203273905,0.17889147551797113,-0.4417012075507102
4170,VALE,2022,2023,0.1175,6682,554,font_heading,font_heading,core_20,,VALE3,2024-02-22,2024-02-22,2025-02-21,-0.13478131508479618,-0.023898010258709745,-0.11088330482608644
4170,VALE,2023,2024,1.0,554,554,font_heading,font_heading,core_20,,VALE3,2025-03-17,2025-03-17,2026-03-19,0.34203152364273204,0.3778580117883765,-0.035826488145644486
4820,BRASKEM,2017,2019,0.7634,14000,15282,regex_only,regex_only,core_20,,BRKM5,2020-04-03,2020-04-03,2021-04-13,2.003201024327785,0.7155783147985062,1.2876227095292787
4820,BRASKEM,2019,2021,0.8953,15282,18691,regex_only,regex_only,core_20,,BRKM5,2022-03-16,2022-03-16,2023-03-17,-0.5865763008307827,-0.08217712455753146,-0.5043991762732513
4820,BRASKEM,2021,2022,0.9916,18691,18541,regex_only,regex_only,core_20,,BRKM5,2023-03-23,2023-03-23,2024-03-28,0.5865384615384615,0.3081883791429354,0.27835008239552606
4820,BRASKEM,2022,2024,0.0819,18541,1199,regex_only,font_heading,core_20,,BRKM5,2025-02-27,2025-02-27,2026-03-05,0.07535986452159182,0.44603640927776955,-0.37067654475617773
5258,RAIA DROGASIL,2015,2016,0.9781,2768,2725,regex_only,regex_only,core_20,,RADL3,2017-02-16,2017-02-16,2018-02-28,0.20247486477677623,0.2586381562338529,-0.05616329145707666
5258,RAIA DROGASIL,2016,2017,0.3055,2725,520,regex_only,regex_only,core_20,,RADL3,2018-02-22,2018-02-22,2019-03-01,-0.22134146391513798,0.09133261311312202,-0.31267407702826
5258,RAIA DROGASIL,2017,2018,0.9793,520,553,regex_only,regex_only,core_20,,RADL3,2019-02-26,2019-02-26,2020-03-04,1.0495569413613808,0.09858046668886544,0.9509764746725153
5258,RAIA DROGASIL,2018,2019,0.0458,553,9054,regex_only,regex_only,core_20,,RADL3,2020-02-19,2020-02-19,2021-03-01,-0.05272787785743416,-0.05306297074433397,0.00033509288689981265
5258,RAIA DROGASIL,2019,2020,0.9507,9054,7973,regex_only,regex_only,core_20,,RADL3,2021-03-09,2021-03-09,2022-03-14,-0.04565217371050889,-0.012602103536295761,-0.03305007017421313
5258,RAIA DROGASIL,2020,2021,0.0757,7973,10190,regex_only,font_heading,core_20,,RADL3,2022-02-22,2022-02-22,2023-02-27,-0.04000000008933058,-0.063607365636831,0.023607365547500425
5258,RAIA DROGASIL,2021,2022,0.9063,10190,12138,font_heading,font_heading,core_20,,RADL3,2023-03-07,2023-03-07,2024-03-12,0.18139375820780956,0.22489087138159602,-0.04349711317378646
5258,RAIA DROGASIL,2022,2023,0.7768,12138,5541,font_heading,font_heading,core_20,,RADL3,2024-03-05,2024-03-05,2025-03-07,-0.29771293395917087,-0.023915106944200737,-0.27379782701497013
5258,RAIA DROGASIL,2023,2024,0.7672,5541,14023,font_heading,font_heading,core_20,,RADL3,2025-03-20,2025-03-20,2026-03-24,0.22431192645574183,0.38311756516809936,-0.15880563871235753
5410,WEG,2015,2016,0.9918,2516,2501,font_heading,font_heading,core_20,,WEGE3,2017-02-22,2017-02-22,2018-03-06,0.32865497067451854,0.24877652645337367,0.07987844422114487
5410,WEG,2016,2017,0.9899,2501,2524,font_heading,font_heading,core_20,,WEGE3,2018-02-28,2018-02-28,2019-03-11,0.05399401963171302,0.14847682446631705,-0.09448280483460403
5410,WEG,2017,2018,0.9858,2524,2615,font_heading,font_heading,core_20,,WEGE3,2019-04-10,2019-04-10,2020-04-15,1.0731042007637752,-0.17844058759742343,1.2515447883611985
5410,WEG,2018,2019,0.9839,2615,2633,font_heading,font_heading,core_20,,WEGE3,2020-02-19,2020-02-19,2021-03-01,0.5977058582548136,-0.05306297074433397,0.6507688289991476
5410,WEG,2019,2020,0.976,2633,2695,font_heading,font_heading,core_20,,WEGE3,2021-02-24,2021-02-24,2022-02-25,-0.32179930795847755,-0.021837023240179776,-0.2999622847182978
5410,WEG,2020,2021,0.9128,2695,2214,font_heading,font_heading,core_20,,WEGE3,2022-02-16,2022-02-16,2023-02-17,0.26581469648562295,-0.052126935921261275,0.3179416324068842
5410,WEG,2021,2022,0.9236,2214,2482,font_heading,font_heading,core_20,,WEGE3,2023-02-15,2023-02-15,2024-02-23,-0.07458847736625529,0.18082632011236477,-0.25541479747862006
5410,WEG,2022,2023,0.9829,2482,2322,font_heading,font_heading,core_20,,WEGE3,2024-02-21,2024-02-21,2025-02-20,0.4223314223314223,-0.018695458441710833,0.4410268807731331
5410,WEG,2023,2024,0.9335,2322,2484,font_heading,font_heading,core_20,,WEGE3,2025-02-26,2025-02-26,2026-03-04,-0.01065830721003136,0.48568050435081034,-0.4963388115608417
8133,LOJAS RENNER,2015,2016,0.0421,614,3876,font_heading,regex_only,core_20,,LREN3,2017-02-09,2017-02-09,2018-02-21,0.6130252097645599,0.3245896360326326,0.2884355737319273
8133,LOJAS RENNER,2016,2017,0.089,3876,3358,regex_only,regex_only,core_20,,LREN3,2018-02-08,2018-02-08,2019-02-19,0.28234617572728893,0.19779369044478323,0.0845524852825057
8133,LOJAS RENNER,2017,2018,0.0566,3358,433,regex_only,regex_only,core_20,,LREN3,2019-02-07,2019-02-07,2020-02-12,0.43748558248365077,0.23588126508186646,0.2016043174017843
8133,LOJAS RENNER,2018,2019,0.7142,433,647,regex_only,regex_only,core_20,,LREN3,2020-02-06,2020-02-06,2021-02-12,-0.2774357117906425,0.0367976386839135,-0.31423335047455603
8133,LOJAS RENNER,2019,2020,0.2597,647,1603,regex_only,regex_only,core_20,,LREN3,2021-02-11,2021-02-11,2022-02-16,-0.23175932979216318,-0.03452544735394847,-0.1972338824382147
8133,LOJAS RENNER,2020,2021,0.1738,1603,1676,regex_only,regex_only,core_20,,LREN3,2022-03-17,2022-03-17,2023-03-20,-0.23755458535043183,-0.10747996508199376,-0.13007462026843808
8133,LOJAS RENNER,2021,2022,0.066,1676,6249,regex_only,font_heading,core_20,,LREN3,2023-02-16,2023-02-16,2024-02-26,-0.21155830766650585,0.17889147551797113,-0.390449783184477
8133,LOJAS RENNER,2022,2023,0.8812,6249,5236,font_heading,font_heading,core_20,,LREN3,2024-03-14,2024-03-14,2025-03-18,-0.1778316172514941,0.029640229377452254,-0.20747184662894635
8133,LOJAS RENNER,2023,2024,0.9438,5236,4613,font_heading,font_heading,core_20,,LREN3,2025-02-20,2025-02-20,2026-02-26,0.17067833698030643,0.49689774137390263,-0.3262194043935962
9512,PETROBRAS,2016,2017,0.2947,23145,12295,regex_only,regex_only,core_20,,PETR3,2018-03-16,2018-03-16,2019-03-27,0.3029525032092426,0.08266239806386122,0.2202901051453814
9512,PETROBRAS,2017,2018,0.8083,12295,12765,regex_only,regex_only,core_20,,PETR3,2019-02-27,2019-02-27,2020-03-05,-0.12585588522986646,0.05062199335281181,-0.17647787858267827
9512,PETROBRAS,2018,2021,0.1712,12765,19443,regex_only,regex_only,core_20,,PETR3,2022-02-23,2022-02-23,2023-02-28,-0.20755237045203967,-0.0631714220132008,-0.14438094843883886
9512,PETROBRAS,2021,2022,0.9256,19443,16454,regex_only,regex_only,core_20,,PETR3,2023-03-02,2023-03-02,2024-03-07,0.47567954220314723,0.2420905136683924,0.23358902853475483
9512,PETROBRAS,2022,2023,0.9215,16454,15791,regex_only,regex_only,core_20,,PETR3,2024-03-25,2024-03-25,2025-03-27,0.11146838156484451,0.048981391297209464,0.062486990267635045
9512,PETROBRAS,2023,2024,0.8696,15791,11850,regex_only,regex_only,core_20,,PETR3,2025-02-26,2025-02-26,2026-03-04,0.06040914560770161,0.48568050435081034,-0.42527135874310873
13986,SUZANO,2015,2016,0.0859,9391,6662,font_heading,regex_only,core_20,,SUZB3,2017-02-08,2017-11-10,2018-11-22,0.8443579766536966,0.2121757667499382,0.6321822099037584
13986,SUZANO,2016,2017,0.0757,6662,7269,regex_only,font_heading,core_20,,SUZB3,2018-02-09,2018-02-09,2019-02-20,1.3564257028112445,0.1934037258942356,1.163021976917009
13986,SUZANO,2017,2018,0.6872,7269,10630,font_heading,font_heading,core_20,,SUZB3,2019-02-21,2019-02-21,2020-02-28,-0.19941225860621326,0.07468441624239275,-0.274096674848606
13986,SUZANO,2018,2019,0.1073,10630,853,font_heading,font_heading,core_20,,SUZB3,2020-02-12,2020-02-12,2021-02-22,0.9219999999999999,-0.03433838358298891,0.9563383835829888
13986,SUZANO,2019,2020,0.0624,853,8844,font_heading,regex_only,core_20,,SUZB3,2021-02-10,2021-02-10,2022-02-15,-0.16026392961876834,-0.030456705781965687,-0.12980722383680265
13986,SUZANO,2020,2021,0.7819,8844,12216,regex_only,regex_only,core_20,,SUZB3,2022-02-09,2022-02-09,2023-02-10,-0.23432343234323438,-0.038974442695399736,-0.19534898964783465
13986,SUZANO,2021,2022,0.8895,12216,11836,regex_only,regex_only,core_20,,SUZB3,2023-02-28,2023-02-28,2024-03-05,0.22685379136992045,0.2207734099620584,0.0060803814078620455
13986,SUZANO,2022,2023,0.9421,11836,11229,regex_only,regex_only,core_20,,SUZB3,2024-02-28,2024-02-28,2025-02-27,-0.003659811781108413,-0.04115441053823099,0.03749459875712258
13986,SUZANO,2023,2024,0.0783,11229,14611,regex_only,font_heading,core_20,,SUZB3,2025-02-12,2025-02-12,2026-02-18,-0.013282732447817747,0.49554587502304415,-0.5088286074708619
14320,USIMINAS,2015,2016,0.7572,8699,10028,font_heading,font_heading,core_20,,USIM5,2017-02-17,2017-02-17,2018-03-01,1.165137614678899,0.2602181718776615,0.9049194428012375
14320,USIMINAS,2016,2017,0.7573,10028,12194,font_heading,font_heading,core_20,,USIM5,2018-02-09,2018-02-09,2019-02-20,-0.1736420302760464,0.1934037258942356,-0.367045756170282
14320,USIMINAS,2017,2018,0.7332,12194,7252,font_heading,font_heading,core_20,,USIM5,2019-02-15,2019-02-15,2020-02-20,0.006382978723404209,0.1749308465822057,-0.1685478678588015
14320,USIMINAS,2018,2019,0.7828,7252,8049,font_heading,font_heading,core_20,,USIM5,2020-02-14,2020-02-14,2021-02-24,0.7414141414141413,0.011252597684749288,0.730161543729392
14320,USIMINAS,2019,2020,0.703,8049,4754,font_heading,font_heading,core_20,,USIM5,2021-02-12,2021-02-12,2022-02-17,0.04721634954193088,-0.049403861985626296,0.09662021152755718
14320,USIMINAS,2020,2021,0.9785,4754,4363,font_heading,font_heading,core_20,,USIM5,2022-02-11,2022-02-11,2023-02-14,-0.5415325177076626,-0.050395540816052575,-0.49113697689161007
14320,USIMINAS,2021,2022,0.9331,4363,4446,font_heading,font_heading,core_20,,USIM5,2023-02-10,2023-02-10,2024-02-20,0.4073569482288828,0.2020557879026006,0.2053011603262822
14320,USIMINAS,2022,2023,0.9891,4446,4175,font_heading,font_heading,core_20,,USIM5,2025-01-16,2025-01-16,2026-01-20,0.274793388429752,0.371535278758937,-0.09674189032918501
14320,USIMINAS,2023,2024,0.8262,4175,6498,font_heading,font_heading,core_20,,USIM5,2025-02-14,2025-02-14,2026-02-20,0.04013377926421402,0.4860124417215945,-0.4458786624573805
14443,SABESP,2015,2016,0.2599,16266,4650,regex_only,regex_only,core_20,,SBSP3,2017-03-27,2017-03-27,2018-04-05,0.08734177212050187,0.32501622261107777,-0.2376744504905759
14443,SABESP,2016,2018,0.6762,4650,6152,regex_only,regex_only,core_20,,SBSP3,2019-03-28,2019-03-28,2020-04-01,-0.10634146346580065,-0.24814602219285442,0.14180455872705378
14443,SABESP,2018,2019,0.1164,6152,3971,regex_only,regex_only,core_20,,SBSP3,2020-03-27,2020-03-27,2021-04-06,0.04217619159088115,0.6001746181810457,-0.5579984265901645
14443,SABESP,2019,2020,0.3227,3971,16704,regex_only,regex_only,core_20,,SBSP3,2021-03-25,2021-03-25,2022-03-30,0.10719530094636154,0.05722958877326478,0.049965712173096755
14443,SABESP,2020,2021,0.2476,16704,4423,regex_only,regex_only,core_20,,SBSP3,2022-03-24,2022-03-24,2023-03-27,0.053954496232954785,-0.162805260283012,0.2167597565159668
14443,SABESP,2021,2022,0.4935,4423,4852,regex_only,regex_only,core_20,,SBSP3,2023-03-23,2023-03-23,2024-03-28,0.7568969095417135,0.3081883791429354,0.4487085303987781
14443,SABESP,2022,2023,0.0948,4852,1565,regex_only,font_heading,core_20,,SBSP3,2024-03-21,2024-03-21,2025-03-25,0.29667259331807316,0.030502213000660028,0.26617038031741314
14443,SABESP,2023,2024,1.0,1565,1565,font_heading,font_heading,core_20,,SBSP3,2025-03-27,2025-03-27,2026-03-31,0.5690189474778666,0.40791287939240894,0.1611060680854577
17671,TELEFONICA BRASIL,2015,2016,0.8139,11820,16072,regex_only,regex_only,core_20,,VIVT3,2017-02-21,2017-02-21,2018-03-05,0.15312008390141574,0.2457684800531541,-0.09264839615173837
17671,TELEFONICA BRASIL,2016,2017,0.8344,16072,11862,regex_only,regex_only,core_20,,VIVT3,2018-02-21,2018-02-21,2019-02-28,-0.0034658040665433987,0.11077662273732258,-0.11424242680386598
17671,TELEFONICA BRASIL,2017,2018,0.8759,11862,16987,regex_only,regex_only,core_20,,VIVT3,2019-02-20,2019-02-20,2020-02-27,0.11018711018711036,0.06669120794789496,0.0434959022392154
17671,TELEFONICA BRASIL,2018,2019,0.8624,16987,13356,regex_only,regex_only,core_20,,VIVT3,2020-02-19,2020-02-19,2021-03-01,-0.16502795450163865,-0.05306297074433397,-0.11196498375730468
17671,TELEFONICA BRASIL,2019,2020,0.6183,13356,22047,regex_only,regex_only,core_20,,VIVT3,2021-02-23,2021-02-23,2022-02-24,0.10463311904234085,-0.03155142012155787,0.13618453916389872
17671,TELEFONICA BRASIL,2020,2021,0.2901,22047,6982,regex_only,font_heading,core_20,,VIVT3,2022-02-22,2022-02-22,2023-02-27,-0.19629025682837342,-0.063607365636831,-0.13268289119154242
17671,TELEFONICA BRASIL,2021,2022,0.1979,6982,7331,font_heading,regex_only,core_20,,VIVT3,2023-02-17,2023-02-17,2024-02-27,0.35819100312725527,0.2062015488255209,0.15198945430173438
17671,TELEFONICA BRASIL,2022,2023,0.5545,7331,4356,regex_only,regex_only,core_20,,VIVT3,2024-02-20,2024-02-20,2025-02-19,-0.0037785754770451874,-0.02006918156647397,0.016290606089428783
17671,TELEFONICA BRASIL,2023,2024,0.5825,4356,14477,regex_only,regex_only,core_20,,VIVT3,2025-02-25,2025-02-25,2026-03-03,0.5543092166760142,0.4534497279319254,0.10085948874408879
19739,LOCALIZA,2015,2016,0.1905,23955,5377,regex_only,regex_only,core_20,,RENT3,2017-02-05,2017-02-06,2018-02-16,1.1214285710055365,0.3208424743170848,0.8005860966884517
19739,LOCALIZA,2016,2017,0.8856,5377,5260,regex_only,regex_only,core_20,,RENT3,2018-03-14,2018-03-14,2019-03-25,0.14139633293314202,0.0884481707118665,0.05294816222127552
19739,LOCALIZA,2017,2018,0.9913,5260,5706,regex_only,regex_only,core_20,,RENT3,2019-02-21,2019-02-21,2020-02-28,0.5299117644525086,0.07468441624239275,0.4552273482101159
19739,LOCALIZA,2018,2019,0.9683,5706,6588,regex_only,regex_only,core_20,,RENT3,2020-03-10,2020-03-10,2021-03-17,0.4250297974357018,0.26389535178155876,0.16113444565414303
19739,LOCALIZA,2019,2020,0.0928,6588,10470,regex_only,font_heading,core_20,,RENT3,2021-02-25,2021-02-25,2022-03-02,-0.0551286335699982,0.025987391716602914,-0.08111602528660111
19739,LOCALIZA,2020,2021,0.9759,10470,11718,font_heading,font_heading,core_20,,RENT3,2022-02-22,2022-02-22,2023-02-27,-0.10851486366002128,-0.063607365636831,-0.04490749802319027
19739,LOCALIZA,2021,2022,0.7525,11718,22520,font_heading,font_heading,core_20,,RENT3,2023-03-28,2023-03-28,2024-04-03,-0.02674961914275631,0.2582722414932872,-0.2850218606360435
19739,LOCALIZA,2022,2023,0.9396,22520,24362,font_heading,font_heading,core_20,,RENT3,2024-03-12,2024-03-12,2025-03-14,-0.3858346618496252,0.010098471157654165,-0.3959331330072794
19739,LOCALIZA,2023,2024,0.4543,24362,4867,font_heading,regex_only,core_20,,RENT3,2025-02-27,2025-02-27,2026-03-05,0.7629166535105723,0.44603640927776955,0.3168802442328027
19992,TOTVS,2015,2016,0.915,6249,6499,font_heading,font_heading,core_20,,TOTS3,2017-02-22,2017-02-22,2018-03-06,0.21400000044856005,0.24877652645337367,-0.034776526004813624
19992,TOTVS,2016,2017,0.8656,6499,6265,font_heading,font_heading,core_20,,TOTS3,2018-02-07,2018-02-07,2019-02-18,0.14141414141414144,0.16604691281146433,-0.024632771397322895
19992,TOTVS,2017,2018,0.9385,6265,5505,font_heading,font_heading,core_20,,TOTS3,2019-02-13,2019-02-13,2020-02-18,1.5974842764150945,0.19964963314775108,1.3978346432673434
19992,TOTVS,2018,2019,0.8871,5505,5432,font_heading,font_heading,core_20,,TOTS3,2020-02-12,2020-02-12,2021-02-22,0.2815051022042738,-0.03433838358298891,0.31584348578726273
19992,TOTVS,2019,2020,0.2141,5432,13441,font_heading,regex_only,core_20,,TOTS3,2022-02-16,2022-02-16,2023-02-17,-0.05615763546798036,-0.052126935921261275,-0.004030699546719085
19992,TOTVS,2020,2021,0.2709,13441,10375,regex_only,regex_only,core_20,,TOTS3,2022-02-16,2022-02-16,2023-02-17,-0.05615763546798036,-0.052126935921261275,-0.004030699546719085
19992,TOTVS,2021,2022,0.2224,10375,9112,regex_only,regex_only,core_20,,TOTS3,2023-02-14,2023-02-14,2024-02-22,0.06501340482573736,0.207621576909379,-0.14260817208364163
19992,TOTVS,2022,2023,0.8979,9112,8784,regex_only,regex_only,core_20,,TOTS3,2024-02-07,2024-02-07,2025-02-10,0.031659056316590606,-0.03369059922323914,0.06534965553982974
19992,TOTVS,2023,2024,0.9716,8784,8692,regex_only,regex_only,core_20,,TOTS3,2025-02-12,2025-02-12,2026-02-18,0.16187594553706508,0.49554587502304415,-0.33366992948597907
20087,EMBRAER,2016,2017,0.8879,13199,11464,regex_only,regex_only,core_20,,EMBJ3,2018-03-08,2018-03-08,2019-03-19,-0.06216867469879517,0.17184005433454352,-0.2340087290333387
20087,EMBRAER,2017,2019,0.5634,11464,14862,regex_only,regex_only,core_20,,EMBJ3,2020-03-26,2020-03-26,2021-04-05,0.44718657453109567,0.5122758225939992,-0.0650892480629035
20087,EMBRAER,2019,2021,0.0941,14862,18619,regex_only,regex_only,core_20,,EMBJ3,2022-03-09,2022-03-09,2023-03-10,0.15291262135922334,-0.09027312824527123,0.24318574960449457
20087,EMBRAER,2021,2023,0.0705,18619,5696,regex_only,font_heading,core_20,,EMBJ3,2024-03-18,2024-03-18,2025-03-20,1.4961187985150186,0.039389959432607924,1.4567288390824107
20087,EMBRAER,2023,2024,0.6503,5696,4372,font_heading,font_heading,core_20,,EMBJ3,2025-02-27,2025-02-27,2026-03-05,0.26502177068214783,0.44603640927776955,-0.18101463859562172
20788,MARFRIG,2015,2016,0.8853,15187,15988,regex_only,regex_only,core_20,,MBRF3,2017-02-23,2017-02-23,2018-03-07,-0.05400981996726684,0.2671477714882542,-0.32115759145552103
20788,MARFRIG,2016,2017,0.1949,15988,2492,regex_only,regex_only,core_20,,MBRF3,2018-03-27,2018-03-27,2019-04-05,0.18294849023090576,0.158697404366287,0.02425108586461877
20788,MARFRIG,2017,2019,0.4472,2492,1014,regex_only,regex_only,core_20,,MBRF3,2020-02-19,2020-02-19,2021-03-01,0.04072727272727272,-0.05306297074433397,0.0937902434716067
20788,MARFRIG,2019,2020,0.3087,1014,4600,regex_only,regex_only,core_20,,MBRF3,2021-04-08,2021-04-08,2022-04-12,0.14451185879757333,-0.01831046282820603,0.16282232162577936
20788,MARFRIG,2020,2021,0.1625,4600,5575,regex_only,regex_only,core_20,,MBRF3,2022-03-08,2022-03-08,2023-03-09,-0.6784080512351327,-0.05514451215317506,-0.6232635390819576
20788,MARFRIG,2021,2022,0.3052,5575,5573,regex_only,regex_only,core_20,,MBRF3,2023-03-01,2023-03-01,2024-03-06,0.47258088827885447,0.23476205845168652,0.23781882982716795
20788,MARFRIG,2022,2023,0.2223,5573,2403,regex_only,regex_only,core_20,,MBRF3,2024-03-27,2024-03-27,2025-03-31,0.9759299781181616,0.02011831409386211,0.9558116640242995
20788,MARFRIG,2023,2024,0.2241,2403,603,regex_only,regex_only,core_20,,MBRF3,2025-02-26,2025-02-26,2026-03-04,0.3984206748025845,0.48568050435081034,-0.08725982954822586
20915,MRV,2015,2016,0.7593,5979,7654,regex_only,regex_only,core_20,,MRVE3,2017-03-13,2017-03-13,2018-03-21,0.04266666666666663,0.2966734976951,-0.25400683102843336
20915,MRV,2016,2017,0.8022,7654,5438,regex_only,regex_only,core_20,,MRVE3,2018-03-08,2018-03-08,2019-03-19,0.06797604477584884,0.17184005433454352,-0.10386400955869468
20915,MRV,2017,2018,0.6291,5438,3362,regex_only,regex_only,core_20,,MRVE3,2019-02-28,2019-02-28,2020-03-06,0.2729948491537897,0.025238650469454393,0.2477561986843353
20915,MRV,2018,2019,0.1258,3362,12970,regex_only,regex_only,core_20,,MRVE3,2020-03-02,2020-03-02,2021-03-09,-0.18167701863354035,0.04412850971719684,-0.2258055283507372
20915,MRV,2019,2021,0.1528,12970,19037,regex_only,font_heading,core_20,,MRVE3,2023-07-06,2023-07-06,2024-07-10,-0.4539829853054911,0.08339349903811533,-0.5373764843436064
20915,MRV,2021,2022,0.763,19037,21706,font_heading,font_heading,core_20,,MRVE3,2023-07-06,2023-07-06,2024-07-10,-0.4539829853054911,0.08339349903811533,-0.5373764843436064
20915,MRV,2022,2023,0.9802,21706,22888,font_heading,font_heading,core_20,,MRVE3,2024-02-29,2024-02-29,2025-02-28,-0.40813648293963256,-0.04821678062055801,-0.35991970231907455
20915,MRV,2023,2024,0.974,22888,21203,font_heading,font_heading,core_20,,MRVE3,2025-02-24,2025-02-24,2026-03-02,0.8710280373831776,0.509608745932461,0.3614192914507166
21016,YDUQS,2015,2016,1.0,648,648,font_heading,font_heading,core_20,,YDUQ3,2017-03-16,2017-03-16,2018-03-26,1.2584692597239648,0.2934656981264874,0.9650035615974775
21016,YDUQS,2016,2017,1.0,648,648,font_heading,font_heading,core_20,,YDUQ3,2018-03-15,2018-03-15,2019-03-26,-0.2020958083832335,0.12220463874190202,-0.3243004471251355
21016,YDUQS,2017,2018,1.0,648,648,font_heading,font_heading,core_20,,YDUQ3,2019-03-14,2019-03-14,2020-03-18,-0.15359712230215827,-0.3215843630935533,0.16798724079139504
21016,YDUQS,2018,2019,1.0,648,648,font_heading,font_heading,core_20,,YDUQ3,2020-03-23,2020-03-23,2021-03-30,0.3352380952380951,0.8381369905939346,-0.5028988953558395
21016,YDUQS,2019,2020,0.0408,648,10471,font_heading,regex_only,core_20,,YDUQ3,2021-03-17,2021-03-17,2022-03-22,-0.3572923935799023,0.006203376009357164,-0.36349576958925944
21016,YDUQS,2020,2021,0.981,10471,9829,regex_only,regex_only,core_20,,YDUQ3,2022-03-15,2022-03-15,2023-03-16,-0.5982532751091703,-0.050703703125846045,-0.5475495719833242
21016,YDUQS,2021,2022,0.9846,9829,10726,regex_only,regex_only,core_20,,YDUQ3,2023-03-15,2023-03-15,2024-03-20,1.6222826086956523,0.2576017928336327,1.3646808158620196
21016,YDUQS,2022,2023,0.8693,10726,8392,regex_only,regex_only,core_20,,YDUQ3,2024-03-14,2024-03-14,2025-03-18,-0.4314002828854314,0.029640229377452254,-0.4610405122628837
21016,YDUQS,2023,2024,0.9935,8392,9001,regex_only,regex_only,core_20,,YDUQ3,2025-04-24,2025-04-24,2026-04-28,-0.32836831415030465,0.40153133705992783,-0.7298996512102325
21881,FLEURY,2015,2016,0.1486,11141,1847,regex_only,regex_only,core_20,,FLRY3,2017-03-09,2017-03-09,2018-03-19,0.3276945385388095,0.2992608371914134,0.02843370134739609
21881,FLEURY,2016,2017,0.0616,1847,1433,regex_only,regex_only,core_20,,FLRY3,2018-03-05,2018-03-05,2019-03-14,-0.2906574394514455,0.14626163775360568,-0.4369190772050512
21881,FLEURY,2017,2018,0.0873,1433,11016,regex_only,regex_only,core_20,,FLRY3,2019-04-18,2019-04-18,2020-04-24,0.06694367508880372,-0.20351029930134046,0.2704539743901442
21881,FLEURY,2018,2019,0.1664,11016,5527,regex_only,regex_only,core_20,,FLRY3,2020-02-19,2020-02-19,2021-03-01,-0.18974679564210806,-0.05306297074433397,-0.1366838248977741
21881,FLEURY,2019,2020,0.1215,5527,4249,regex_only,regex_only,core_20,,FLRY3,2021-02-25,2021-02-25,2022-03-02,-0.33778272150425726,0.025987391716602914,-0.36377011322086017
21881,FLEURY,2020,2021,0.1669,4249,11169,regex_only,regex_only,core_20,,FLRY3,2022-03-17,2022-03-17,2023-03-20,-0.16315785148292017,-0.10747996508199376,-0.05567788640092641
21881,FLEURY,2021,2022,0.9165,11169,12344,regex_only,regex_only,core_20,,FLRY3,2023-03-16,2023-03-16,2024-03-21,0.07547169836685663,0.23902925769756478,-0.16355755933070815
21881,FLEURY,2022,2023,0.1029,12344,6469,regex_only,font_heading,core_20,,FLRY3,2024-03-07,2024-03-07,2025-03-11,-0.31565495207667726,-0.0376532572602597,-0.27800169481641757
21881,FLEURY,2023,2024,0.0381,6469,3635,font_heading,regex_only,core_20,,FLRY3,2025-02-27,2025-02-27,2026-03-05,0.4415467625899283,0.44603640927776955,-0.004489646687841242
23264,AMBEV,2015,2016,0.9542,1633,1715,font_heading,font_heading,core_20,,ABEV3,2018-07-05,2018-07-05,2019-07-17,-0.02228260869565213,0.3930414123846828,-0.41532402108033495
23264,AMBEV,2016,2017,0.9996,1715,1712,font_heading,font_heading,core_20,,ABEV3,2018-07-05,2018-07-05,2019-07-17,-0.02228260869565213,0.3930414123846828,-0.41532402108033495
23264,AMBEV,2017,2018,0.9462,1712,2042,font_heading,font_heading,core_20,,ABEV3,2019-02-28,2019-02-28,2020-03-06,-0.11085316308763782,0.025238650469454393,-0.1360918135570922
23264,AMBEV,2018,2019,0.9838,2042,2143,font_heading,font_heading,core_20,,ABEV3,2020-02-27,2020-02-27,2021-03-05,0.040000000000000036,0.11864745323279946,-0.07864745323279942
23264,AMBEV,2019,2020,0.849,2143,4024,font_heading,font_heading,core_20,,ABEV3,2021-02-25,2021-02-25,2022-03-02,0.02470007057163026,0.025987391716602914,-0.001287321144972653
23264,AMBEV,2020,2021,0.0874,4024,24896,font_heading,regex_only,core_20,,ABEV3,2022-02-24,2022-02-24,2023-03-01,-0.09231805929919135,-0.06458535016932687,-0.027732709129864475
23264,AMBEV,2021,2022,0.0661,24896,3299,regex_only,font_heading,core_20,,ABEV3,2023-03-02,2023-03-02,2024-03-07,-0.036557501904036616,0.2420905136683924,-0.278648015572429
23264,AMBEV,2022,2023,0.9666,3299,3718,font_heading,font_heading,core_20,,ABEV3,2024-02-29,2024-02-29,2025-02-28,-0.02861685214626386,-0.04821678062055801,0.019599928474294148
23264,AMBEV,2023,2024,0.9854,3718,3657,font_heading,font_heading,core_20,,ABEV3,2025-02-26,2025-02-26,2026-03-04,0.3333333333333335,0.48568050435081034,-0.15234717101747686
2577,CESP - Companhia Energética de São Paulo,2015,2016,0.0309,686,1699,font_heading,font_heading,dropped_or_delisted,dropped_or_delisted,CESP6,2017-03-24,2017-03-24,2018-04-04,-0.1537199124726477,0.3211387518700932,-0.47485866434274093
2577,CESP - Companhia Energética de São Paulo,2016,2017,0.2336,1699,154,font_heading,font_heading,dropped_or_delisted,dropped_or_delisted,CESP6,2018-03-21,2018-03-21,2019-04-01,0.5773324984345649,0.13036366839384828,0.44696883004071664
2577,CESP - Companhia Energética de São Paulo,2017,2018,1.0,154,154,font_heading,font_heading,dropped_or_delisted,dropped_or_delisted,CESP6,2019-03-22,2019-03-22,2020-03-26,0.11260162601626011,-0.17096564095752753,0.28356726697378765
2577,CESP - Companhia Energética de São Paulo,2018,2019,0.0363,154,9692,font_heading,regex_only,dropped_or_delisted,dropped_or_delisted,CESP6,2020-02-17,2020-02-17,2021-02-25,-0.21599768986427959,-0.02647440661665046,-0.18952328324762913
6505,Grupo Casas Bahia S.A. (Via Varejo),2015,2016,0.8034,3122,3231,font_heading,font_heading,dropped_or_delisted,dropped_or_delisted,BHIA3,2017-02-23,2017-02-23,2018-03-08,0.893939393939394,0.2597518373102008,0.6341875566291932
6505,Grupo Casas Bahia S.A. (Via Varejo),2016,2017,0.9082,3231,3485,font_heading,font_heading,dropped_or_delisted,dropped_or_delisted,BHIA3,2018-02-19,2018-02-19,2019-02-26,-0.38372093023255816,0.15107183152891324,-0.5347927617614714
6505,Grupo Casas Bahia S.A. (Via Varejo),2017,2018,0.842,3485,3880,font_heading,font_heading,dropped_or_delisted,dropped_or_delisted,BHIA3,2019-02-20,2019-02-20,2020-02-27,1.7024952015355086,0.06669120794789496,1.6358039935876136
6505,Grupo Casas Bahia S.A. (Via Varejo),2018,2019,0.7891,3880,6079,font_heading,font_heading,dropped_or_delisted,dropped_or_delisted,BHIA3,2020-03-26,2020-03-26,2021-04-05,1.1964912280701756,0.5122758225939992,0.6842154054761764
6505,Grupo Casas Bahia S.A. (Via Varejo),2019,2020,0.171,6079,11088,font_heading,regex_only,dropped_or_delisted,dropped_or_delisted,BHIA3,2021-03-02,2021-03-02,2022-03-07,-0.7171381031613977,0.00048108388216583364,-0.7176191870435635
6505,Grupo Casas Bahia S.A. (Via Varejo),2020,2021,0.0804,11088,533,regex_only,font_heading,dropped_or_delisted,dropped_or_delisted,BHIA3,2022-03-09,2022-03-09,2023-03-10,-0.46627565982404695,-0.09027312824527123,-0.3760025315787757
6505,Grupo Casas Bahia S.A. (Via Varejo),2021,2022,1.0,533,533,font_heading,font_heading,dropped_or_delisted,dropped_or_delisted,BHIA3,2023-03-09,2023-03-09,2024-03-14,-0.8348453608247423,0.2152709986438719,-1.050116359468614
6505,Grupo Casas Bahia S.A. (Via Varejo),2022,2023,0.2876,533,10433,font_heading,font_heading,dropped_or_delisted,dropped_or_delisted,BHIA3,2024-03-25,2024-03-25,2025-03-27,0.4696969696969697,0.048981391297209464,0.42071557839976026
6505,Grupo Casas Bahia S.A. (Via Varejo),2023,2024,0.5767,10433,9969,font_heading,font_heading,dropped_or_delisted,dropped_or_delisted,BHIA3,2025-03-12,2025-03-12,2026-03-16,-0.4652014652014652,0.4522069859159479,-0.9174084511174131
11312,Oi S.A. - Em Recuperação Judicial,2015,2016,0.8623,454,581,font_heading,font_heading,dropped_or_delisted,dropped_or_delisted,OIBR3,2017-03-22,2017-03-22,2018-04-02,-0.06506024121042386,0.3328818315230757,-0.3979420727334996
11312,Oi S.A. - Em Recuperação Judicial,2016,2017,0.051,581,826,font_heading,regex_only,dropped_or_delisted,dropped_or_delisted,OIBR3,2018-04-12,2018-04-12,2019-04-23,-0.39093059113870865,0.12265071445433029,-0.5135813055930389
11312,Oi S.A. - Em Recuperação Judicial,2017,2018,0.1459,826,24910,regex_only,regex_only,dropped_or_delisted,dropped_or_delisted,OIBR3,2019-03-26,2019-03-26,2020-03-30,-0.7127071823204421,-0.216850588446871,-0.49585659387357106
11312,Oi S.A. - Em Recuperação Judicial,2018,2019,0.1176,24910,987,regex_only,font_heading,dropped_or_delisted,dropped_or_delisted,OIBR3,2020-03-25,2020-03-25,2021-04-01,2.6346153846153846,0.5376216870874304,2.096993697527954
11312,Oi S.A. - Em Recuperação Judicial,2019,2020,0.7029,987,1600,font_heading,font_heading,dropped_or_delisted,dropped_or_delisted,OIBR3,2021-05-10,2021-05-10,2022-05-13,-0.6057142857142856,-0.1229182940755087,-0.48279599163877696
11312,Oi S.A. - Em Recuperação Judicial,2020,2021,1.0,1600,1600,font_heading,font_heading,dropped_or_delisted,dropped_or_delisted,OIBR3,2022-05-05,2022-05-05,2023-05-09,-0.8552631578947368,0.017183266876655168,-0.872446424771392
11312,Oi S.A. - Em Recuperação Judicial,2021,2022,0.7029,1600,984,font_heading,font_heading,dropped_or_delisted,dropped_or_delisted,OIBR3,2023-05-22,2023-05-22,2024-05-24,-0.46846846846846846,0.12786544832411972,-0.5963339167925882
11312,Oi S.A. - Em Recuperação Judicial,2022,2023,0.9374,984,978,font_heading,font_heading,dropped_or_delisted,dropped_or_delisted,OIBR3,2024-03-27,2024-03-27,2025-03-31,-0.8515753730534259,0.02011831409386211,-0.871693687147288
11312,Oi S.A. - Em Recuperação Judicial,2023,2024,0.9747,978,1028,font_heading,font_heading,dropped_or_delisted,dropped_or_delisted,OIBR3,2025-03-26,2025-03-26,2026-04-02,-0.8790322580645161,0.41905029466200583,-1.2980825527265218
14826,Companhia Brasileira de Distribuição (GPA),2015,2016,0.8269,7026,8890,font_heading,font_heading,dropped_or_delisted,dropped_or_delisted,PCAR3,2017-03-07,2017-03-29,2020-12-29,-0.1132941176789174,0.8222534114654907,-0.9355475291444081
14826,Companhia Brasileira de Distribuição (GPA),2016,2017,0.899,8890,8070,font_heading,font_heading,dropped_or_delisted,dropped_or_delisted,PCAR3,2018-02-19,2018-10-23,2021-01-12,-0.10187036812728045,0.4536688908550208,-0.5555392589823013
14826,Companhia Brasileira de Distribuição (GPA),2017,2018,0.9052,8070,8590,font_heading,font_heading,dropped_or_delisted,dropped_or_delisted,PCAR3,2019-03-26,2019-07-10,2021-01-18,-0.1571428571679333,0.14576594898178086,-0.30290880614971416
14826,Companhia Brasileira de Distribuição (GPA),2018,2019,0.1536,8590,6367,font_heading,regex_only,dropped_or_delisted,dropped_or_delisted,PCAR3,2020-10-28,2020-10-28,2021-11-05,0.8391369911616344,0.09914640811099984,0.7399905830506346
14826,Companhia Brasileira de Distribuição (GPA),2019,2020,0.4168,6367,1093,regex_only,regex_only,dropped_or_delisted,dropped_or_delisted,PCAR3,2021-02-23,2021-02-23,2022-02-24,0.27369871058160444,-0.03155142012155787,0.3052501307031623
14826,Companhia Brasileira de Distribuição (GPA),2020,2021,0.0761,1093,6845,regex_only,font_heading,dropped_or_delisted,dropped_or_delisted,PCAR3,2022-02-23,2022-02-23,2023-02-28,-0.3040752351097179,-0.0631714220132008,-0.2409038130965171
14826,Companhia Brasileira de Distribuição (GPA),2021,2022,0.9454,6845,7065,font_heading,font_heading,dropped_or_delisted,dropped_or_delisted,PCAR3,2023-02-27,2023-02-27,2024-03-04,-0.313041400659123,0.21406929549938236,-0.5271106961585054
14826,Companhia Brasileira de Distribuição (GPA),2022,2024,0.1432,7065,14904,font_heading,regex_only,dropped_or_delisted,dropped_or_delisted,PCAR3,2025-02-18,2025-02-18,2026-02-24,0.06825938566552892,0.48983001937809734,-0.4215706337125684
16101,Gafisa S.A.,2015,2016,0.8999,9999,9460,font_heading,font_heading,dropped_or_delisted,dropped_or_delisted,GFSA3,2017-05-09,2017-05-09,2018-05-16,-0.03788191804013863,0.30567308718004127,-0.3435550052201799
16101,Gafisa S.A.,2016,2017,0.9214,9460,9321,font_heading,font_heading,dropped_or_delisted,dropped_or_delisted,GFSA3,2018-03-09,2018-03-09,2019-03-20,-0.17983193269974396,0.13511369097714154,-0.3149456236768855
16101,Gafisa S.A.,2017,2018,0.9204,9321,10509,font_heading,font_heading,dropped_or_delisted,dropped_or_delisted,GFSA3,2019-04-03,2019-04-03,2020-04-07,-0.5723025226794352,-0.19190502678125054,-0.3803974958981846
16101,Gafisa S.A.,2018,2019,0.9273,10509,7976,font_heading,font_heading,dropped_or_delisted,dropped_or_delisted,GFSA3,2020-03-26,2020-03-26,2021-04-05,0.34909161502883856,0.5122758225939992,-0.1631842075651606
16101,Gafisa S.A.,2019,2020,0.9205,7976,9382,font_heading,font_heading,dropped_or_delisted,dropped_or_delisted,GFSA3,2021-03-16,2021-03-16,2022-03-21,-0.6365503080768486,0.018731563344213997,-0.6552818714210626
16101,Gafisa S.A.,2020,2021,0.9258,9382,9858,font_heading,font_heading,dropped_or_delisted,dropped_or_delisted,GFSA3,2022-03-19,2022-03-21,2023-03-22,-0.578032307580552,-0.13717846389632837,-0.44085384368422365
16101,Gafisa S.A.,2021,2022,0.891,9858,8175,font_heading,font_heading,dropped_or_delisted,dropped_or_delisted,GFSA3,2023-03-29,2023-03-29,2024-04-04,0.2589861996960521,0.251835891281599,0.007150308414453077
16101,Gafisa S.A.,2022,2023,0.8883,8175,8508,font_heading,font_heading,dropped_or_delisted,dropped_or_delisted,GFSA3,2024-03-26,2024-03-26,2025-03-28,-0.6713395638629284,0.03972126786828811,-0.7110608317312165
16101,Gafisa S.A.,2023,2024,0.1705,8508,1659,font_heading,regex_only,dropped_or_delisted,dropped_or_delisted,GFSA3,2025-03-27,2025-03-27,2026-03-31,-0.9484756097560976,0.40791287939240894,-1.3563884891485065
16292,BRF S.A.,2015,2016,0.0444,18236,689,regex_only,regex_only,dropped_or_delisted,dropped_or_delisted,BRFS3,2017-02-23,2017-02-23,2018-03-07,-0.3802955665024631,0.2671477714882542,-0.6474433379907173
16292,BRF S.A.,2016,2017,0.8717,689,1305,regex_only,regex_only,dropped_or_delisted,dropped_or_delisted,BRFS3,2018-02-22,2018-02-22,2019-03-01,-0.3376371852808263,0.09133261311312202,-0.42896979839394833
16292,BRF S.A.,2017,2018,0.0809,1305,10115,regex_only,regex_only,dropped_or_delisted,dropped_or_delisted,BRFS3,2019-02-28,2019-02-28,2020-03-06,0.12348079727758865,0.025238650469454393,0.09824214680813426
16292,BRF S.A.,2018,2019,0.2054,10115,4500,regex_only,regex_only,dropped_or_delisted,dropped_or_delisted,BRFS3,2020-03-03,2020-03-03,2021-03-10,-0.07609942638623324,0.06859568815137052,-0.14469511453760375
16292,BRF S.A.,2019,2020,0.8558,4500,4833,regex_only,regex_only,dropped_or_delisted,dropped_or_delisted,BRFS3,2021-02-25,2021-02-25,2022-03-02,-0.2912912912912913,0.025987391716602914,-0.3172786830078942
16292,BRF S.A.,2020,2021,0.8336,4833,5457,regex_only,regex_only,dropped_or_delisted,dropped_or_delisted,BRFS3,2022-02-22,2022-02-22,2023-02-27,-0.6656330749354006,-0.063607365636831,-0.6020257092985696
16292,BRF S.A.,2021,2022,0.8342,5457,4879,regex_only,regex_only,dropped_or_delisted,dropped_or_delisted,BRFS3,2023-02-28,2023-02-28,2024-03-05,1.5876623376623376,0.2207734099620584,1.3668889277002791
16292,BRF S.A.,2022,2023,0.0903,4879,7521,regex_only,font_heading,dropped_or_delisted,dropped_or_delisted,BRFS3,2024-02-26,2024-02-26,2025-02-25,0.3461812990720914,-0.028003831522567357,0.37418513059465874
16306,Rossi Residencial S.A. - Em Recuperação Judicial,2015,2016,0.4262,9179,4700,regex_only,regex_only,dropped_or_delisted,dropped_or_delisted,RSID3,2017-03-23,2017-03-23,2018-04-03,-0.1482939632545932,0.3320070472915575,-0.4803010105461507
16306,Rossi Residencial S.A. - Em Recuperação Judicial,2016,2017,0.9183,4700,5878,regex_only,regex_only,dropped_or_delisted,dropped_or_delisted,RSID3,2018-03-26,2018-03-26,2019-04-04,-0.31093749999999987,0.13192481277587653,-0.4428623127758764
16306,Rossi Residencial S.A. - Em Recuperação Judicial,2017,2018,0.899,5878,4872,regex_only,regex_only,dropped_or_delisted,dropped_or_delisted,RSID3,2019-03-27,2019-03-27,2020-03-31,-0.08262711864406769,-0.20547270285974184,0.12284558421567415
16306,Rossi Residencial S.A. - Em Recuperação Judicial,2018,2020,0.8215,4872,4765,regex_only,regex_only,dropped_or_delisted,dropped_or_delisted,RSID3,2021-03-17,2021-03-17,2022-03-22,-0.19351767383420215,0.006203376009357164,-0.19972104984355932
16306,Rossi Residencial S.A. - Em Recuperação Judicial,2020,2021,0.8075,4765,6995,regex_only,regex_only,dropped_or_delisted,dropped_or_delisted,RSID3,2022-03-16,2022-03-16,2023-03-17,-0.6347826086956523,-0.08217712455753146,-0.5526054841381208
16306,Rossi Residencial S.A. - Em Recuperação Judicial,2021,2022,0.029,6995,592,regex_only,font_heading,dropped_or_delisted,dropped_or_delisted,RSID3,2023-09-29,2023-09-29,2024-10-02,-0.15463917525773196,0.1454102456162505,-0.30004942087398245
16306,Rossi Residencial S.A. - Em Recuperação Judicial,2022,2023,0.7271,592,532,font_heading,font_heading,dropped_or_delisted,dropped_or_delisted,RSID3,2024-06-24,2024-06-24,2025-06-27,-0.6186915887850467,0.11602399472393965,-0.7347155835089864
19453,Ecorodovias Infraestrutura e Logística S.A.,2015,2016,0.9541,21893,21501,font_heading,font_heading,dropped_or_delisted,dropped_or_delisted,ECOR3,2017-02-20,2017-02-20,2018-03-02,-0.03167898627243937,0.25139006310257583,-0.2830690493750152
19453,Ecorodovias Infraestrutura e Logística S.A.,2016,2017,0.5894,21501,32671,font_heading,font_heading,dropped_or_delisted,dropped_or_delisted,ECOR3,2018-02-28,2018-02-28,2019-03-11,0.01492537313432818,0.14847682446631705,-0.13355145133198887
19453,Ecorodovias Infraestrutura e Logística S.A.,2017,2018,0.1958,32671,8947,font_heading,regex_only,dropped_or_delisted,dropped_or_delisted,ECOR3,2019-03-14,2019-03-14,2020-03-18,-0.05314009661835739,-0.3215843630935533,0.2684442664751959
19453,Ecorodovias Infraestrutura e Logística S.A.,2018,2019,0.8939,8947,8739,regex_only,regex_only,dropped_or_delisted,dropped_or_delisted,ECOR3,2020-02-18,2020-02-18,2021-02-26,-0.3579743888242143,-0.04298352805292871,-0.3149908607712856
19453,Ecorodovias Infraestrutura e Logística S.A.,2019,2020,0.9202,8739,9459,regex_only,regex_only,dropped_or_delisted,dropped_or_delisted,ECOR3,2021-03-10,2021-03-10,2022-03-15,-0.3971830985915493,-0.033847391419967066,-0.36333570717158226
19453,Ecorodovias Infraestrutura e Logística S.A.,2020,2022,0.2484,9459,27845,regex_only,font_heading,dropped_or_delisted,dropped_or_delisted,ECOR3,2023-03-16,2023-03-16,2024-03-21,0.8945147679324894,0.23902925769756478,0.6554855102349246
19453,Ecorodovias Infraestrutura e Logística S.A.,2022,2023,0.2703,27845,10569,font_heading,regex_only,dropped_or_delisted,dropped_or_delisted,ECOR3,2024-03-13,2024-03-13,2025-03-17,-0.4084656084656084,0.02209200268268563,-0.43055761114829405
19453,Ecorodovias Infraestrutura e Logística S.A.,2023,2024,0.5679,10569,17013,regex_only,regex_only,dropped_or_delisted,dropped_or_delisted,ECOR3,2025-03-18,2025-03-18,2026-03-20,0.4174228675136116,0.3403290503049521,0.07709381720865949
19879,Light S.A. - Em Recuperação Judicial,2017,2018,0.3626,14233,30379,regex_only,font_heading,dropped_or_delisted,dropped_or_delisted,LIGT3,2019-03-28,2019-03-28,2020-04-01,-0.5730392156862745,-0.24814602219285442,-0.32489319349342005
19879,Light S.A. - Em Recuperação Judicial,2018,2019,0.9927,30379,27401,font_heading,font_heading,dropped_or_delisted,dropped_or_delisted,LIGT3,2020-03-12,2020-03-12,2021-03-19,0.39489051094890515,0.601233519966857,-0.20634300901795188
19879,Light S.A. - Em Recuperação Judicial,2019,2021,0.9739,27401,11805,font_heading,font_heading,dropped_or_delisted,dropped_or_delisted,LIGT3,2022-03-24,2022-03-24,2023-03-27,-0.7721518987341772,-0.162805260283012,-0.6093466384511652
19879,Light S.A. - Em Recuperação Judicial,2021,2022,0.1314,11805,6173,font_heading,regex_only,dropped_or_delisted,dropped_or_delisted,LIGT3,2023-03-28,2023-03-28,2024-04-03,1.2446351931330475,0.2582722414932872,0.9863629516397603
19879,Light S.A. - Em Recuperação Judicial,2022,2023,0.1343,6173,7503,regex_only,font_heading,dropped_or_delisted,dropped_or_delisted,LIGT3,2024-03-25,2024-03-25,2025-03-27,0.011583011583011782,0.048981391297209464,-0.03739837971419768
19879,Light S.A. - Em Recuperação Judicial,2023,2024,0.8374,7503,2805,font_heading,font_heading,dropped_or_delisted,dropped_or_delisted,LIGT3,2025-03-28,2025-03-28,2026-04-01,0.1208791208791209,0.424941649940888,-0.3040625290617671
19909,BR Malls Participações S.A.,2015,2016,0.8756,5575,5469,regex_only,regex_only,dropped_or_delisted,dropped_or_delisted,BRML3,2017-03-15,2017-03-15,2018-03-23,-0.1318774442780526,0.2739088528581919,-0.4057862971362445
19909,BR Malls Participações S.A.,2016,2017,0.4112,5469,5352,regex_only,regex_only,dropped_or_delisted,dropped_or_delisted,BRML3,2018-03-16,2018-03-16,2019-03-27,0.08192341941228842,0.08266239806386122,-0.000738978651572797
19909,BR Malls Participações S.A.,2017,2019,0.0638,5352,991,regex_only,font_heading,dropped_or_delisted,dropped_or_delisted,BRML3,2020-03-12,2020-03-12,2021-03-19,-0.15309734513274342,0.601233519966857,-0.7543308650996005
19909,BR Malls Participações S.A.,2019,2020,0.4084,991,1505,font_heading,font_heading,dropped_or_delisted,dropped_or_delisted,BRML3,2021-04-09,2021-04-09,2022-04-13,-0.11670020120724345,-0.007546024939257934,-0.10915417626798551
20478,PDG Realty S.A. Empreendimentos e Participações,2015,2016,0.529,2925,14388,font_heading,font_heading,dropped_or_delisted,dropped_or_delisted,PDGR3,2017-03-29,2017-03-29,2018-04-09,-0.2676056338028169,0.27131701437653866,-0.5389226481793555
20478,PDG Realty S.A. Empreendimentos e Participações,2016,2017,0.851,14388,12479,font_heading,font_heading,dropped_or_delisted,dropped_or_delisted,PDGR3,2018-03-29,2018-03-29,2019-04-09,-0.6,0.12799342029736582,-0.7279934202973658
20478,PDG Realty S.A. Empreendimentos e Participações,2017,2018,0.0955,12479,1862,font_heading,regex_only,dropped_or_delisted,dropped_or_delisted,PDGR3,2019-04-03,2019-04-03,2020-04-07,-0.5420827389443652,-0.19190502678125054,-0.35017771216311466
20478,PDG Realty S.A. Empreendimentos e Participações,2018,2019,0.8485,1862,2566,regex_only,regex_only,dropped_or_delisted,dropped_or_delisted,PDGR3,2020-03-30,2020-03-30,2021-04-07,0.3662440931166182,0.5758895962297701,-0.2096455031131519
20478,PDG Realty S.A. Empreendimentos e Participações,2019,2020,0.5063,2566,5103,regex_only,regex_only,dropped_or_delisted,dropped_or_delisted,PDGR3,2021-03-30,2021-03-30,2022-04-04,-0.7142857142857143,0.03791059059045687,-0.7521963048761712
20478,PDG Realty S.A. Empreendimentos e Participações,2020,2021,0.4456,5103,1127,regex_only,regex_only,dropped_or_delisted,dropped_or_delisted,PDGR3,2022-03-25,2022-03-25,2023-03-28,-0.9660431654676259,-0.1502844321346296,-0.8157587333329963
20478,PDG Realty S.A. Empreendimentos e Participações,2021,2022,0.3962,1127,2405,regex_only,regex_only,dropped_or_delisted,dropped_or_delisted,PDGR3,2023-10-26,2023-10-26,2024-10-28,-0.9958847736625515,0.14319715663941301,-1.1390819303019644
20478,PDG Realty S.A. Empreendimentos e Participações,2022,2023,0.2766,2405,3332,regex_only,regex_only,dropped_or_delisted,dropped_or_delisted,PDGR3,2024-03-28,2024-03-28,2025-04-01,-0.9769696969696969,0.023739618956474473,-1.0007093159261715
20478,PDG Realty S.A. Empreendimentos e Participações,2023,2024,0.2368,3332,2258,regex_only,regex_only,dropped_or_delisted,dropped_or_delisted,PDGR3,2025-03-31,2025-03-31,2026-04-02,-0.9892105263157894,0.4436717648473194,-1.432882291163109
20494,Iguatemi Empresa de Shopping Centers S/A (pre-restructuring entity),2015,2016,0.9743,23831,22208,font_heading,font_heading,dropped_or_delisted,dropped_or_delisted,IGTA3,2017-02-21,2017-02-21,2018-03-05,0.2333540759178594,0.2457684800531541,-0.01241440413529471
20494,Iguatemi Empresa de Shopping Centers S/A (pre-restructuring entity),2016,2017,0.8553,22208,18088,font_heading,font_heading,dropped_or_delisted,dropped_or_delisted,IGTA3,2018-02-27,2018-02-27,2019-03-08,0.04785894206549113,0.09696172239997858,-0.04910278033448745
20494,Iguatemi Empresa de Shopping Centers S/A (pre-restructuring entity),2017,2018,0.9233,18088,19235,font_heading,font_heading,dropped_or_delisted,dropped_or_delisted,IGTA3,2019-02-26,2019-02-26,2020-03-04,0.2095216191352347,0.09858046668886544,0.11094115244636926
20524,Even Construtora e Incorporadora S/A,2015,2016,0.9878,8254,8321,regex_only,regex_only,dropped_or_delisted,dropped_or_delisted,EVEN3,2017-03-22,2017-03-22,2018-04-02,0.07446808510638281,0.3328818315230757,-0.2584137464166929
20524,Even Construtora e Incorporadora S/A,2016,2017,0.0642,8321,8175,regex_only,regex_only,dropped_or_delisted,dropped_or_delisted,EVEN3,2018-03-26,2018-03-26,2019-04-04,0.08303249097472931,0.13192481277587653,-0.04889232180114722
20524,Even Construtora e Incorporadora S/A,2017,2018,0.0627,8175,5385,regex_only,regex_only,dropped_or_delisted,dropped_or_delisted,EVEN3,2019-03-28,2019-03-28,2020-04-01,-0.07500000000000007,-0.24814602219285442,0.17314602219285435
20524,Even Construtora e Incorporadora S/A,2018,2019,0.1154,5385,9952,regex_only,regex_only,dropped_or_delisted,dropped_or_delisted,EVEN3,2020-03-30,2020-03-30,2021-04-07,0.47543352601156075,0.5758895962297701,-0.10045607021820935
20524,Even Construtora e Incorporadora S/A,2019,2020,0.0675,9952,4582,regex_only,regex_only,dropped_or_delisted,dropped_or_delisted,EVEN3,2021-03-18,2021-03-18,2022-03-23,-0.3883883883883884,0.02283189081975845,-0.41122027920814685
20524,Even Construtora e Incorporadora S/A,2020,2021,0.4398,4582,4366,regex_only,regex_only,dropped_or_delisted,dropped_or_delisted,EVEN3,2022-03-22,2022-03-22,2023-03-23,-0.28409090909090906,-0.16496714829161907,-0.11912376079928999
20524,Even Construtora e Incorporadora S/A,2021,2022,0.8871,4366,6542,regex_only,regex_only,dropped_or_delisted,dropped_or_delisted,EVEN3,2023-03-28,2023-03-28,2024-04-03,0.872767857142857,0.2582722414932872,0.6144956156495698
20524,Even Construtora e Incorporadora S/A,2022,2023,0.0927,6542,3659,regex_only,font_heading,dropped_or_delisted,dropped_or_delisted,EVEN3,2024-03-21,2024-03-21,2025-03-25,-0.20546318289786214,0.030502213000660028,-0.23596539589852217
20524,Even Construtora e Incorporadora S/A,2023,2024,0.1474,3659,983,font_heading,font_heading,dropped_or_delisted,dropped_or_delisted,EVEN3,2025-03-27,2025-03-27,2026-03-31,0.09473684210526323,0.40791287939240894,-0.3131760372871457
20605,JHSF Participações S.A.,2015,2016,0.9487,2678,2137,regex_only,regex_only,dropped_or_delisted,dropped_or_delisted,JHSF3,2017-03-30,2017-03-30,2018-04-10,-0.357429718875502,0.29486081416382626,-0.6522905330393283
20605,JHSF Participações S.A.,2016,2017,0.9664,2137,1857,regex_only,regex_only,dropped_or_delisted,dropped_or_delisted,JHSF3,2018-04-16,2018-04-16,2019-04-25,0.6225165562913908,0.16522072111103836,0.45729583518035244
20605,JHSF Participações S.A.,2017,2019,0.9803,1857,2011,regex_only,regex_only,dropped_or_delisted,dropped_or_delisted,JHSF3,2020-02-13,2020-02-13,2021-02-23,-0.12452350698856418,-0.0037604268975914845,-0.1207630800909727
20605,JHSF Participações S.A.,2019,2020,0.4407,2011,3021,regex_only,regex_only,dropped_or_delisted,dropped_or_delisted,JHSF3,2021-02-18,2021-02-18,2022-02-21,-0.23719676549865232,-0.06269911560477404,-0.17449764989387828
20605,JHSF Participações S.A.,2020,2021,0.1369,3021,5532,regex_only,regex_only,dropped_or_delisted,dropped_or_delisted,JHSF3,2022-02-24,2022-02-24,2023-03-01,-0.2271914132379248,-0.06458535016932687,-0.16260606306859793
20605,JHSF Participações S.A.,2021,2023,0.159,5532,4764,regex_only,regex_only,dropped_or_delisted,dropped_or_delisted,JHSF3,2024-03-26,2024-03-26,2025-03-28,-0.03953488372093017,0.03972126786828811,-0.07925615158921828
20605,JHSF Participações S.A.,2023,2024,0.1681,4764,5959,regex_only,regex_only,dropped_or_delisted,dropped_or_delisted,JHSF3,2025-03-28,2025-03-28,2026-04-01,1.3438256658595642,0.424941649940888,0.9188840159186762
20770,EZ Tec Empreendimentos e Participações S/A,2015,2016,1.0,140,126,regex_only,regex_only,dropped_or_delisted,dropped_or_delisted,EZTC3,2017-03-20,2017-03-20,2018-03-28,0.12125824498788162,0.2926727849446409,-0.17141453995675926
20770,EZ Tec Empreendimentos e Participações S/A,2016,2017,1.0,126,113,regex_only,regex_only,dropped_or_delisted,dropped_or_delisted,EZTC3,2018-03-16,2018-03-16,2019-03-27,0.0819327733241999,0.08266239806386122,-0.0007296247396613165
20770,EZ Tec Empreendimentos e Participações S/A,2017,2018,0.0653,113,4979,regex_only,regex_only,dropped_or_delisted,dropped_or_delisted,EZTC3,2019-03-22,2019-03-22,2020-03-26,0.7710010029392862,-0.17096564095752753,0.9419666438968137
20770,EZ Tec Empreendimentos e Participações S/A,2018,2019,0.1231,4979,476,regex_only,regex_only,dropped_or_delisted,dropped_or_delisted,EZTC3,2020-03-19,2020-03-19,2021-03-26,0.10052910028229545,0.6797540822867243,-0.5792249820044288
20770,EZ Tec Empreendimentos e Participações S/A,2019,2021,0.0483,476,2727,regex_only,regex_only,dropped_or_delisted,dropped_or_delisted,EZTC3,2022-03-17,2022-03-17,2023-03-20,-0.2536057694585465,-0.10747996508199376,-0.14612580437655276
20770,EZ Tec Empreendimentos e Participações S/A,2021,2022,0.0281,2727,504,regex_only,regex_only,dropped_or_delisted,dropped_or_delisted,EZTC3,2023-09-18,2023-09-18,2024-09-19,-0.3331795108509842,0.1254094554309344,-0.4585889662819186
20770,EZ Tec Empreendimentos e Participações S/A,2022,2023,0.2685,504,185,regex_only,regex_only,dropped_or_delisted,dropped_or_delisted,EZTC3,2024-03-18,2024-03-18,2025-03-20,-0.06465256754873305,0.039389959432607924,-0.10404252698134098
20770,EZ Tec Empreendimentos e Participações S/A,2023,2024,0.0879,185,3040,regex_only,regex_only,dropped_or_delisted,dropped_or_delisted,EZTC3,2025-03-13,2025-03-13,2026-03-17,0.29451863705278236,0.4359589296506423,-0.14144029259785995
21091,Dexco S.A. (formerly Duratex),2015,2016,0.4793,5978,11785,regex_only,regex_only,dropped_or_delisted,dropped_or_delisted,DXCO3,2017-02-08,2017-02-08,2018-02-20,0.4409638553300155,0.32341205575966203,0.11755179957035344
21091,Dexco S.A. (formerly Duratex),2016,2017,0.4532,11785,6197,regex_only,regex_only,dropped_or_delisted,dropped_or_delisted,DXCO3,2018-02-05,2018-02-05,2019-02-14,0.22791164659795737,0.19733428909876483,0.030577357499192548
21091,Dexco S.A. (formerly Duratex),2017,2018,0.8306,6197,7977,regex_only,regex_only,dropped_or_delisted,dropped_or_delisted,DXCO3,2019-02-13,2019-02-13,2020-02-18,0.4656301144951345,0.19964963314775108,0.2659804813473834
21091,Dexco S.A. (formerly Duratex),2018,2019,0.653,7977,9199,regex_only,regex_only,dropped_or_delisted,dropped_or_delisted,DXCO3,2020-02-12,2020-02-12,2021-02-22,0.1259124084928711,-0.03433838358298891,0.16025079207586002
21091,Dexco S.A. (formerly Duratex),2019,2020,0.9248,9199,8534,regex_only,regex_only,dropped_or_delisted,dropped_or_delisted,DXCO3,2021-02-08,2021-02-08,2022-02-11,-0.31172607877873704,-0.051162875796724294,-0.26056320298201274
21091,Dexco S.A. (formerly Duratex),2020,2021,0.6863,8534,17036,regex_only,regex_only,dropped_or_delisted,dropped_or_delisted,DXCO3,2022-02-09,2022-02-09,2023-02-10,-0.4559309851030723,-0.038974442695399736,-0.41695654240767255
21091,Dexco S.A. (formerly Duratex),2021,2022,0.7356,17036,10271,regex_only,regex_only,dropped_or_delisted,dropped_or_delisted,DXCO3,2023-03-08,2023-03-08,2024-03-13,0.30246913578753243,0.20147987165797887,0.10098926412955356
21091,Dexco S.A. (formerly Duratex),2022,2023,0.8754,10271,8482,regex_only,regex_only,dropped_or_delisted,dropped_or_delisted,DXCO3,2024-03-06,2024-03-06,2025-03-10,-0.2771535580435317,-0.03391141438726575,-0.24324214365626595
21091,Dexco S.A. (formerly Duratex),2023,2024,0.6719,8482,9196,regex_only,regex_only,dropped_or_delisted,dropped_or_delisted,DXCO3,2025-03-12,2025-03-12,2026-03-16,-0.07033989274530184,0.4522069859159479,-0.5225468786612497
23272,LOG Commercial Properties e Participações,2015,2016,0.9393,11052,12814,font_heading,font_heading,dropped_or_delisted,dropped_or_delisted,LOGG3,2019-10-10,2019-10-10,2020-10-16,0.31890756302521006,-0.03445374107099897,0.35336130409620903
23272,LOG Commercial Properties e Participações,2016,2017,0.7888,12814,11956,font_heading,font_heading,dropped_or_delisted,dropped_or_delisted,LOGG3,2018-12-16,2018-12-21,2020-01-02,0.8485714285714288,0.3836294439196637,0.46494198465176506
23272,LOG Commercial Properties e Participações,2017,2021,0.3115,11956,1338,font_heading,font_heading,dropped_or_delisted,dropped_or_delisted,LOGG3,2022-02-08,2022-02-08,2023-02-09,-0.3663729809104258,-0.03765697273368629,-0.3287160081767395
23272,LOG Commercial Properties e Participações,2021,2022,0.0,1338,68,font_heading,font_heading,dropped_or_delisted,dropped_or_delisted,LOGG3,2023-02-08,2023-02-08,2024-02-16,0.1994134897360702,0.17075157417148223,0.02866191556458797
23272,LOG Commercial Properties e Participações,2022,2023,0.0209,68,660,font_heading,font_heading,dropped_or_delisted,dropped_or_delisted,LOGG3,2024-02-06,2024-02-06,2025-02-07,-0.09090909090909083,-0.04444927172069202,-0.04645981918839881
23272,LOG Commercial Properties e Participações,2023,2024,0.0515,660,1262,font_heading,regex_only,dropped_or_delisted,dropped_or_delisted,LOGG3,2025-02-05,2025-02-05,2026-02-09,0.4646411733892091,0.48359047069851213,-0.01894929730930306
23310,CVC Brasil Operadora e Agência de Viagens S.A.,2015,2016,0.8405,932,1779,font_heading,font_heading,dropped_or_delisted,dropped_or_delisted,CVCB3,2017-02-15,2017-02-15,2018-02-27,0.9982206405357932,0.27892163626996647,0.7192990042658267
23310,CVC Brasil Operadora e Agência de Viagens S.A.,2016,2017,0.0963,1779,9584,font_heading,regex_only,dropped_or_delisted,dropped_or_delisted,CVCB3,2018-02-08,2018-02-08,2019-02-19,0.13206511809945498,0.19779369044478323,-0.06572857234532825
23310,CVC Brasil Operadora e Agência de Viagens S.A.,2017,2018,0.255,9584,11313,regex_only,font_heading,dropped_or_delisted,dropped_or_delisted,CVCB3,2019-02-26,2019-02-26,2020-03-04,-0.6301484075701469,0.09858046668886544,-0.7287288742590123
23310,CVC Brasil Operadora e Agência de Viagens S.A.,2018,2019,0.8464,11313,10977,font_heading,font_heading,dropped_or_delisted,dropped_or_delisted,CVCB3,2020-09-01,2020-09-01,2021-09-09,0.12419778322548614,0.1291335022061788,-0.0049357189806926716
23310,CVC Brasil Operadora e Agência de Viagens S.A.,2019,2020,0.104,10977,5936,font_heading,regex_only,dropped_or_delisted,dropped_or_delisted,CVCB3,2021-03-26,2021-03-26,2022-03-31,-0.08288511898697093,0.045465950610826145,-0.12835106959779707
23310,CVC Brasil Operadora e Agência de Viagens S.A.,2020,2021,0.9762,5936,6428,regex_only,regex_only,dropped_or_delisted,dropped_or_delisted,CVCB3,2022-03-15,2022-03-15,2023-03-16,-0.6709613478691774,-0.050703703125846045,-0.6202576447433313
23310,CVC Brasil Operadora e Agência de Viagens S.A.,2021,2022,0.7821,6428,8334,regex_only,regex_only,dropped_or_delisted,dropped_or_delisted,CVCB3,2023-03-21,2023-03-21,2024-03-26,0.006211180124223503,0.25609276132142256,-0.24988158119719905
23310,CVC Brasil Operadora e Agência de Viagens S.A.,2022,2023,0.9267,8334,8431,regex_only,regex_only,dropped_or_delisted,dropped_or_delisted,CVCB3,2024-03-26,2024-03-26,2025-03-28,-0.30246913580246926,0.03972126786828811,-0.34219040367075737
23310,CVC Brasil Operadora e Agência de Viagens S.A.,2023,2024,0.9723,8431,8137,regex_only,regex_only,dropped_or_delisted,dropped_or_delisted,CVCB3,2025-03-26,2025-03-26,2026-03-30,-0.16309012875536488,0.3772616177693826,-0.5403517465247475
