cd_cvm,year_curr,TextChange,cosine_similarity,BHAR_raw,BHAR_ajustado
2437,2019,0.5875,0.4125,-0.13781134291256614,-0.13781134291256614
2437,2020,0.5864,0.4136,0.06949277925000685,0.06949277925000685
2437,2021,0.06240000000000001,0.9376,-0.09538890350990137,-0.09538890350990137
2437,2022,0.8260000000000001,0.174,-0.08580191330556175,-0.08580191330556175
2437,2023,0.8007,0.1993,0.17515675334558534,0.17515675334558534
2437,2024,0.31999999999999995,0.68,0.39399483382251765,0.39399483382251765
2453,2014,0.17159999999999997,0.8284,-0.3782775862033513,-0.3782775862033513
2453,2015,0.1351,0.8649,-0.3185660421174312,-0.3185660421174312
2453,2016,0.0534,0.9466,-0.36219742701373103,-0.36219742701373103
2453,2017,0.13290000000000002,0.8671,1.3157113341912727,1.3157113341912727
2453,2018,0.383,0.617,-0.3373674047505201,-0.3373674047505201
2453,2019,0.07530000000000003,0.9247,0.04852025496422363,0.04852025496422363
2453,2020,0.05620000000000003,0.9438,0.3868497627593859,0.3868497627593859
2453,2021,0.10819999999999996,0.8918,-0.1049992626695524,-0.1049992626695524
2453,2022,0.1985,0.8015,-0.35769713298169725,-0.35769713298169725
2453,2023,0.5006999999999999,0.4993,0.34254670035242807,0.34254670035242807
2453,2024,0.5851999999999999,0.4148,-0.3418857606494887,-0.3418857606494887
2461,2012,0.44710000000000005,0.5529,0.30207849619313865,0.30207849619313865
2461,2013,0.9377,0.0623,0.4733791658062707,0.4733791658062707
2461,2014,0.0,1.0,-0.10746697945960204,-0.10746697945960204
2461,2015,0.0,1.0,-0.18167194127727837,-0.18167194127727837
2461,2016,0.916,0.084,0.07189260184082191,0.07189260184082191
2461,2017,0.4579,0.5421,0.3355201732340576,0.3355201732340576
2461,2018,0.9526,0.0474,-0.4345010013267663,-0.4345010013267663
2461,2019,0.0,1.0,-0.010744484613589678,-0.010744484613589678
2461,2020,0.9148000000000001,0.0852,0.3035705256425705,0.3035705256425705
2461,2021,0.09750000000000003,0.9025,-0.43451670048341584,-0.43451670048341584
2461,2022,0.4075,0.5925,0.2664692722339592,0.2664692722339592
2461,2023,0.36960000000000004,0.6304,-0.13961079683015987,-0.13961079683015987
2577,2014,0.9271,0.0729,-0.215534514403531,-0.215534514403531
2577,2015,0.0736,0.9264,0.0010653186431344164,0.0010653186431344164
2577,2016,0.9849,0.0151,-0.22777257928560535,-0.22777257928560535
2577,2017,0.7967,0.2033,0.889086751058773,0.889086751058773
2577,2018,0.0,1.0,-0.2636370972517328,-0.2636370972517328
2577,2019,0.9505,0.0495,-0.3779262533416403,-0.3779262533416403
3980,2014,0.07589999999999997,0.9241,-0.3011878478772202,-0.3011878478772202
3980,2015,0.3016,0.6984,2.5029949136411105,2.5029949136411105
3980,2016,0.08320000000000005,0.9168,-0.24398178203656595,-0.24398178203656595
3980,2017,0.1744,0.8256,-0.41042887804540307,-0.41042887804540307
3980,2018,0.10529999999999995,0.8947,0.04667812185369713,0.04667812185369713
3980,2019,0.22740000000000005,0.7726,0.44314424936822183,0.44314424936822183
3980,2022,0.21689999999999998,0.7831,-0.5495607537104499,-0.5495607537104499
3980,2023,0.20850000000000002,0.7915,0.5103643762038681,0.5103643762038681
3980,2024,0.28359999999999996,0.7164,0.011513616406151117,0.011513616406151117
4030,2014,0.127,0.873,1.548879029254627,1.548879029254627
4030,2015,0.46950000000000003,0.5305,-0.5838452410391297,-0.5838452410391297
4030,2016,0.23219999999999996,0.7678,-0.36615657391460443,-0.36615657391460443
4030,2017,0.39139999999999997,0.6086,0.8961687881650968,0.8961687881650968
4030,2018,0.28359999999999996,0.7164,0.07613745200982791,0.07613745200982791
4030,2019,0.27980000000000005,0.7202,2.577852339249685,2.577852339249685
4030,2020,0.22760000000000002,0.7724,-0.8168100296629746,-0.8168100296629746
4030,2021,0.1955,0.8045,-0.3361036044853829,-0.3361036044853829
4030,2022,0.3469,0.6531,-0.14748877165053031,-0.14748877165053031
4030,2023,0.014100000000000001,0.9859,-0.3432860898395502,-0.3432860898395502
4030,2024,0.10699999999999998,0.893,-0.21258459142558372,-0.21258459142558372
4170,2014,0.22330000000000005,0.7767,-0.15155715564549677,-0.15155715564549677
4170,2015,0.36140000000000005,0.6386,0.3972523949452773,0.3972523949452773
4170,2016,0.17269999999999996,0.8273,-0.33746857460449964,-0.33746857460449964
4170,2017,0.07189999999999996,0.9281,-0.3761128331830831,-0.3761128331830831
4170,2018,0.2548,0.7452,-0.3151026798176919,-0.3151026798176919
4170,2019,0.2944,0.7056,1.3427935585485256,1.3427935585485256
4170,2020,0.277,0.723,-0.44592874734254506,-0.44592874734254506
4170,2021,0.08089999999999997,0.9191,-0.020345966790348724,-0.020345966790348724
4170,2022,0.5538000000000001,0.4462,-0.41179339204021126,-0.41179339204021126
4170,2023,0.9577,0.0423,0.34809543841539603,0.34809543841539603
4170,2024,0.0,1.0,0.23515952200252888,0.23515952200252888
4820,2018,0.26570000000000005,0.7343,-0.7290088975230367,-0.7290088975230367
4820,2024,0.3218,0.6782,-0.0708519094731449,-0.0708519094731449
5258,2016,0.08709999999999996,0.9129,-0.22896962895360007,-0.22896962895360007
5258,2020,0.4065,0.5935,0.07009801401989524,0.07009801401989524
5258,2021,0.7746999999999999,0.2253,-0.04015480637864677,-0.04015480637864677
5258,2022,0.0,1.0,0.03454537261424573,0.03454537261424573
5258,2023,0.8949,0.1051,-0.3458727986131651,-0.3458727986131651
5258,2024,0.8817,0.1183,0.28282342851065145,0.28282342851065145
5410,2014,0.20789999999999997,0.7921,-0.32572192866616445,-0.32572192866616445
5410,2015,0.10189999999999999,0.8981,0.03808799265806129,0.03808799265806129
5410,2016,0.010399999999999965,0.9896,0.05067197997517914,0.05067197997517914
5410,2017,0.016199999999999992,0.9838,-0.24772029254231454,-0.24772029254231454
5410,2018,0.018299999999999983,0.9817,0.8353050153503148,0.8353050153503148
5410,2019,0.025000000000000022,0.975,-0.01918317557209326,-0.01918317557209326
5410,2020,0.03290000000000004,0.9671,-0.5769692348375959,-0.5769692348375959
5410,2021,0.1199,0.8801,0.4688487414733786,0.4688487414733786
5410,2022,0.12,0.88,-0.3728824038310824,-0.3728824038310824
5410,2023,0.028699999999999948,0.9713,0.640153900100634,0.640153900100634
5410,2024,0.10360000000000003,0.8964,-0.5215271920820864,-0.5215271920820864
6173,2011,0.14600000000000002,0.854,0.5928703030789662,0.5928703030789662
6173,2012,0.1513,0.8487,-0.6987235354437611,-0.6987235354437611
6173,2013,0.17469999999999997,0.8253,-0.7143776895526581,-0.7143776895526581
6173,2014,0.2508,0.7492,0.654849134092301,0.654849134092301
6173,2015,0.029100000000000015,0.9709,0.8496559304376354,0.8496559304376354
6173,2016,0.24770000000000003,0.7523,-0.00941118253115758,-0.00941118253115758
6173,2017,0.19120000000000004,0.8088,0.14603025050852247,0.14603025050852247
6173,2018,0.4628,0.5372,-0.5962942661354158,-0.5962942661354158
6173,2019,0.29490000000000005,0.7051,1.883566656335304,1.883566656335304
6173,2020,0.08640000000000003,0.9136,-0.8951033784052587,-0.8717703916941871
6173,2021,0.1594,0.8406,-0.44046213443724236,-0.44046213443724236
6173,2022,0.08650000000000002,0.9135,0.1844908685831017,0.1844908685831017
6173,2023,0.23340000000000005,0.7666,-0.3552477974684527,-0.3552477974684527
6343,2012,0.09760000000000002,0.9024,-0.6593459957868657,-0.6593459957868657
6343,2013,0.2593,0.7407,0.17191950528865463,0.17191950528865463
6343,2014,0.19779999999999998,0.8022,0.1438401124445099,0.1438401124445099
6343,2015,0.10509999999999997,0.8949,-0.5017267280397923,-0.5017267280397923
6343,2016,0.08330000000000004,0.9167,0.3428840580489152,0.3428840580489152
6343,2017,0.04239999999999999,0.9576,-0.20373840188538983,-0.20373840188538983
6343,2018,0.07010000000000005,0.9299,-0.3597444092221378,-0.3597444092221378
6343,2019,0.22089999999999999,0.7791,-0.15884043181042906,-0.15884043181042906
6343,2020,0.11650000000000005,0.8835,-0.4221493235725813,-0.4221493235725813
6343,2021,0.1281,0.8719,0.6526945723067583,0.6526945723067583
6343,2022,0.16769999999999996,0.8323,-0.38684416300143,-0.38684416300143
6505,2015,0.8412999999999999,0.1587,-0.13265548023457097,-0.13265548023457097
6505,2016,0.23570000000000002,0.7643,-0.398855598985535,-0.398855598985535
6505,2017,0.09630000000000005,0.9037,-0.6990401117813092,-0.6990401117813092
6505,2018,0.1866,0.8134,2.963789246741379,2.963789246741379
6505,2019,0.21919999999999995,0.7808,-0.5879437114214066,-0.5879437114214066
6505,2020,0.16379999999999995,0.8362,-0.7915237671520673,-0.7915237671520673
6505,2021,0.7436,0.2564,1.262915631887759,1.262915631887759
6505,2022,0.0,1.0,-0.8253485652090224,-0.8253485652090224
6505,2023,0.6889000000000001,0.3111,13.227724825960454,2.9675490046794457
6505,2024,0.4558,0.5442,-0.6930989786660956,-0.6930989786660956
7870,2014,0.42090000000000005,0.5791,-0.43429969049295636,-0.43429969049295636
7870,2015,0.6427,0.3573,0.7041488729724104,0.7041488729724104
7870,2016,0.005700000000000038,0.9943,-0.6771766737759368,-0.6771766737759368
7870,2017,0.6563,0.3437,1.586652804668745,1.586652804668745
7870,2018,0.00029999999999996696,0.9997,0.18590064033679865,0.18590064033679865
7870,2019,0.8771,0.1229,-0.17217831249310966,-0.17217831249310966
7870,2020,0.05500000000000005,0.945,-0.28043711272707217,-0.28043711272707217
7870,2021,0.3206,0.6794,0.39977310682700185,0.39977310682700185
7870,2022,0.6738999999999999,0.3261,-0.4558076032964721,-0.4558076032964721
8133,2014,0.015000000000000013,0.985,0.10811880869629498,0.10811880869629498
8133,2015,0.9018,0.0982,-0.2535264432055432,-0.2535264432055432
8133,2016,0.8897,0.1103,0.122630508902283,0.122630508902283
8133,2017,0.8863,0.1137,0.1096092586448223,0.1096092586448223
8133,2018,0.3338,0.6662,0.06483368786102228,0.06483368786102228
8133,2021,0.8553,0.1447,0.37329119910129016,0.37329119910129016
8133,2022,0.8776,0.1224,-0.25649511458635244,-0.25649511458635244
8133,2023,0.9397,0.0603,0.0886714439750691,0.0886714439750691
8133,2024,0.9717,0.0283,-0.545414889785704,-0.545414889785704
8451,2014,0.06930000000000003,0.9307,1.4628595458620985,1.4628595458620985
8451,2015,0.06789999999999996,0.9321,-0.021650085921380624,-0.021650085921380624
8451,2016,0.06889999999999996,0.9311,0.2516010336362342,0.2516010336362342
8451,2017,0.07899999999999996,0.921,-0.03451536530819699,-0.03451536530819699
8451,2018,0.04620000000000002,0.9538,0.0050940227555582585,0.0050940227555582585
8451,2019,0.11470000000000002,0.8853,-0.5312574599297782,-0.5312574599297782
8451,2020,0.1129,0.8871,0.48554609567016715,0.48554609567016715
8451,2021,0.025499999999999967,0.9745,0.20469846262431624,0.20469846262431624
8451,2022,0.0017000000000000348,0.9983,0.9204540821066522,0.9204540821066522
8451,2023,0.009800000000000031,0.9902,-0.5115518350052801,-0.5115518350052801
8451,2024,0.026800000000000046,0.9732,-0.5936954780029986,-0.5936954780029986
8575,2011,0.16610000000000003,0.8339,0.2754879008705178,0.2754879008705178
8575,2012,0.052100000000000035,0.9479,-0.4939050263306479,-0.4939050263306479
8575,2013,0.05020000000000002,0.9498,-0.13478426094932516,-0.13478426094932516
8575,2014,0.138,0.862,0.19806641233499,0.19806641233499
8575,2015,0.09770000000000001,0.9023,-0.4075329972625301,-0.4075329972625301
8575,2016,0.11050000000000004,0.8895,0.13906771427524123,0.13906771427524123
8575,2017,0.976,0.024,0.13380260460965654,0.13380260460965654
8575,2020,0.07330000000000003,0.9267,1.038399831608725,1.038399831608725
8575,2021,0.07620000000000005,0.9238,0.04666358564608819,0.04666358564608819
8575,2022,0.07330000000000003,0.9267,-0.16905370094292516,-0.16905370094292516
8575,2023,0.2875,0.7125,-0.2945490842178975,-0.2945490842178975
8656,2014,0.08830000000000005,0.9117,-0.7430191187268903,-0.7430191187268903
8656,2015,0.23170000000000002,0.7683,6.781955347583263,2.9675490046794457
8656,2016,0.121,0.879,-0.25839340525276855,-0.25839340525276855
8656,2017,0.09599999999999997,0.904,-0.42880025919479203,-0.42880025919479203
8656,2018,0.07820000000000005,0.9218,0.060189287449356366,0.060189287449356366
8656,2019,0.15900000000000003,0.841,0.4691301231982159,0.4691301231982159
8656,2023,0.18110000000000004,0.8189,0.4706958849015259,0.4706958849015259
8656,2024,0.29200000000000004,0.708,0.07935298945937519,0.07935298945937519
8672,2022,0.0032999999999999696,0.9967,-0.14341532186140094,-0.14341532186140094
8672,2023,0.25460000000000005,0.7454,-0.21091471052129018,-0.21091471052129018
8672,2024,0.08989999999999998,0.9101,0.047995874140427164,0.047995874140427164
9393,2011,0.7293000000000001,0.2707,1.4451638667115203,1.4451638667115203
9393,2012,0.9506,0.0494,-0.38023384908029356,-0.38023384908029356
9393,2013,0.3073,0.6927,-0.04253673307806083,-0.04253673307806083
9393,2016,0.22850000000000004,0.7715,0.3403874002560452,0.3403874002560452
9393,2017,0.6087,0.3913,0.03190365731492295,0.03190365731492295
9393,2018,0.06310000000000004,0.9369,-0.18014841668211035,-0.18014841668211035
9393,2019,0.08209999999999995,0.9179,0.05946465993747352,0.05946465993747352
9393,2020,0.0827,0.9173,0.1479643615237305,0.1479643615237305
9393,2021,0.18320000000000003,0.8168,-0.36364314447166024,-0.36364314447166024
9393,2022,0.07189999999999996,0.9281,-0.3280115902548395,-0.3280115902548395
9393,2023,0.05300000000000005,0.947,-0.4903479551941098,-0.4903479551941098
9989,2014,0.0,1.0,-0.6976168744444182,-0.6976168744444182
9989,2015,0.8626,0.1374,-0.8389460290743983,-0.8389460290743983
9989,2016,0.38360000000000005,0.6164,-0.7614533355588468,-0.7614533355588468
9989,2017,0.44120000000000004,0.5588,0.6740161896568679,0.6740161896568679
9989,2019,0.9951,0.0049,-0.6852261654354086,-0.6852261654354086
10456,2012,0.15969999999999995,0.8403,0.44361042422538555,0.44361042422538555
10456,2013,0.13859999999999995,0.8614,0.44361042422538555,0.44361042422538555
10456,2014,0.06289999999999996,0.9371,-0.0369143778169444,-0.0369143778169444
10456,2015,0.1835,0.8165,-0.14757226587697303,-0.14757226587697303
10456,2016,0.23209999999999997,0.7679,-0.13438428729100504,-0.13438428729100504
10456,2017,0.0827,0.9173,0.29574394982060714,0.29574394982060714
10456,2019,0.1743,0.8257,-0.40452092605849055,-0.40452092605849055
10456,2024,0.9048,0.0952,0.432781121077253,0.432781121077253
11312,2014,0.0,1.0,-0.4293754766182769,-0.4293754766182769
11312,2015,0.0,1.0,16.267976050064,2.9675490046794457
11312,2016,0.15390000000000004,0.8461,-0.7287256743024074,-0.7287256743024074
11312,2017,0.8148,0.1852,-0.3627328123945365,-0.3627328123945365
11312,2018,0.5568,0.4432,-0.31433846111122654,-0.31433846111122654
11312,2019,0.8867,0.1133,3.057593497062535,2.9675490046794457
11312,2020,0.32030000000000003,0.6797,-0.8024114717248052,-0.8024114717248052
11312,2021,0.0,1.0,-0.7429914158609928,-0.7429914158609928
11312,2022,0.32030000000000003,0.6797,1.0131509536883767,1.0131509536883767
11312,2023,0.07079999999999997,0.9292,-0.8263966298984218,-0.8263966298984218
11312,2024,0.03920000000000001,0.9608,-0.7417896952263237,-0.7417896952263237
11932,2011,0.04169999999999996,0.9583,-0.45716108206223793,-0.45716108206223793
11932,2012,0.19320000000000004,0.8068,0.641219749303809,0.641219749303809
11932,2013,0.397,0.603,-0.3089096414002974,-0.3089096414002974
11932,2014,0.20309999999999995,0.7969,0.8147896490490487,0.8147896490490487
11932,2015,0.2891,0.7109,-0.464538166992173,-0.464538166992173
11932,2016,0.11560000000000004,0.8844,0.6167310264919701,0.6167310264919701
11932,2017,0.10099999999999998,0.899,-0.2995985293661607,-0.2995985293661607
11932,2018,0.09870000000000001,0.9013,-0.40597677592748294,-0.40597677592748294
11932,2019,0.14559999999999995,0.8544,-0.06437502560024733,-0.06437502560024733
11932,2020,0.22209999999999996,0.7779,0.1800698553643867,0.1800698553643867
11932,2021,0.19530000000000003,0.8047,0.029437931451003374,0.029437931451003374
11932,2022,0.1452,0.8548,0.006770665253102992,0.006770665253102992
11932,2023,0.06599999999999995,0.934,0.12205086979275781,0.12205086979275781
12653,2014,0.2754,0.7246,0.07788977076596537,0.07788977076596537
12653,2015,0.10309999999999997,0.8969,-0.601979971743741,-0.601979971743741
12653,2016,0.10329999999999995,0.8967,0.6638748711792226,0.6638748711792226
12653,2022,0.1875,0.8125,0.3313742715775114,0.3313742715775114
12653,2023,0.5376000000000001,0.4624,-0.05355868201221814,-0.05355868201221814
12653,2024,0.17520000000000002,0.8248,-0.24828958799499246,-0.24828958799499246
13471,2011,0.7114,0.2886,-0.6929181266753213,-0.6929181266753213
13471,2012,0.3879,0.6121,2.80953072704329,2.80953072704329
13471,2013,0.09670000000000001,0.9033,-0.6066364447139918,-0.6066364447139918
13471,2014,0.4879,0.5121,-0.8015021831460639,-0.8015021831460639
13471,2015,0.4728,0.5272,2.0489655476554223,2.0489655476554223
13471,2016,0.28080000000000005,0.7192,-0.043663120143084044,-0.043663120143084044
13471,2017,0.2178,0.7822,-0.5441237286195717,-0.5441237286195717
13471,2018,0.602,0.398,-0.8444737582213485,-0.8444737582213485
13471,2019,0.3731,0.6269,1.6975865655486806,1.6975865655486806
13471,2020,0.04610000000000003,0.9539,1.1217188857454081,1.1217188857454081
13471,2021,0.3083,0.6917,-0.7622769545291954,-0.7622769545291954
13471,2022,0.16879999999999995,0.8312,-0.12643390509087682,-0.12643390509087682
13986,2018,0.32699999999999996,0.673,-0.7333612331060935,-0.7333612331060935
13986,2019,0.5786,0.4214,1.85970286473081,1.85970286473081
14109,2012,0.256,0.744,-0.13064504215964945,-0.13064504215964945
14109,2013,0.6464,0.3536,-0.15947552294016387,-0.15947552294016387
14109,2014,0.6472,0.3528,0.5367645524196432,0.5367645524196432
14109,2015,0.1382,0.8618,-0.10586923626730094,-0.10586923626730094
14109,2023,0.5684,0.4316,-0.3148754009066034,-0.3148754009066034
14176,2014,0.5212,0.4788,-0.19862490374260933,-0.19862490374260933
14176,2015,0.17279999999999995,0.8272,-0.5359599126316911,-0.5359599126316911
14311,2013,0.08330000000000004,0.9167,-0.13872806595019438,-0.13872806595019438
14311,2019,0.1261,0.8739,-0.6158915415916701,-0.6158915415916701
14311,2020,0.03190000000000004,0.9681,0.5561888321042965,0.5561888321042965
14311,2021,0.04390000000000005,0.9561,-0.0715710185344729,-0.0715710185344729
14311,2023,0.0786,0.9214,-0.06996116451575096,-0.06996116451575096
14311,2024,0.5425,0.4575,0.053176128638111164,0.053176128638111164
14320,2014,0.11519999999999997,0.8848,-0.010137959303363142,-0.010137959303363142
14320,2015,0.06940000000000002,0.9306,3.483225941665629,2.9675490046794457
14320,2016,0.26759999999999995,0.7324,0.1834056114169833,0.1834056114169833
14320,2017,0.28090000000000004,0.7191,-0.7399124064793725,-0.7399124064793725
14320,2018,0.3327,0.6673,0.2731944543963718,0.2731944543963718
14320,2019,0.23540000000000005,0.7646,1.1072369916786258,1.1072369916786258
14320,2020,0.31720000000000004,0.6828,-0.5093380241596992,-0.5093380241596992
14320,2021,0.021499999999999964,0.9785,-0.7416142565758805,-0.7416142565758805
14320,2022,0.0686,0.9314,0.8347869805671273,0.8347869805671273
14320,2023,0.011099999999999999,0.9889,0.4075127090406583,0.4075127090406583
14320,2024,0.1845,0.8155,-0.02163452676997779,-0.02163452676997779
14443,2014,0.6859999999999999,0.314,0.6271112263500092,0.6271112263500092
14443,2015,0.06779999999999997,0.9322,-0.17375467348977913,-0.17375467348977913
14443,2016,0.0343,0.9657,-0.2783980736917525,-0.2783980736917525
14443,2017,0.04530000000000001,0.9547,-0.05706964579008256,-0.05706964579008256
14443,2018,0.010700000000000043,0.9893,0.23566405668944235,0.23566405668944235
14443,2019,0.15900000000000003,0.841,-0.5588556968643501,-0.5588556968643501
14443,2022,0.04369999999999996,0.9563,-0.19293487094578166,-0.19293487094578166
14443,2023,0.03049999999999997,0.9695,0.06477427046379591,0.06477427046379591
14443,2024,0.0726,0.9274,-0.06542145214808914,-0.06542145214808914
14460,2014,0.08489999999999998,0.9151,-0.06836486287830379,-0.06836486287830379
14460,2015,0.7193,0.2807,-0.17126128583494893,-0.17126128583494893
14460,2016,0.6804,0.3196,-0.005566202180637414,-0.005566202180637414
14460,2017,0.2308,0.7692,0.13405506645784615,0.13405506645784615
14460,2018,0.30089999999999995,0.6991,0.6050351546466575,0.6050351546466575
14460,2019,0.04579999999999995,0.9542,-0.4415798397644727,-0.4415798397644727
14826,2019,0.23119999999999996,0.7688,-0.34126806605621185,-0.34126806605621185
14826,2022,0.06399999999999995,0.936,-0.4239884356171548,-0.4239884356171548
14826,2024,0.16279999999999994,0.8372,-0.3886494836290605,-0.3886494836290605
15253,2016,0.03159999999999996,0.9684,0.02248133461202073,0.02248133461202073
15253,2017,0.06299999999999994,0.937,-0.0748911712674798,-0.0748911712674798
15253,2018,0.06559999999999999,0.9344,-0.18255707661639442,-0.18255707661639442
15253,2019,0.5278,0.4722,-0.4647693667718136,-0.4647693667718136
15253,2020,0.24009999999999998,0.7599,0.4869813637901126,0.4869813637901126
15253,2021,0.04930000000000001,0.9507,-0.2211869394300623,-0.2211869394300623
15253,2022,0.05710000000000004,0.9429,-0.007732077705739582,-0.007732077705739582
15253,2023,0.1936,0.8064,-0.10941907684020746,-0.10941907684020746
15253,2024,0.08240000000000003,0.9176,0.11893111303589321,0.11893111303589321
15539,2019,0.7766,0.2234,-0.509246116419637,-0.509246116419637
15539,2020,0.8535,0.1465,0.1065525265295113,0.1065525265295113
15539,2021,0.11670000000000003,0.8833,0.0915658390018057,0.0915658390018057
15539,2022,0.37870000000000004,0.6213,0.3781776606499634,0.3781776606499634
15539,2023,0.7821,0.2179,-0.25867716333486657,-0.25867716333486657
15636,2011,0.15980000000000005,0.8402,0.45022541302233265,0.45022541302233265
15636,2012,0.10509999999999997,0.8949,-0.2534848675600231,-0.2534848675600231
15636,2013,0.1059,0.8941,-0.1541666598498992,-0.1541666598498992
15636,2014,0.2933,0.7067,0.08142014878772108,0.08142014878772108
15636,2015,0.12539999999999996,0.8746,-0.36585457600321325,-0.36585457600321325
15636,2016,0.04239999999999999,0.9576,0.22062934338140083,0.22062934338140083
15636,2017,0.5452,0.4548,-0.05311059473318713,-0.05311059473318713
15636,2018,0.8559,0.1441,0.23805643364529905,0.23805643364529905
15636,2019,0.09160000000000001,0.9084,-0.693701104167892,-0.693701104167892
15636,2020,0.6598999999999999,0.3401,-0.09000317393126078,-0.09000317393126078
15636,2021,0.3123,0.6877,0.3784388803674428,0.3784388803674428
16101,2014,0.1483,0.8517,0.24086530452314503,0.24086530452314503
16101,2015,0.07920000000000005,0.9208,-0.7743584450296541,-0.7743584450296541
16101,2016,0.10409999999999997,0.8959,0.5061078702517037,0.5061078702517037
16101,2017,0.08450000000000002,0.9155,0.02351766431311164,0.02351766431311164
16101,2018,0.08919999999999995,0.9108,-0.4368321827153542,-0.4368321827153542
16101,2019,0.08879999999999999,0.9112,0.08326153230049016,0.08326153230049016
16101,2020,0.08860000000000001,0.9114,-0.7443667317636884,-0.7443667317636884
16101,2021,0.09189999999999998,0.9081,0.6331843071315149,0.6331843071315149
16101,2022,0.12819999999999998,0.8718,-0.5092407098061296,-0.5092407098061296
16101,2023,0.13019999999999998,0.8698,-0.7562312119668454,-0.7562312119668454
16101,2024,0.13849999999999996,0.8615,-0.8993727719144634,-0.8717703916941871
16292,2014,0.06910000000000005,0.9309,-0.4546866148600054,-0.4546866148600054
16292,2015,0.05600000000000005,0.944,-0.41079558445007125,-0.41079558445007125
16292,2016,0.05559999999999998,0.9444,-0.12471435399124664,-0.12471435399124664
16292,2017,0.033499999999999974,0.9665,0.05197294478216152,0.05197294478216152
16292,2018,0.12009999999999998,0.8799,0.4682052495167708,0.4682052495167708
16292,2019,0.9178999999999999,0.0821,-0.22367329180760553,-0.22367329180760553
16306,2014,0.24119999999999997,0.7588,-0.7265538515117935,-0.7265538515117935
16306,2015,0.3831,0.6169,-0.46391512486104214,-0.46391512486104214
16306,2016,0.8043,0.1957,-0.3518771256894717,-0.3518771256894717
16306,2017,0.9057,0.0943,-0.10341332503474077,-0.10341332503474077
16306,2018,0.6431,0.3569,0.8295873786872217,0.8295873786872217
16306,2019,0.6431,0.3569,-0.20675126329074478,-0.20675126329074478
16306,2020,0.0,1.0,-0.48901597663422525,-0.48901597663422525
16306,2021,0.8379,0.1621,-0.6103966685830728,-0.6103966685830728
16306,2022,0.6404000000000001,0.3596,-0.4731101612863159,-0.4731101612863159
16306,2023,0.31120000000000003,0.6888,-0.7782302985771818,-0.7782302985771818
17329,2014,0.9587,0.0413,0.13970051420665186,0.13970051420665186
17329,2015,0.9547,0.0453,-0.4037053961798681,-0.4037053961798681
17329,2016,0.0,1.0,0.055047384163048996,0.055047384163048996
17329,2017,0.8999,0.1001,0.4890307866787986,0.4890307866787986
17329,2018,0.06610000000000005,0.9339,-0.16077800797942432,-0.16077800797942432
17329,2019,0.9177,0.0823,-0.23314450763373706,-0.23314450763373706
17329,2021,0.8088,0.1912,0.04435955383518597,0.04435955383518597
17329,2022,0.8855999999999999,0.1144,-0.17451604560374756,-0.17451604560374756
17329,2023,0.9303,0.0697,-0.06484100814520477,-0.06484100814520477
17329,2024,0.5849,0.4151,0.15136491117783546,0.15136491117783546
17450,2014,0.23429999999999995,0.7657,0.9619176511042047,0.9619176511042047
17450,2015,0.7829,0.2171,1.1545429185269422,1.1545429185269422
17450,2016,0.7545999999999999,0.2454,-0.5714390330891884,-0.5714390330891884
17450,2017,0.21409999999999996,0.7859,0.12403149734397378,0.12403149734397378
17450,2018,0.17869999999999997,0.8213,-0.38104795918945533,-0.38104795918945533
17450,2019,0.8496,0.1504,-0.2955616852599744,-0.2955616852599744
17450,2020,0.9224,0.0776,0.6329218413922082,0.6329218413922082
17450,2024,0.0383,0.9617,-0.3243909187450369,-0.3243909187450369
17671,2014,0.16790000000000005,0.8321,-0.2616982534622353,-0.2616982534622353
17671,2015,0.2047,0.7953,-0.1897546366347148,-0.1897546366347148
17671,2016,0.24329999999999996,0.7567,0.040707947463441974,0.040707947463441974
17671,2017,0.34140000000000004,0.6586,-0.10159965347168676,-0.10159965347168676
17671,2018,0.08220000000000005,0.9178,0.22609870659195552,0.22609870659195552
17671,2019,0.27780000000000005,0.7222,-0.24781114925708936,-0.24781114925708936
17671,2020,0.1442,0.8558,0.24674870640516944,0.24674870640516944
17671,2021,0.28580000000000005,0.7142,-0.2819983771704171,-0.2819983771704171
17671,2024,0.18969999999999998,0.8103,0.15222486132542334,0.15222486132542334
17892,2016,0.19069999999999998,0.8093,2.3296387762925646,2.3296387762925646
17892,2017,0.26659999999999995,0.7334,0.12858956584672798,0.12858956584672798
17892,2018,0.3327,0.6673,0.06130230174547213,0.06130230174547213
17892,2019,0.1674,0.8326,-0.08762075944011383,-0.08762075944011383
17892,2020,0.17369999999999997,0.8263,0.020563554648061366,0.020563554648061366
17892,2021,0.040100000000000025,0.9599,0.28074318292759437,0.28074318292759437
17892,2022,0.04139999999999999,0.9586,0.5056872487968007,0.5056872487968007
17892,2023,0.16769999999999996,0.8323,-0.3139081328040877,-0.3139081328040877
17973,2014,0.4537,0.5463,0.6623436779080203,0.6623436779080203
17973,2015,0.3198,0.6802,-0.2322131663164133,-0.2322131663164133
17973,2016,0.16679999999999995,0.8332,-0.34692918868052625,-0.34692918868052625
17973,2017,0.028100000000000014,0.9719,-0.15494712296623847,-0.15494712296623847
17973,2018,0.5627,0.4373,-0.045832738761639735,-0.045832738761639735
18112,2011,0.33320000000000005,0.6668,0.020459518711090974,0.020459518711090974
18350,2012,0.4707,0.5293,-0.07432180385333687,-0.07432180385333687
18350,2013,0.08940000000000003,0.9106,0.08989901102892994,0.08989901102892994
18376,2014,0.07430000000000003,0.9257,-0.31648590463084525,-0.31648590463084525
18376,2015,0.07050000000000001,0.9295,-0.33749125103927025,-0.33749125103927025
18376,2016,0.0252,0.9748,-0.23411904058023247,-0.23411904058023247
18376,2017,0.12549999999999994,0.8745,0.21818660964359737,0.21818660964359737
18376,2018,0.30279999999999996,0.6972,-0.033694758388501556,-0.033694758388501556
18376,2021,0.9247,0.0753,-0.11139917346303263,-0.11139917346303263
18376,2022,0.9509,0.0491,0.006550328832904739,0.006550328832904739
18465,2014,0.05730000000000002,0.9427,0.19280327484795112,0.19280327484795112
18465,2015,0.05349999999999999,0.9465,-0.339029402092218,-0.339029402092218
18465,2016,0.05249999999999999,0.9475,0.01293729732555704,0.01293729732555704
18465,2017,0.07779999999999998,0.9222,-0.2959184704872546,-0.2959184704872546
18465,2018,0.07930000000000004,0.9207,0.1596208056673074,0.1596208056673074
18465,2022,0.28759999999999997,0.7124,0.7013498924544428,0.7013498924544428
18465,2023,0.5076,0.4924,-0.6944995486761787,-0.6944995486761787
18465,2024,0.7363999999999999,0.2636,0.5894006147527133,0.5894006147527133
18627,2018,0.639,0.361,0.01778215669740102,0.01778215669740102
18627,2019,0.1078,0.8922,-0.4261162456619817,-0.4261162456619817
18627,2020,0.07879999999999998,0.9212,0.13075474993113145,0.13075474993113145
18627,2021,0.007299999999999973,0.9927,-0.0025485531254886284,-0.0025485531254886284
18627,2022,0.012900000000000023,0.9871,0.2168093427932416,0.2168093427932416
18627,2023,0.007800000000000029,0.9922,-0.2697426339492688,-0.2697426339492688
18627,2024,0.16080000000000005,0.8392,0.2702764080212434,0.2702764080212434
18660,2014,0.17069999999999996,0.8293,0.11240400647707771,0.11240400647707771
18660,2015,0.08930000000000005,0.9107,-0.06786188505198953,-0.06786188505198953
18660,2016,0.09040000000000004,0.9096,-0.26535018058654514,-0.26535018058654514
18660,2017,0.5021,0.4979,0.3612742493975296,0.3612742493975296
18660,2018,0.4184,0.5816,-0.3044840347859282,-0.3044840347859282
18660,2019,0.10529999999999995,0.8947,-0.32348231832568874,-0.32348231832568874
18660,2020,0.08089999999999997,0.9191,0.24167347396174876,0.24167347396174876
18660,2021,0.4132,0.5868,-0.08064024088130595,-0.08064024088130595
18660,2022,0.36750000000000005,0.6325,-0.2441399980194906,-0.2441399980194906
18660,2023,0.027599999999999958,0.9724,0.28777359700330973,0.28777359700330973
18660,2024,0.5389999999999999,0.461,0.06537936434403413,0.06537936434403413
18724,2014,0.12719999999999998,0.8728,-0.14576805875627796,-0.14576805875627796
18724,2015,0.3647,0.6353,4.06632428694149,2.9675490046794457
18724,2016,0.7622,0.2378,-0.6362131145213247,-0.6362131145213247
18724,2017,0.08899999999999997,0.911,-0.3380266047160341,-0.3380266047160341
18724,2018,0.18630000000000002,0.8137,0.06674555159485562,0.06674555159485562
18724,2019,0.6189,0.3811,0.11063808121880392,0.11063808121880392
18724,2020,0.13039999999999996,0.8696,-0.24454516601173515,-0.24454516601173515
18821,2014,0.02429999999999999,0.9757,0.0026312993710340127,0.0026312993710340127
18821,2015,0.061899999999999955,0.9381,-0.09830360339810795,-0.09830360339810795
18821,2016,0.07189999999999996,0.9281,-0.4726464322354452,-0.4726464322354452
18821,2017,0.07920000000000005,0.9208,1.2961602665663956,1.2961602665663956
18821,2018,0.05500000000000005,0.945,0.6740372135565633,0.6740372135565633
18821,2019,0.7041999999999999,0.2958,-0.2828330585618427,-0.2828330585618427
18821,2020,0.41200000000000003,0.588,0.7568806842697979,0.7568806842697979
18821,2021,0.17869999999999997,0.8213,-0.10920858987652327,-0.10920858987652327
18821,2022,0.31479999999999997,0.6852,0.03783967158866597,0.03783967158866597
18821,2023,0.05940000000000001,0.9406,-0.15157231303305163,-0.15157231303305163
18961,2011,0.13990000000000002,0.8601,1.6836139922541542,1.6836139922541542
18961,2012,0.09430000000000005,0.9057,-0.3305829959560853,-0.3305829959560853
18970,2011,0.07389999999999997,0.9261,-0.25945645354645086,-0.25945645354645086
18970,2012,0.1562,0.8438,-0.047961006515199855,-0.047961006515199855
18970,2013,0.02639999999999998,0.9736,0.10122637881661811,0.10122637881661811
18970,2014,0.011299999999999977,0.9887,0.012835888419850283,0.012835888419850283
18970,2015,0.7724,0.2276,-0.36869837594912325,-0.36869837594912325
18970,2016,0.08589999999999998,0.9141,-0.32248022806958077,-0.32248022806958077
19445,2014,0.05840000000000001,0.9416,0.6789251331417356,0.6789251331417356
19445,2015,0.44079999999999997,0.5592,1.1705849304605098,1.1705849304605098
19445,2016,0.16559999999999997,0.8344,-0.7061679932984548,-0.7061679932984548
19445,2017,0.26759999999999995,0.7324,0.5971576812815418,0.5971576812815418
19445,2018,0.21809999999999996,0.7819,-0.159328352709057,-0.159328352709057
19445,2019,0.8892,0.1108,-0.11754153313542115,-0.11754153313542115
19445,2020,0.05889999999999995,0.9411,0.34579699895601346,0.34579699895601346
19445,2021,0.8426,0.1574,0.3557406655417392,0.3557406655417392
19445,2022,0.1904,0.8096,-0.2513119533377811,-0.2513119533377811
19445,2023,0.81,0.19,-0.04981393570104775,-0.04981393570104775
19445,2024,0.8321000000000001,0.1679,0.6252605512037108,0.6252605512037108
19453,2014,0.1724,0.8276,-0.13451759641770022,-0.13451759641770022
19453,2015,0.09289999999999998,0.9071,0.6687659412847458,0.6687659412847458
19453,2016,0.08299999999999996,0.917,-0.5022272935524024,-0.5022272935524024
19453,2017,0.502,0.498,0.439313614042935,0.439313614042935
19453,2018,0.11140000000000005,0.8886,0.4383840591185211,0.4383840591185211
19453,2019,0.017299999999999982,0.9827,-0.31484725437230177,-0.31484725437230177
19453,2020,0.6031,0.3969,-0.03489667031802368,-0.03489667031802368
19453,2021,0.09489999999999998,0.9051,0.3330858120546911,0.3330858120546911
19453,2022,0.6313,0.3687,0.6289958140617793,0.6289958140617793
19453,2023,0.21789999999999998,0.7821,-0.6484885447362683,-0.6484885447362683
19453,2024,0.6342,0.3658,0.13221301548775233,0.13221301548775233
19550,2014,0.24480000000000002,0.7552,0.4360737801895216,0.4360737801895216
19550,2015,0.011099999999999999,0.9889,-0.4566954125842758,-0.4566954125842758
19550,2018,0.9317,0.0683,-0.0019037348095837237,-0.0019037348095837237
19550,2019,0.9022,0.0978,-0.3742568019533614,-0.3742568019533614
19550,2020,0.0,1.0,-0.5737452483311485,-0.5737452483311485
19550,2021,0.0,1.0,0.4681526813298167,0.4681526813298167
19550,2022,0.0,1.0,0.20221154997617452,0.20221154997617452
19550,2024,0.0,1.0,-0.44197355751108924,-0.44197355751108924
19615,2012,0.05510000000000004,0.9449,-0.5795317964864344,-0.5795317964864344
19615,2013,0.18159999999999998,0.8184,0.037436329521184586,0.037436329521184586
19615,2014,0.017100000000000004,0.9829,0.6217989836112146,0.6217989836112146
19615,2017,0.048900000000000055,0.9511,-0.27749362764402097,-0.27749362764402097
19615,2018,0.0,1.0,0.10157310561096033,0.10157310561096033
19615,2019,0.9697,0.0303,-0.22069384553674543,-0.22069384553674543
19615,2020,0.1804,0.8196,0.4107225419714935,0.4107225419714935
19739,2017,0.06779999999999997,0.9322,-0.33178737481386,-0.33178737481386
19739,2018,0.32720000000000005,0.6728,-0.1357064682217487,-0.1357064682217487
19739,2019,0.2561,0.7439,-0.1631477473661177,-0.1631477473661177
19739,2020,0.06869999999999998,0.9313,-0.18352381608081514,-0.18352381608081514
19739,2021,0.01739999999999997,0.9826,0.044764073687461714,0.044764073687461714
19739,2022,0.253,0.747,-0.3538672594762555,-0.3538672594762555
19739,2023,0.05500000000000005,0.945,-0.22790662823138053,-0.22790662823138053
19739,2024,0.049000000000000044,0.951,0.6501279329201348,0.6501279329201348
19771,2012,0.3318,0.6682,-0.34847990841615617,-0.34847990841615617
19771,2013,0.08919999999999995,0.9108,-0.44864316301940943,-0.44864316301940943
19771,2014,0.241,0.759,0.50007950107352,0.50007950107352
19836,2014,0.0766,0.9234,0.16430521395804631,0.16430521395804631
19836,2015,0.6273,0.3727,-0.0032925901403195734,-0.0032925901403195734
19836,2016,0.6453,0.3547,-0.3550370770185062,-0.3550370770185062
19836,2017,0.12319999999999998,0.8768,0.04290827825480781,0.04290827825480781
19836,2018,0.6412,0.3588,0.7567839646126804,0.7567839646126804
19836,2019,0.1995,0.8005,-0.32559959476689404,-0.32559959476689404
19836,2020,0.36240000000000006,0.6376,0.167333147314356,0.167333147314356
19836,2021,0.22160000000000002,0.7784,-0.21957173493429338,-0.21957173493429338
19836,2022,0.2803,0.7197,0.13483049412329784,0.13483049412329784
19836,2023,0.4516,0.5484,-0.2976598383595912,-0.2976598383595912
19836,2024,0.8927,0.1073,-0.02628333680479855,-0.02628333680479855
19879,2014,0.33330000000000004,0.6667,-0.2010733706879887,-0.2010733706879887
19879,2015,0.17269999999999996,0.8273,-0.2646448343213593,-0.2646448343213593
19879,2016,0.005499999999999949,0.9945,-0.6216954249956403,-0.6216954249956403
19879,2017,0.006800000000000028,0.9932,1.219117371946524,1.219117371946524
19879,2018,0.017900000000000027,0.9821,-0.4972580181352477,-0.4972580181352477
19879,2019,0.005700000000000038,0.9943,-0.13745805362506547,-0.13745805362506547
19879,2020,0.023599999999999954,0.9764,-0.484138303274936,-0.484138303274936
19879,2021,0.024800000000000044,0.9752,-0.41057949910207336,-0.41057949910207336
19879,2022,0.07679999999999998,0.9232,2.1068758213918657,2.1068758213918657
19879,2023,0.10189999999999999,0.8981,-0.5437748011310546,-0.5437748011310546
19879,2024,0.24180000000000001,0.7582,-0.1637800719879039,-0.1637800719879039
19909,2014,0.11119999999999997,0.8888,0.07853868394690489,0.07853868394690489
19909,2015,0.8472999999999999,0.1527,-0.13248679541455255,-0.13248679541455255
19909,2016,0.925,0.075,-0.23384047207680192,-0.23384047207680192
19909,2017,0.925,0.075,0.5046076523137859,0.5046076523137859
19909,2019,0.8469,0.1531,-0.4107213818499291,-0.4107213818499291
19909,2020,0.1955,0.8045,0.5178259087442896,0.5178259087442896
19992,2014,0.8091,0.1909,-0.12559207568389064,-0.12559207568389064
19992,2015,0.32920000000000005,0.6708,-0.38432687056004244,-0.38432687056004244
19992,2016,0.09040000000000004,0.9096,0.34983609606320987,0.34983609606320987
19992,2017,0.1291,0.8709,0.29254378941866976,0.29254378941866976
19992,2018,0.08040000000000003,0.9196,0.9469869547707304,0.9469869547707304
19992,2019,0.13580000000000003,0.8642,-0.300533976953004,-0.300533976953004
19992,2020,0.13749999999999996,0.8625,-0.02588730995536792,-0.02588730995536792
19992,2021,0.5432,0.4568,-0.02588730995536792,-0.02588730995536792
19992,2022,0.15159999999999996,0.8484,-0.2292997278186324,-0.2292997278186324
19992,2023,0.0736,0.9264,0.1286189672203526,0.1286189672203526
19992,2024,0.12360000000000004,0.8764,-0.40666691775074937,-0.40666691775074937
20010,2014,0.3065,0.6935,0.23297435323268112,0.23297435323268112
20010,2015,0.6448,0.3552,-0.1405900263161528,-0.1405900263161528
20010,2016,0.6914,0.3086,-0.1405900263161528,-0.1405900263161528
20010,2017,0.09840000000000004,0.9016,0.011539286740098298,0.011539286740098298
20010,2018,0.09489999999999998,0.9051,0.18451607760070132,0.18451607760070132
20010,2019,0.49229999999999996,0.5077,-0.22128122714923126,-0.22128122714923126
20010,2020,0.43220000000000003,0.5678,0.4361151370776839,0.4361151370776839
20010,2021,0.3427,0.6573,-0.06023254714560233,-0.06023254714560233
20010,2022,0.6890000000000001,0.311,-0.13141608381046277,-0.13141608381046277
20028,2011,0.6951,0.3049,0.12562717200765805,0.12562717200765805
20028,2012,0.0,1.0,-0.29362074926585124,-0.29362074926585124
20028,2013,0.031399999999999983,0.9686,0.545239606524833,0.545239606524833
20028,2014,0.019499999999999962,0.9805,-0.33387679914830126,-0.33387679914830126
20028,2015,0.06630000000000003,0.9337,-0.4927253792903832,-0.4927253792903832
20028,2016,0.0,1.0,0.10400370234307021,0.10400370234307021
20028,2017,0.9874,0.0126,0.38751570489089526,0.38751570489089526
20028,2018,0.09160000000000001,0.9084,-0.5076964105514898,-0.5076964105514898
20028,2019,0.13090000000000002,0.8691,-0.09131056759138001,-0.09131056759138001
20028,2020,0.20189999999999997,0.7981,0.24851035944056332,0.24851035944056332
20028,2021,0.01970000000000005,0.9803,0.184523288769467,0.184523288769467
20028,2022,0.2844,0.7156,0.4821840015527401,0.4821840015527401
20028,2023,0.03759999999999997,0.9624,-0.057608675771165685,-0.057608675771165685
20060,2011,0.11099999999999999,0.889,-0.5358367237885069,-0.5358367237885069
20060,2012,0.19879999999999998,0.8012,0.14658497613647792,0.14658497613647792
20060,2018,0.5363,0.4637,0.8371971561870564,0.8371971561870564
20060,2019,0.017299999999999982,0.9827,2.2533294875323358,2.2533294875323358
20060,2020,0.02310000000000001,0.9769,0.5854672660173061,0.5854672660173061
20060,2021,0.36970000000000003,0.6303,-0.8715571801602114,-0.8715571801602114
20060,2022,0.11929999999999996,0.8807,-0.685926313378264,-0.685926313378264
20060,2023,0.6938,0.3062,0.8237509820408799,0.8237509820408799
20087,2014,0.05169999999999997,0.9483,-0.1973708891192102,-0.1973708891192102
20087,2015,0.03490000000000004,0.9651,0.030523468964524847,0.030523468964524847
20087,2016,0.014100000000000001,0.9859,0.12402552935268729,0.12402552935268729
20087,2017,0.030299999999999994,0.9697,-0.4550771664626949,-0.4550771664626949
20087,2018,0.054200000000000026,0.9458,-0.24644461543656926,-0.24644461543656926
20087,2023,0.47709999999999997,0.5229,0.7440783966921836,0.7440783966921836
20087,2024,0.3468,0.6532,-0.5859073138094322,-0.5859073138094322
20168,2012,0.1604,0.8396,-0.5629285207418264,-0.5629285207418264
20168,2013,0.24129999999999996,0.7587,1.9050044514328324,1.9050044514328324
20168,2014,0.8007,0.1993,1.1253321739785176,1.1253321739785176
20168,2015,0.8015,0.1985,-0.8283277092575632,-0.8283277092575632
20168,2016,0.7818,0.2182,-0.769972915029282,-0.769972915029282
20257,2014,0.0,1.0,-0.06432548340740585,-0.06432548340740585
20257,2015,0.8914,0.1086,0.05098117401723212,0.05098117401723212
20257,2017,0.34740000000000004,0.6526,0.7097725706602205,0.7097725706602205
20257,2018,0.7795,0.2205,0.10576196045200725,0.10576196045200725
20257,2019,0.743,0.257,-0.19613331915993326,-0.19613331915993326
20257,2023,0.5085999999999999,0.4914,0.10484985048001838,0.10484985048001838
20257,2024,0.4516,0.5484,0.02007707076421772,0.02007707076421772
20338,2011,0.12770000000000004,0.8723,0.23487100944003858,0.23487100944003858
20338,2012,0.8524,0.1476,-0.18939411595958822,-0.18939411595958822
20338,2013,0.7165,0.2835,-0.26793564742151343,-0.26793564742151343
20338,2014,0.26380000000000003,0.7362,-0.09345412076089987,-0.09345412076089987
20338,2015,0.019399999999999973,0.9806,0.7320420997943586,0.7320420997943586
20338,2016,0.02639999999999998,0.9736,-0.45454188498859294,-0.45454188498859294
20338,2017,0.02100000000000002,0.979,-0.2306621209249724,-0.2306621209249724
20338,2018,0.2679,0.7321,0.07839286385765165,0.07839286385765165
20338,2019,0.10960000000000003,0.8904,-0.08506476857106582,-0.08506476857106582
20338,2020,0.19030000000000002,0.8097,0.10535795600268827,0.10535795600268827
20338,2021,0.2229,0.7771,0.9218978044046269,0.9218978044046269
20338,2022,0.15680000000000005,0.8432,-0.13448618238595733,-0.13448618238595733
20338,2023,0.2911,0.7089,-0.44043786520897676,-0.44043786520897676
20362,2022,0.9094,0.0906,0.034771557926525754,0.034771557926525754
20362,2023,0.8367,0.1633,-0.40420904724498574,-0.40420904724498574
20435,2011,0.5481,0.4519,-0.029915223041650396,-0.029915223041650396
20435,2012,0.05230000000000001,0.9477,0.0702428800544741,0.0702428800544741
20435,2013,0.15349999999999997,0.8465,-0.32002276148362985,-0.32002276148362985
20435,2014,0.18159999999999998,0.8184,-0.13021687835573892,-0.13021687835573892
20435,2015,0.04279999999999995,0.9572,-0.21570860969404104,-0.21570860969404104
20435,2016,0.135,0.865,-0.5432023283722518,-0.5432023283722518
20435,2017,0.06469999999999998,0.9353,0.8782109863162582,0.8782109863162582
20435,2018,0.13170000000000004,0.8683,0.355396579049003,0.355396579049003
20435,2019,0.17700000000000005,0.823,-0.27973976727510197,-0.27973976727510197
20435,2021,0.3832,0.6168,1.6182675999864795,1.6182675999864795
20435,2022,0.14739999999999998,0.8526,-0.40199549674741586,-0.40199549674741586
20435,2023,0.4397,0.5603,-0.4906506826543017,-0.4906506826543017
20478,2014,0.5173,0.4827,-0.49792769829051553,-0.49792769829051553
20478,2015,0.03259999999999996,0.9674,-0.8291122475122483,-0.8291122475122483
20478,2016,0.4766,0.5234,0.5535210254198044,0.5535210254198044
20478,2017,0.16859999999999997,0.8314,-0.39397128865695075,-0.39397128865695075
20494,2014,0.1985,0.8015,-0.3173215440082966,-0.3173215440082966
20494,2015,0.046699999999999964,0.9533,0.09280466402072407,0.09280466402072407
20494,2016,0.030100000000000016,0.9699,-0.013288478126506797,-0.013288478126506797
20494,2017,0.1582,0.8418,0.05548530335538415,0.05548530335538415
20494,2018,0.07289999999999996,0.9271,0.12207413435183456,0.12207413435183456
20516,2014,0.8415,0.1585,-0.4954505899136691,-0.4954505899136691
20516,2015,0.6986,0.3014,0.0863938414384875,0.0863938414384875
20516,2016,0.4266,0.5734,-0.49873657504928604,-0.49873657504928604
20516,2017,0.13480000000000003,0.8652,0.1380344422046318,0.1380344422046318
20516,2022,0.6804,0.3196,-0.46869744536257407,-0.46869744536257407
20516,2023,0.07120000000000004,0.9288,-0.012335251255859214,-0.012335251255859214
20524,2014,0.04630000000000001,0.9537,0.31131002015844045,0.31131002015844045
20524,2017,0.19579999999999997,0.8042,0.026356792851008448,0.026356792851008448
20524,2018,0.0504,0.9496,0.7375772927428266,0.7375772927428266
20524,2019,0.08750000000000002,0.9125,-0.5798432819444592,-0.5798432819444592
20524,2020,0.1774,0.8226,-0.349678266211366,-0.349678266211366
20524,2024,0.8776,0.1224,-0.16203170951837997,-0.16203170951837997
20575,2020,0.01529999999999998,0.9847,-0.01369403975175576,-0.01369403975175576
20575,2021,0.09570000000000001,0.9043,-0.6477009723341032,-0.6477009723341032
20575,2022,0.12260000000000004,0.8774,0.6117153892055436,0.6117153892055436
20575,2023,0.023499999999999965,0.9765,0.7762847565431406,0.7762847565431406
20605,2014,0.08889999999999998,0.9111,0.09013518960846167,0.09013518960846167
20605,2015,0.2763,0.7237,0.07050708733711519,0.07050708733711519
20605,2016,0.14780000000000004,0.8522,-0.5874707667231944,-0.5874707667231944
20605,2017,0.33430000000000004,0.6657,1.6409001339579818,1.6409001339579818
20605,2018,0.22899999999999998,0.771,1.7651004274339388,1.7651004274339388
20605,2019,0.3016,0.6984,-0.49841674274082226,-0.49841674274082226
20621,2011,0.04910000000000003,0.9509,-0.0995170691245073,-0.0995170691245073
20621,2012,0.3135,0.6865,-0.3592074557698245,-0.3592074557698245
20621,2013,0.13870000000000005,0.8613,-0.26678948528574653,-0.26678948528574653
20621,2014,0.1894,0.8106,-0.28682775505401303,-0.28682775505401303
20621,2015,0.03849999999999998,0.9615,1.0022641480469385,1.0022641480469385
20621,2016,0.09709999999999996,0.9029,-0.7257956941789767,-0.7257956941789767
20621,2017,0.13980000000000004,0.8602,0.7929595096860769,0.7929595096860769
20621,2018,0.03480000000000005,0.9652,0.0431935584603953,0.0431935584603953
20621,2019,0.25360000000000005,0.7464,0.39794775518829595,0.39794775518829595
20621,2020,0.269,0.731,-0.23647471385626828,-0.23647471385626828
20621,2021,0.46440000000000003,0.5356,-0.7588338485993633,-0.7588338485993633
20621,2022,0.21650000000000003,0.7835,-0.7511711206946677,-0.7511711206946677
20621,2023,0.3024,0.6976,0.9020681510137203,0.9020681510137203
20702,2011,0.2077,0.7923,-0.6921201854183365,-0.6921201854183365
20702,2012,0.32320000000000004,0.6768,-0.38251220437430844,-0.38251220437430844
20702,2013,0.20989999999999998,0.7901,0.37701904895862004,0.37701904895862004
20702,2014,0.06830000000000003,0.9317,-0.4435591992779363,-0.4435591992779363
20702,2015,0.035699999999999954,0.9643,-0.991546979568206,-0.8717703916941871
20702,2016,0.5589999999999999,0.441,-0.2639953278300554,-0.2639953278300554
20702,2017,0.4767,0.5233,-0.7402344838071646,-0.7402344838071646
20702,2018,0.7712,0.2288,-0.5805302123019509,-0.5805302123019509
20745,2014,0.9682,0.0318,0.11280718363227127,0.11280718363227127
20745,2018,0.9624,0.0376,-0.21609918048983745,-0.21609918048983745
20745,2019,0.048799999999999955,0.9512,0.31472487087141143,0.31472487087141143
20745,2020,0.2651,0.7349,-0.3127331861816328,-0.3127331861816328
20745,2021,0.06430000000000002,0.9357,-0.3951843018304342,-0.3951843018304342
20745,2022,0.16169999999999995,0.8383,-0.21835169857476622,-0.21835169857476622
20745,2023,0.29490000000000005,0.7051,0.32666676738446565,0.32666676738446565
20745,2024,0.46409999999999996,0.5359,-0.023324926631036802,-0.023324926631036802
20770,2014,0.8686,0.1314,0.09841533980768813,0.09841533980768813
20770,2015,0.08440000000000003,0.9156,-0.3516230739997357,-0.3516230739997357
20770,2016,0.008700000000000041,0.9913,0.0003879694301309744,0.0003879694301309744
20770,2017,0.005099999999999993,0.9949,0.012184739243579434,0.012184739243579434
20770,2018,0.008600000000000052,0.9914,1.5538960025761885,1.5538960025761885
20770,2019,0.0716,0.9284,-0.7004785458449845,-0.7004785458449845
20770,2021,0.11080000000000001,0.8892,0.5515524875025712,0.5515524875025712
20770,2022,0.371,0.629,-0.33464733929030166,-0.33464733929030166
20770,2023,0.027200000000000002,0.9728,0.08712287463744328,0.08712287463744328
20770,2024,0.12119999999999997,0.8788,-0.2575682976938902,-0.2575682976938902
20788,2014,0.15069999999999995,0.8493,-0.23765903178492853,-0.23765903178492853
20788,2015,0.0938,0.9062,-0.7102649484252679,-0.7102649484252679
20788,2016,0.031000000000000028,0.969,-0.13392070868084305,-0.13392070868084305
20788,2017,0.9473,0.0527,0.044481412620384075,0.044481412620384075
20788,2018,0.8921,0.1079,1.033262000022316,1.033262000022316
20788,2019,0.8921,0.1079,-0.4229386341415846,-0.4229386341415846
20788,2020,0.0,1.0,-0.38961646361793834,-0.38961646361793834
20788,2021,0.8321000000000001,0.1679,-0.8066639056404022,-0.8066639056404022
20788,2022,0.39959999999999996,0.6004,3.001213909991346,2.9675490046794457
20788,2023,0.376,0.624,0.6936080932512843,0.6936080932512843
20788,2024,0.5104,0.4896,-0.4666148823435631,-0.4666148823435631
20842,2014,0.2841,0.7159,1.8557153927764238,1.8557153927764238
20842,2016,0.6164000000000001,0.3836,0.47900825835083416,0.47900825835083416
20915,2014,0.04069999999999996,0.9593,0.8874808442639841,0.8874808442639841
20915,2015,0.0766,0.9234,-0.44414760822485366,-0.44414760822485366
20915,2016,0.28090000000000004,0.7191,-0.21182754735524534,-0.21182754735524534
20915,2017,0.13390000000000002,0.8661,0.04191418192887597,0.04191418192887597
20915,2018,0.06820000000000004,0.9318,0.6305361494744073,0.6305361494744073
20915,2019,0.16810000000000003,0.8319,-0.4112350436987051,-0.4112350436987051
20915,2020,0.08030000000000004,0.9197,-0.28848944926543896,-0.28848944926543896
20915,2021,0.03720000000000001,0.9628,-0.3593046365721231,-0.3593046365721231
20915,2022,0.20389999999999997,0.7961,-0.3593046365721231,-0.3593046365721231
20915,2023,0.022800000000000042,0.9772,-0.014564653491655477,-0.014564653491655477
20915,2024,0.029299999999999993,0.9707,-0.11970781820865628,-0.11970781820865628
20931,2014,0.8703,0.1297,0.8420396933216967,0.8420396933216967
20931,2015,0.05900000000000005,0.941,-0.643342424995857,-0.643342424995857
20931,2016,0.8399,0.1601,-0.0776573013634706,-0.0776573013634706
20931,2017,0.5363,0.4637,-0.021981580148229596,-0.021981580148229596
20931,2018,0.4386,0.5614,0.5099328979257982,0.5099328979257982
20931,2019,0.1664,0.8336,-0.522753833536642,-0.522753833536642
20931,2022,0.030200000000000005,0.9698,-0.550506843432976,-0.550506843432976
20931,2023,0.023800000000000043,0.9762,0.26062584431854185,0.26062584431854185
20931,2024,0.03849999999999998,0.9615,-0.3777401316464283,-0.3777401316464283
20982,2014,0.8119000000000001,0.1881,-0.040764965846702195,-0.040764965846702195
20982,2015,0.03400000000000003,0.966,0.04417161992166174,0.04417161992166174
20982,2016,0.0947,0.9053,-0.17095438179445277,-0.17095438179445277
20982,2017,0.027000000000000024,0.973,0.3333748700004393,0.3333748700004393
20982,2018,0.11670000000000003,0.8833,0.11983382823725153,0.11983382823725153
20982,2019,0.5641,0.4359,-0.4114830344015581,-0.4114830344015581
20982,2020,0.5574,0.4426,0.6085740274363574,0.6085740274363574
20982,2021,0.03049999999999997,0.9695,0.23650169375111885,0.23650169375111885
20982,2022,0.04959999999999998,0.9504,-0.2623388765394762,-0.2623388765394762
20982,2023,0.40480000000000005,0.5952,-0.19641753256732652,-0.19641753256732652
20982,2024,0.1472,0.8528,0.10392552674213373,0.10392552674213373
20990,2014,0.15710000000000002,0.8429,-0.2521360561207502,-0.2521360561207502
20990,2017,0.03080000000000005,0.9692,0.06036447758158303,0.06036447758158303
20990,2022,0.06720000000000004,0.9328,-0.25579193371099584,-0.25579193371099584
20990,2023,0.21650000000000003,0.7835,-0.8734954668327182,-0.8717703916941871
20990,2024,0.4507,0.5493,-1.0899718639787874,-0.8717703916941871
21016,2014,0.09999999999999998,0.9,0.11320868045152221,0.11320868045152221
21016,2015,0.10419999999999996,0.8958,-0.03384391080971727,-0.03384391080971727
21016,2016,0.38380000000000003,0.6162,0.8740862743828426,0.8740862743828426
21016,2017,0.9374,0.0626,-0.5348281101191791,-0.5348281101191791
21016,2018,0.0,1.0,0.3833962260509294,0.3833962260509294
21016,2019,0.0,1.0,-0.32834813617340564,-0.32834813617340564
21091,2014,0.14459999999999995,0.8554,0.18863925301274254,0.18863925301274254
21091,2015,0.11650000000000005,0.8835,-0.05041974155668605,-0.05041974155668605
21091,2016,0.07379999999999998,0.9262,0.11243676715056128,0.11243676715056128
21091,2017,0.07269999999999999,0.9273,0.08493896488688835,0.08493896488688835
21091,2018,0.05269999999999997,0.9473,-0.13243947309869186,-0.13243947309869186
21091,2019,0.0947,0.9053,0.16505559177077989,0.16505559177077989
21091,2020,0.05820000000000003,0.9418,-0.5822989145066297,-0.5822989145066297
21091,2021,0.17779999999999996,0.8222,-0.25326262368349106,-0.25326262368349106
21091,2022,0.07399999999999995,0.926,0.7561536109158691,0.7561536109158691
21091,2023,0.029000000000000026,0.971,-0.3893601021664468,-0.3893601021664468
21091,2024,0.5835,0.4165,-0.36352231920071854,-0.36352231920071854
21148,2017,0.43410000000000004,0.5659,-0.9161109689011385,-0.8717703916941871
21148,2018,0.13029999999999997,0.8697,0.04533405509836874,0.04533405509836874
21148,2019,0.2712,0.7288,-0.4994476724362392,-0.4994476724362392
21148,2021,0.736,0.264,0.28241055258243053,0.28241055258243053
21148,2022,0.34419999999999995,0.6558,0.9575843951745595,0.9575843951745595
21148,2023,0.04279999999999995,0.9572,-0.17778490552546722,-0.17778490552546722
21180,2020,0.07410000000000005,0.9259,-0.3205466936590392,-0.3205466936590392
21180,2021,0.6343,0.3657,-0.9222791260940589,-0.8717703916941871
21180,2022,0.9459,0.0541,1.2368160543989921,1.2368160543989921
21180,2023,0.21309999999999996,0.7869,-0.1105036576624282,-0.1105036576624282
21237,2014,0.059799999999999964,0.9402,1.6580523102455773,1.6580523102455773
21237,2015,0.20030000000000003,0.7997,-0.7555625643887038,-0.7555625643887038
21237,2016,0.46040000000000003,0.5396,-0.29379242466360467,-0.29379242466360467
21237,2019,0.16279999999999994,0.8372,-0.4123322041291284,-0.4123322041291284
21237,2020,0.3499,0.6501,-0.43813916795344143,-0.43813916795344143
21237,2021,0.05669999999999997,0.9433,0.12314484930085512,0.12314484930085512
21237,2024,0.0847,0.9153,0.48287790901977035,0.48287790901977035
21300,2011,0.38880000000000003,0.6112,-0.39068683386861713,-0.39068683386861713
21342,2011,0.07530000000000003,0.9247,-0.6966376546778597,-0.6966376546778597
21342,2012,0.10199999999999998,0.898,-0.6260168894312798,-0.6260168894312798
21342,2013,0.08179999999999998,0.9182,1.3738709241153804,1.3738709241153804
21342,2014,0.046499999999999986,0.9535,-0.3946055383001047,-0.3946055383001047
21342,2015,0.19220000000000004,0.8078,-0.8463076785262791,-0.8463076785262791
21342,2017,0.20079999999999998,0.7992,-0.030756044815046457,-0.030756044815046457
21342,2018,0.21660000000000001,0.7834,0.02627922164527141,0.02627922164527141
21342,2019,0.00019999999999997797,0.9998,0.6758056240359871,0.6758056240359871
21342,2020,0.03420000000000001,0.9658,-0.9940678592372207,-0.8717703916941871
21342,2021,0.16469999999999996,0.8353,0.9291239337402395,0.9291239337402395
21342,2022,0.021100000000000008,0.9789,-0.5838623189660339,-0.5838623189660339
21342,2023,0.023399999999999976,0.9766,-0.385931006804627,-0.385931006804627
21350,2014,0.06230000000000002,0.9377,0.4678754062223889,0.4678754062223889
21350,2015,0.7228,0.2772,-0.5020082785022093,-0.5020082785022093
21350,2016,0.8149,0.1851,0.278366527108165,0.278366527108165
21350,2017,0.9305,0.0695,0.5828372288074379,0.5828372288074379
21350,2018,0.9469,0.0531,0.012408948532529829,0.012408948532529829
21350,2019,0.4424,0.5576,-0.40523007723357873,-0.40523007723357873
21350,2020,0.13660000000000005,0.8634,-0.15517309687780112,-0.15517309687780112
21350,2021,0.08750000000000002,0.9125,0.7589616034153277,0.7589616034153277
21350,2022,0.03620000000000001,0.9638,0.36972142881893144,0.36972142881893144
21431,2014,0.018900000000000028,0.9811,0.3167118113234326,0.3167118113234326
21431,2015,0.047900000000000054,0.9521,-0.553226797845012,-0.553226797845012
21431,2016,0.17510000000000003,0.8249,0.06985805585541893,0.06985805585541893
21431,2017,0.5643,0.4357,-0.3449254477888636,-0.3449254477888636
21431,2018,0.0887,0.9113,0.38796123748908684,0.38796123748908684
21431,2019,0.0887,0.9113,-0.48914491224723866,-0.48914491224723866
21431,2020,0.08699999999999997,0.913,0.028476723183512576,0.028476723183512576
21431,2021,0.061899999999999955,0.9381,0.4051486149671595,0.4051486149671595
21431,2022,0.06720000000000004,0.9328,-0.5512840715503691,-0.5512840715503691
21431,2023,0.038900000000000046,0.9611,-0.21268089955536684,-0.21268089955536684
21431,2024,0.03720000000000001,0.9628,0.6437766069215907,0.6437766069215907
21490,2015,0.11929999999999996,0.8807,0.34929786876988955,0.34929786876988955
21490,2016,0.047599999999999976,0.9524,-0.3341863905685055,-0.3341863905685055
21490,2017,0.059799999999999964,0.9402,0.7443679700991639,0.7443679700991639
21490,2018,0.029900000000000038,0.9701,-0.25469437544688533,-0.25469437544688533
21881,2014,0.05779999999999996,0.9422,0.7459024805111727,0.7459024805111727
21881,2015,0.374,0.626,0.4119888552483051,0.4119888552483051
21881,2018,0.03639999999999999,0.9636,0.3458077593481945,0.3458077593481945
21881,2019,0.10940000000000005,0.8906,-0.16011604037105187,-0.16011604037105187
21881,2020,0.0029000000000000137,0.9971,-0.26105762866828786,-0.26105762866828786
21881,2021,0.10119999999999996,0.8988,0.2423288945294504,0.2423288945294504
21881,2022,0.017000000000000015,0.983,0.010549728568319816,0.010549728568319816
21881,2023,0.09440000000000004,0.9056,-0.32257814328977263,-0.32257814328977263
21881,2024,0.3107,0.6893,0.3904927439612489,0.3904927439612489
22012,2012,0.24380000000000002,0.7562,-0.2788186961578115,-0.2788186961578115
22012,2013,0.21940000000000004,0.7806,-0.6245492528448477,-0.6245492528448477
22012,2014,0.33120000000000005,0.6688,0.20489207355824646,0.20489207355824646
22012,2015,0.07589999999999997,0.9241,0.1803895666723443,0.1803895666723443
22012,2016,0.06000000000000005,0.94,-0.275390481937424,-0.275390481937424
22012,2017,0.17859999999999998,0.8214,1.0358051849900676,1.0358051849900676
22012,2018,0.08620000000000005,0.9138,-0.1455822952425483,-0.1455822952425483
22012,2019,0.21509999999999996,0.7849,-0.3723786835041051,-0.3723786835041051
22012,2022,0.14329999999999998,0.8567,-0.2935710213263574,-0.2935710213263574
22012,2023,0.013499999999999956,0.9865,-0.40840486937293197,-0.40840486937293197
22055,2012,0.041000000000000036,0.959,-0.6604671586946583,-0.6604671586946583
22055,2015,0.22599999999999998,0.774,-0.2188151414228524,-0.2188151414228524
22055,2020,0.9046,0.0954,0.19493066661385883,0.19493066661385883
22055,2021,0.9504,0.0496,-0.454063225530706,-0.454063225530706
22055,2022,0.08430000000000004,0.9157,-0.1264958898652545,-0.1264958898652545
22055,2023,0.11180000000000001,0.8882,1.4036243757413835,1.4036243757413835
22187,2015,0.6501,0.3499,2.9979688643601605,2.9675490046794457
22187,2016,0.1442,0.8558,-0.7338015909805002,-0.7338015909805002
22187,2017,0.29690000000000005,0.7031,0.0561454384548159,0.0561454384548159
22187,2018,0.15769999999999995,0.8423,-0.6225397931236214,-0.6225397931236214
22187,2019,0.3426,0.6574,-0.6274406135589059,-0.6274406135589059
22187,2020,0.876,0.124,-0.4694506139334249,-0.4694506139334249
22187,2021,0.1735,0.8265,-0.31136693670206894,-0.31136693670206894
22349,2014,0.13590000000000002,0.8641,-0.24527119436779432,-0.24527119436779432
22349,2015,0.06589999999999996,0.9341,0.2870089271903311,0.2870089271903311
22349,2016,0.046599999999999975,0.9534,0.0358440957287367,0.0358440957287367
22349,2017,0.125,0.875,-0.2179255821350653,-0.2179255821350653
22349,2018,0.17959999999999998,0.8204,-0.18079766670335407,-0.18079766670335407
22349,2019,0.07579999999999998,0.9242,0.38539508554746105,0.38539508554746105
22349,2020,0.19930000000000003,0.8007,-0.1537029153441133,-0.1537029153441133
22349,2021,0.052200000000000024,0.9478,-0.01212990557234972,-0.01212990557234972
22349,2022,0.07469999999999999,0.9253,-0.22563715766654935,-0.22563715766654935
22349,2023,0.03290000000000004,0.9671,-0.39064524571333636,-0.39064524571333636
22349,2024,0.26759999999999995,0.7324,0.18096441493605897,0.18096441493605897
22357,2014,0.07010000000000005,0.9299,-0.35291697199760597,-0.35291697199760597
22357,2015,0.013000000000000012,0.987,0.1848689927190048,0.1848689927190048
22357,2016,0.244,0.756,-0.12793546540297052,-0.12793546540297052
22357,2017,0.07730000000000004,0.9227,0.2786351090693051,0.2786351090693051
22357,2018,0.03590000000000004,0.9641,-0.030509236192479028,-0.030509236192479028
22357,2023,0.44179999999999997,0.5582,-0.3055386992003909,-0.3055386992003909
22357,2024,0.10929999999999995,0.8907,0.39114984263910446,0.39114984263910446
22365,2011,0.17110000000000003,0.8289,0.17243079708214104,0.17243079708214104
22365,2012,0.7617,0.2383,0.013021831933090144,0.013021831933090144
22365,2013,0.5618000000000001,0.4382,0.2027801148950812,0.2027801148950812
22365,2014,0.1755,0.8245,-0.18234109921680597,-0.18234109921680597
22365,2015,0.19299999999999995,0.807,-0.27024106289773575,-0.27024106289773575
22365,2016,0.037799999999999945,0.9622,0.6275342786145972,0.6275342786145972
22365,2017,0.0029000000000000137,0.9971,0.06813570682283276,0.06813570682283276
22365,2018,0.0049000000000000155,0.9951,-0.6615702815724775,-0.6615702815724775
22470,2014,0.4769,0.5231,-0.32152581965123717,-0.32152581965123717
22470,2015,0.3005,0.6995,-0.6537058231009897,-0.6537058231009897
22470,2016,0.23529999999999995,0.7647,-0.6537058231009897,-0.6537058231009897
22470,2017,0.17279999999999995,0.8272,-0.028793221776036493,-0.028793221776036493
22470,2018,0.2329,0.7671,-0.22813434370678787,-0.22813434370678787
22470,2019,0.2751,0.7249,-0.2327857601902873,-0.2327857601902873
23035,2013,0.033299999999999996,0.9667,-0.24188601229958928,-0.24188601229958928
23035,2014,0.12280000000000002,0.8772,-0.12758695623408678,-0.12758695623408678
23035,2015,0.03490000000000004,0.9651,-0.3009090674221925,-0.3009090674221925
23035,2016,0.22719999999999996,0.7728,-0.1421041462949374,-0.1421041462949374
23035,2017,0.04800000000000004,0.952,0.7377346434520202,0.7377346434520202
23221,2014,0.11950000000000005,0.8805,0.3205598890558763,0.3205598890558763
23221,2015,0.266,0.734,0.3469778452815053,0.3469778452815053
23221,2016,0.14259999999999995,0.8574,-0.32350853262186285,-0.32350853262186285
23221,2017,0.17930000000000001,0.8207,-0.40199430968722105,-0.40199430968722105
23221,2018,0.058699999999999974,0.9413,0.1738850327672301,0.1738850327672301
23221,2019,0.027200000000000002,0.9728,-0.5995751487479413,-0.5995751487479413
23221,2020,0.10099999999999998,0.899,0.715664221824776,0.715664221824776
23221,2021,0.253,0.747,-0.6265906641758925,-0.6265906641758925
23221,2022,0.5939,0.4061,3.0419946500390234,2.9675490046794457
23221,2023,0.6085,0.3915,-0.3932106163473763,-0.3932106163473763
23248,2014,0.3489,0.6511,-0.5410365566533974,-0.5410365566533974
23248,2015,0.19320000000000004,0.8068,0.053652573945256465,0.053652573945256465
23248,2016,0.1552,0.8448,0.3912042672901317,0.3912042672901317
23248,2017,0.09840000000000004,0.9016,-0.6107657880415971,-0.6107657880415971
23248,2018,0.2328,0.7672,0.7904355374872294,0.7904355374872294
23248,2019,0.17390000000000005,0.8261,-0.5011591633078607,-0.5011591633078607
23248,2020,0.3439,0.6561,-0.15927329229728415,-0.15927329229728415
23248,2021,0.3177,0.6823,-0.37626392525670493,-0.37626392525670493
23248,2022,0.15900000000000003,0.841,0.3837191124268007,0.3837191124268007
23248,2023,0.9061,0.0939,-0.3428730079637332,-0.3428730079637332
23264,2014,0.06459999999999999,0.9354,0.11636911967537289,0.11636911967537289
23264,2015,0.02969999999999995,0.9703,-0.3444446658178658,-0.3444446658178658
23264,2016,0.06540000000000001,0.9346,-0.13704172966125427,-0.13704172966125427
23264,2017,0.00029999999999996696,0.9997,-0.13704172966125427,-0.13704172966125427
23264,2018,0.05169999999999997,0.9483,0.044230076741715196,0.044230076741715196
23264,2019,0.08360000000000001,0.9164,0.1301973415933999,0.1301973415933999
23264,2020,0.22319999999999995,0.7768,0.10170770020856312,0.10170770020856312
23264,2023,0.03759999999999997,0.9624,0.05075119284616614,0.05075119284616614
23264,2024,0.022599999999999953,0.9774,0.2597457740981288,0.2597457740981288
23272,2016,0.06340000000000001,0.9366,0.07006262472242497,0.07006262472242497
23272,2019,0.347,0.653,0.022817099777983074,0.022817099777983074
23272,2020,0.08409999999999995,0.9159,-0.369540526766711,-0.369540526766711
23272,2021,0.6907,0.3093,-0.18905681302991462,-0.18905681302991462
23272,2022,0.7178,0.2822,0.3988742761367896,0.3988742761367896
23272,2023,0.10409999999999997,0.8959,-0.12853196902843878,-0.12853196902843878
23272,2024,0.359,0.641,-0.022289915950986727,-0.022289915950986727
23310,2014,0.17579999999999996,0.8242,-0.20050582113578752,-0.20050582113578752
23310,2015,0.9033,0.0967,0.4070161932889109,0.4070161932889109
23310,2016,0.1804,0.8196,-0.11617478578518314,-0.11617478578518314
23310,2019,0.42769999999999997,0.5723,0.6964909368936465,0.6964909368936465
23310,2024,0.24270000000000003,0.7573,-0.4945201257348215,-0.4945201257348215
23450,2015,0.8976999999999999,0.1023,2.0022735593542436,2.0022735593542436
23485,2014,0.16969999999999996,0.8303,-0.7837213405153021,-0.7837213405153021
23485,2015,0.8685,0.1315,1.9386077257364196,1.9386077257364196
23485,2016,0.7545,0.2455,-0.4858483540536145,-0.4858483540536145
23485,2017,0.22130000000000005,0.7787,0.18410416739832702,0.18410416739832702
23485,2018,0.17459999999999998,0.8254,-0.4662576042880783,-0.4662576042880783
23485,2019,0.4739,0.5261,-0.04082373289425545,-0.04082373289425545
23574,2012,0.011600000000000055,0.9884,0.5509172979567649,0.5509172979567649
23574,2013,0.14339999999999997,0.8566,0.5509172979567649,0.5509172979567649
23574,2014,0.4747,0.5253,0.6368610298461246,0.6368610298461246
23574,2015,0.03310000000000002,0.9669,0.935722247868422,0.935722247868422
23574,2016,0.27449999999999997,0.7255,-0.22868127600092325,-0.22868127600092325
23574,2017,0.12960000000000005,0.8704,-0.2586967170933815,-0.2586967170933815
23574,2018,0.03979999999999995,0.9602,-0.3430396763413863,-0.3430396763413863
23574,2019,0.1643,0.8357,0.23218029990320632,0.23218029990320632
23574,2020,0.25880000000000003,0.7412,-0.1735344014335264,-0.1735344014335264
23574,2023,0.08499999999999996,0.915,-0.3466040540584473,-0.3466040540584473
23825,2017,0.6693,0.3307,0.5234910370484842,0.5234910370484842
23825,2018,0.4498,0.5502,-0.2584171576148123,-0.2584171576148123
23825,2019,0.5666,0.4334,-0.3183904496212715,-0.3183904496212715
23825,2020,0.19230000000000003,0.8077,-0.25492947900394025,-0.25492947900394025
23825,2021,0.16620000000000001,0.8338,-0.4558255707540474,-0.4558255707540474
23825,2022,0.13149999999999995,0.8685,-0.6705643222130566,-0.6705643222130566
23825,2023,0.09819999999999995,0.9018,-0.27640779961065265,-0.27640779961065265
24260,2021,0.35240000000000005,0.6476,0.07155424999806037,0.07155424999806037
24260,2022,0.38539999999999996,0.6146,-0.051363330813644525,-0.051363330813644525
24260,2023,0.8412,0.1588,-0.4185971161981983,-0.4185971161981983
24260,2024,0.6204000000000001,0.3796,-0.31242231919084096,-0.31242231919084096
24295,2021,0.8251,0.1749,-0.35601559584386444,-0.35601559584386444
24295,2022,0.6454,0.3546,0.781062340816832,0.781062340816832
24392,2020,0.15710000000000002,0.8429,-0.4221356263836744,-0.4221356263836744
24392,2021,0.18720000000000003,0.8128,-0.6634117586464039,-0.6634117586464039
24392,2024,0.05120000000000002,0.9488,-0.7380574092360429,-0.7380574092360429
24694,2019,0.22560000000000002,0.7744,-0.8237545359193461,-0.8237545359193461
24694,2020,0.29810000000000003,0.7019,0.3349042790409491,0.3349042790409491
24716,2021,0.08960000000000001,0.9104,-0.18121244425535654,-0.18121244425535654
24716,2022,0.1784,0.8216,-0.637677526689573,-0.637677526689573
24716,2023,0.11060000000000003,0.8894,-0.052013616363364434,-0.052013616363364434
24716,2024,0.5454,0.4546,-0.2990412650928448,-0.2990412650928448
24805,2020,0.4547,0.5453,0.049766586510185506,0.049766586510185506
24805,2021,0.0665,0.9335,-0.010464402263800077,-0.010464402263800077
24805,2022,0.14149999999999996,0.8585,-0.12361446498812079,-0.12361446498812079
24805,2023,0.05379999999999996,0.9462,-0.387967908427885,-0.387967908427885
24805,2024,0.18779999999999997,0.8122,0.4191737288443138,0.4191737288443138
24821,2021,0.07699999999999996,0.923,-0.38920096308517593,-0.38920096308517593
24821,2022,0.12919999999999998,0.8708,0.5878170051972789,0.5878170051972789
24821,2023,0.30469999999999997,0.6953,0.03164049102362121,0.03164049102362121
24821,2024,0.027100000000000013,0.9729,-0.25106818797999464,-0.25106818797999464
24910,2020,0.49039999999999995,0.5096,-0.9328619336659144,-0.8717703916941871
24910,2021,0.06479999999999997,0.9352,0.7270507730917752,0.7270507730917752
24910,2022,0.04910000000000003,0.9509,-0.2611528928783208,-0.2611528928783208
24910,2023,0.06030000000000002,0.9397,-0.5510214211867444,-0.5510214211867444
24910,2024,0.02100000000000002,0.979,0.2792615378972574,0.2792615378972574
24929,2019,0.13170000000000004,0.8683,-0.47538098290773956,-0.47538098290773956
24929,2020,0.32530000000000003,0.6747,0.26755568735517365,0.26755568735517365
24929,2021,0.22230000000000005,0.7777,-0.07253693391528016,-0.07253693391528016
24929,2022,0.16890000000000005,0.8311,0.6818862506336252,0.6818862506336252
24929,2023,0.12670000000000003,0.8733,-0.375950974244014,-0.375950974244014
24929,2024,0.10419999999999996,0.8958,0.3880060295091219,0.3880060295091219
24961,2020,0.9014,0.0986,0.5429333826624021,0.5429333826624021
24961,2021,0.988,0.012,-0.5294158267273449,-0.5294158267273449
24961,2022,0.8844,0.1156,-0.035823816354266236,-0.035823816354266236
24961,2023,0.9269000000000001,0.0731,1.8820244245444409,1.8820244245444409
25003,2020,0.32030000000000003,0.6797,-0.4004732102264462,-0.4004732102264462
25003,2021,0.4283,0.5717,-0.34536693113793826,-0.34536693113793826
25003,2022,0.21660000000000001,0.7834,0.05726505437221108,0.05726505437221108
25003,2023,0.1502,0.8498,-0.4058862566884376,-0.4058862566884376
25100,2020,0.05920000000000003,0.9408,-0.07599500934947212,-0.07599500934947212
25100,2023,0.673,0.327,-0.019926865882739286,-0.019926865882739286
25186,2020,0.7332000000000001,0.2668,0.1287310775499375,0.1287310775499375
25186,2021,0.36970000000000003,0.6303,0.7164073560208535,0.7164073560208535
25186,2023,0.5703,0.4297,-0.27926732509787844,-0.27926732509787844
25372,2022,0.8775,0.1225,-0.5316892138340259,-0.5316892138340259
25372,2023,0.9558,0.0442,-0.28021931864983285,-0.28021931864983285
25372,2024,0.25529999999999997,0.7447,0.28865810988084073,0.28865810988084073
25453,2021,0.01529999999999998,0.9847,-0.5772671842312658,-0.5772671842312658
25453,2022,0.32020000000000004,0.6798,-0.409509559965721,-0.409509559965721
25585,2021,0.783,0.217,-0.12718089635665886,-0.12718089635665886
25585,2022,0.577,0.423,0.010403330284212364,0.010403330284212364
25585,2023,0.5992999999999999,0.4007,-0.10996844658457905,-0.10996844658457905
25585,2024,0.2521,0.7479,-0.5924262418444025,-0.5924262418444025
25712,2023,0.8792,0.1208,-0.4176946780232539,-0.4176946780232539
25780,2021,0.24470000000000003,0.7553,-0.7293362412238944,-0.7293362412238944
25780,2022,0.43420000000000003,0.5658,-0.10994059602800432,-0.10994059602800432
25984,2021,0.23850000000000005,0.7615,-0.8873041311301486,-0.8717703916941871
25984,2022,0.3022,0.6978,-0.34164247785666724,-0.34164247785666724
25984,2023,0.20399999999999996,0.796,3.2381156298870355,2.9675490046794457
26123,2021,0.46809999999999996,0.5319,0.5337077070798906,0.5337077070798906
26123,2022,0.16990000000000005,0.8301,-0.09395091465605587,-0.09395091465605587
26123,2023,0.15639999999999998,0.8436,-0.5807812600531725,-0.5807812600531725
26620,2023,0.4821,0.5179,-0.1363648115731122,-0.1363648115731122
26620,2024,0.35150000000000003,0.6485,0.42773520795289843,0.42773520795289843
27111,2022,0.022199999999999998,0.9778,1.7662066877705804,1.7662066877705804
27111,2023,0.014000000000000012,0.986,-0.6592390730641493,-0.6592390730641493
