cd_cvm,year_prev,year_curr,cosine_similarity,chars_prev,chars_curr,group,prev_ok,curr_ok,both_ok,ticker,event_date,window_start,window_end,stock_return,ibov_return,abnormal_return
2437,2021,2022,0.902,388979,267385,stayed,True,True,True,AXIA3,2023-03-13,2023-03-13,2024-09-13,0.30197554092191914,0.3079923499845232,-0.006016809062604045
2437,2022,2023,0.8666,267385,237349,stayed,True,True,True,AXIA3,2024-05-14,2024-05-14,2025-11-12,0.6134937238493723,0.22656731885004677,0.3869264049993255
2453,2015,2016,0.9798,360670,363606,stayed,True,True,True,CMIG4,2017-04-11,2017-04-11,2018-10-22,0.10155210295583661,0.32997155522104715,-0.22841945226521054
2453,2016,2017,0.9651,363606,357785,stayed,True,True,True,CMIG4,2018-03-29,2018-03-29,2019-10-08,0.6133177571311661,0.17121471469290417,0.44210304243826193
2453,2017,2018,0.9727,357785,421356,stayed,True,True,True,CMIG4,2019-04-01,2019-04-01,2020-10-05,-0.21296792658069552,0.00036166986537322643,-0.21332959644606875
2453,2018,2019,0.9777,421356,419576,stayed,True,True,True,CMIG4,2020-04-01,2020-04-01,2021-10-08,0.9457308187894713,0.5899457069301517,0.3557851118593196
2453,2019,2020,0.9624,419576,490324,stayed,True,True,True,CMIG4,2021-03-30,2021-03-30,2022-10-03,0.33305521459521725,-0.006120770388140517,0.33917598498335777
2453,2020,2021,0.9734,490324,466601,stayed,True,True,True,CMIG4,2022-03-29,2022-03-29,2023-09-29,0.10198087436165593,-0.028738273155578198,0.13071914751723412
2453,2021,2022,0.9772,466601,430756,stayed,True,True,True,CMIG4,2023-03-25,2023-03-27,2024-09-27,0.3513314967736332,0.3316919243984702,0.019639572375163006
2453,2022,2023,0.9693,430756,405851,stayed,True,True,True,CMIG4,2024-03-21,2024-03-21,2025-09-23,0.23101160861334158,0.14252944613848295,0.08848216247485863
2577,2015,2016,0.9647,208879,214624,dropped_or_delisted,True,True,True,CESP6,2017-03-24,2017-03-24,2018-10-03,-0.22811816192560186,0.3041266005123895,-0.5322447624379913
2577,2016,2017,0.9695,214624,255415,dropped_or_delisted,True,True,True,CESP6,2018-03-21,2018-03-21,2019-09-30,0.7845961177207263,0.23263712982599105,0.5519589878947353
2577,2017,2018,0.9615,255415,235309,dropped_or_delisted,True,True,True,CESP6,2019-03-22,2019-03-22,2020-09-25,0.1963414634146341,0.03482396945009425,0.16151749396453985
2577,2018,2019,0.8204,235309,134950,dropped_or_delisted,True,True,True,CESP6,2020-02-17,2020-02-17,2021-08-26,-0.3196650303205314,0.029614921979271402,-0.3492799522998028
3980,2015,2016,0.991,203796,201424,stayed,True,True,True,GGBR4,2017-02-22,2017-02-22,2018-09-04,0.1906941272726288,0.08925922389051966,0.10143490338210914
3980,2016,2017,0.9829,201424,211551,stayed,True,True,True,GGBR4,2018-02-28,2018-02-28,2019-09-09,-0.2111913360726062,0.20886069349865677,-0.420052029571263
3980,2017,2018,0.9855,211551,220360,stayed,True,True,True,GGBR4,2019-02-21,2019-02-21,2020-08-28,0.29801324585097144,0.05375536959982452,0.24425787625114692
3980,2021,2022,0.9839,221121,226913,stayed,True,True,True,GGBR4,2023-03-01,2023-03-01,2024-09-03,-0.2445121951680176,0.28709972450935584,-0.5316119196773734
3980,2022,2023,0.9869,226913,225135,stayed,True,True,True,GGBR4,2024-02-20,2024-02-20,2025-08-22,-0.08261682225843303,0.06197876460432816,-0.1445955868627612
4170,2015,2016,0.9052,224509,237390,stayed,True,True,True,VALE3,2017-02-23,2017-02-23,2018-09-05,0.5722037986132045,0.11311477572578932,0.45908902288741515
4170,2016,2017,0.9392,237390,227057,stayed,True,True,True,VALE3,2018-02-27,2018-02-27,2019-09-06,-0.018592858652017652,0.18404415966606935,-0.202637018318087
4170,2017,2018,0.8964,227057,248583,stayed,True,True,True,VALE3,2019-04-18,2019-04-18,2020-10-23,0.20673259794598708,0.07064562194314017,0.13608697600284692
4170,2020,2021,0.9428,274603,306915,stayed,True,True,True,VALE3,2022-02-24,2022-02-24,2023-08-30,-0.25771076079506516,0.05325862896642919,-0.31096938976149435
4170,2021,2022,0.9321,306915,323774,stayed,True,True,True,VALE3,2023-02-16,2023-02-16,2024-08-23,-0.35643009305976003,0.23346069808423486,-0.5898907911439949
4170,2022,2023,0.939,323774,344928,stayed,True,True,True,VALE3,2024-02-22,2024-02-22,2025-08-26,-0.17569175840523654,0.057822544514746,-0.23351430291998254
4820,2016,2017,0.9885,296557,279551,stayed,True,True,True,BRKM5,2018-03-29,2018-03-29,2019-10-08,-0.416875,0.17121471469290417,-0.5880897146929042
4820,2021,2022,0.9889,343707,308708,stayed,True,True,True,BRKM5,2023-03-23,2023-03-23,2024-09-25,0.2061298076923077,0.3437288680451043,-0.13759906035279656
5258,2019,2020,0.9354,166326,182671,stayed,True,True,True,RADL3,2021-03-09,2021-03-09,2022-09-12,0.007391304336997528,0.018646532283751016,-0.011255227946753488
5258,2020,2021,0.5221,182671,251661,stayed,True,True,True,RADL3,2022-02-22,2022-02-22,2023-08-28,0.17881263132927327,0.03746224260752329,0.14135038872175
5258,2021,2022,0.9492,251661,242447,stayed,True,True,True,RADL3,2023-03-07,2023-03-07,2024-09-09,0.22052159070685273,0.29271693297564294,-0.07219534226879021
5258,2022,2023,0.9479,242447,249418,stayed,True,True,True,RADL3,2024-03-05,2024-03-05,2025-09-05,-0.3158517351328193,0.11352259607889614,-0.4293743312117154
5410,2015,2016,0.9873,89851,91393,stayed,True,True,True,WEGE3,2017-02-22,2017-02-22,2018-09-04,0.4178362572933585,0.08925922389051966,0.32857703340283884
5410,2016,2017,0.9833,91393,94422,stayed,True,True,True,WEGE3,2018-02-28,2018-02-28,2019-09-09,0.253908586052902,0.20886069349865677,0.04504789255424524
5410,2017,2018,0.9814,94422,100991,stayed,True,True,True,WEGE3,2019-04-10,2019-04-10,2020-10-15,3.406437534097109,0.03231368960678327,3.3741238444903257
5410,2018,2019,0.9844,100991,96003,stayed,True,True,True,WEGE3,2020-02-19,2020-02-19,2021-08-30,0.5026628430970914,0.02765556448124573,0.4750072786158457
5410,2019,2020,0.9854,96003,96144,stayed,True,True,True,WEGE3,2021-02-24,2021-02-24,2022-08-29,-0.34555940023068055,-0.028916090548292694,-0.31664330968238785
5410,2020,2021,0.9819,96144,98694,stayed,True,True,True,WEGE3,2022-02-16,2022-02-16,2023-08-22,0.16517571884984017,0.00846546238766055,0.15671025646217962
5410,2021,2022,0.9764,98694,99119,stayed,True,True,True,WEGE3,2023-02-15,2023-02-15,2024-08-22,0.3940329218106995,0.2333322749405249,0.1607006468701746
5410,2022,2023,0.9767,99119,103611,stayed,True,True,True,WEGE3,2024-02-21,2024-02-21,2025-08-25,0.030030030030029797,0.061474220339397645,-0.03144419030936785
6505,2015,2016,0.8717,140191,143638,dropped_or_delisted,True,True,True,BHIA3,2017-02-23,2017-02-23,2018-09-06,0.20454545454545459,0.1327369625796324,0.07180849196582217
6505,2016,2017,0.9138,143638,142991,dropped_or_delisted,True,True,True,BHIA3,2018-02-19,2018-02-19,2019-08-29,-0.05555555555555558,0.1855311618180382,-0.24108671737359377
6505,2017,2018,0.8055,142991,158243,dropped_or_delisted,True,True,True,BHIA3,2019-02-20,2019-02-20,2020-08-27,2.907869481765835,0.04224763609768356,2.8656218456681515
6505,2018,2019,0.7641,158243,166276,dropped_or_delisted,True,True,True,BHIA3,2020-03-26,2020-03-26,2021-10-04,0.3508771929824561,0.4205838759299678,-0.0697066829475117
6505,2019,2020,0.7428,166276,165875,dropped_or_delisted,True,True,True,BHIA3,2021-03-02,2021-03-02,2022-09-02,-0.7420965058236273,-0.00605667214752037,-0.7360398336761069
6505,2020,2021,0.7945,165875,164701,dropped_or_delisted,True,True,True,BHIA3,2022-03-09,2022-03-09,2023-09-11,-0.6539589442815249,0.02618956185732202,-0.6801485061388469
6505,2021,2022,0.9027,164701,164368,dropped_or_delisted,True,True,True,BHIA3,2023-03-09,2023-03-09,2024-09-11,-0.8769072164948454,0.2817666764790614,-1.1586738929739067
6505,2022,2023,0.8896,164368,153589,dropped_or_delisted,True,True,True,BHIA3,2024-03-25,2024-03-25,2025-09-25,-0.353030303030303,0.14476126369607156,-0.4977915667263746
8133,2019,2020,0.7729,139213,180180,stayed,True,True,True,LREN3,2021-02-11,2021-02-11,2022-08-18,-0.22784970797719006,-0.04599302446617071,-0.18185668351101936
8133,2020,2021,0.6466,180180,150743,stayed,True,True,True,LREN3,2022-03-17,2022-03-17,2023-09-19,-0.36244541503384753,0.042179030748521695,-0.4046244457823692
8133,2021,2022,0.9279,150743,143572,stayed,True,True,True,LREN3,2023-02-16,2023-02-16,2024-08-23,-0.08410732702950396,0.23346069808423486,-0.3175680251137388
8133,2022,2023,0.9495,143572,138987,stayed,True,True,True,LREN3,2024-03-14,2024-03-14,2025-09-16,0.12598425190030382,0.1282150038879326,-0.0022307519876287873
8451,2015,2016,0.9828,136443,141275,stayed,True,True,True,POMO4,2017-02-23,2017-02-23,2018-09-05,0.2578397209064296,0.11311477572578932,0.14472494518064027
8451,2016,2017,0.9861,141275,148495,stayed,True,True,True,POMO4,2018-02-22,2018-02-22,2019-09-03,-0.10174351474791032,0.1499009360747845,-0.2516444508226948
8451,2017,2018,0.9573,148495,144360,stayed,True,True,True,POMO4,2019-02-26,2019-02-26,2020-09-02,-0.2770780858248958,0.044144361056325465,-0.32122244688122126
8451,2018,2019,0.9799,144360,148462,stayed,True,True,True,POMO4,2020-02-27,2020-02-27,2021-09-03,-0.45656565653333336,0.13545606820510092,-0.5920217247384343
8451,2019,2020,0.8842,148462,164141,stayed,True,True,True,POMO4,2021-02-25,2021-02-25,2022-08-30,0.034883720829096854,-0.016263844649871073,0.05114756547896793
8451,2020,2021,0.994,164141,161223,stayed,True,True,True,POMO4,2022-02-25,2022-02-25,2023-08-31,1.0896551724263497,0.022978835257730257,1.0666763371686194
8451,2021,2022,0.9912,161223,154805,stayed,True,True,True,POMO4,2023-02-28,2023-02-28,2024-09-02,1.9126582278882869,0.2856531848789974,1.6270050430092895
8451,2022,2023,0.9914,154805,153494,stayed,True,True,True,POMO4,2024-02-27,2024-02-27,2025-08-29,0.29198606262193794,0.07390793957021757,0.21807812305172036
8656,2015,2016,0.9921,205024,204140,stayed,True,True,True,GOAU4,2017-02-22,2017-02-22,2018-09-04,0.2988115450487754,0.08925922389051966,0.20955232115825573
8656,2016,2017,0.9872,204140,216159,stayed,True,True,True,GOAU4,2018-02-28,2018-02-28,2019-09-09,-0.19035532998960614,0.20886069349865677,-0.3992160234882629
8656,2017,2018,0.9861,216159,218055,stayed,True,True,True,GOAU4,2019-02-21,2019-02-21,2020-08-28,0.2609308884977437,0.05375536959982452,0.2071755188979192
8656,2018,2019,0.9854,218055,200372,stayed,True,True,True,GOAU4,2020-02-19,2020-02-19,2021-08-30,0.2850098619427939,0.02765556448124573,0.25735429746154814
8656,2021,2022,0.9864,209428,214736,stayed,True,True,True,GOAU4,2023-03-01,2023-03-01,2024-09-03,-0.21467181473406627,0.28709972450935584,-0.5017715392434221
8656,2022,2023,0.9908,214736,211253,stayed,True,True,True,GOAU4,2024-02-20,2024-02-20,2025-08-22,-0.08358208950234036,0.06197876460432816,-0.14556085410666852
8672,2017,2018,0.8209,194357,187960,stayed,True,True,True,IGTI11,2019-03-14,2021-11-22,2023-05-29,0.054571565342269146,0.08040383316603394,-0.0258322678237648
8672,2018,2019,0.9631,187960,160307,stayed,True,True,True,IGTI11,2020-03-12,2021-11-22,2023-05-29,0.054571565342269146,0.08040383316603394,-0.0258322678237648
8672,2021,2022,0.916,177847,165828,stayed,True,True,True,IGTI11,2023-02-28,2023-02-28,2024-09-02,0.1303673047077083,0.2856531848789974,-0.15528588017128908
8672,2022,2023,0.979,165828,172585,stayed,True,True,True,IGTI11,2024-02-20,2024-02-20,2025-08-22,-0.04132935662547932,0.06197876460432816,-0.10330812122980748
10456,2015,2016,0.9687,135754,126096,dropped_or_delisted,True,True,True,ALPA4,2017-03-22,2017-03-22,2018-10-01,-0.02667744543249806,0.23775191140489182,-0.2644293568373899
10456,2016,2017,0.9638,126096,144787,dropped_or_delisted,True,True,True,ALPA4,2018-02-09,2018-02-09,2019-08-23,0.8549402139710509,0.20728132837734115,0.6476588855937098
13986,2019,2020,0.9244,271462,298348,stayed,True,True,True,SUZB3,2021-02-10,2021-02-10,2022-08-17,-0.25219941348973607,-0.039916889664595945,-0.21228252382514012
13986,2020,2021,0.9513,298348,290070,stayed,True,True,True,SUZB3,2022-02-09,2022-02-09,2023-08-15,-0.1742574257425743,0.03298936639499117,-0.20724679213756547
13986,2021,2022,0.9632,290070,278350,stayed,True,True,True,SUZB3,2023-02-28,2023-02-28,2024-09-02,0.153958944281525,0.2856531848789974,-0.13169424059747237
13986,2022,2023,0.9591,278350,273650,stayed,True,True,True,SUZB3,2024-02-28,2024-02-28,2025-09-01,-0.08417567096549328,0.08549455063073452,-0.1696702215962278
13986,2023,2024,0.9751,273650,274607,stayed,True,True,True,SUZB3,2025-02-12,2025-02-12,2026-08-19,-0.2570294980162152,0.3493325827316096,-0.6063620807478248
14311,2018,2019,0.9865,325757,308157,stayed,True,True,True,CPLE3,2020-03-25,2020-03-25,2021-10-01,0.14788597665965164,0.50622081854624,-0.3583348418865884
14311,2019,2020,0.981,308157,350652,stayed,True,True,True,CPLE3,2021-05-05,2021-05-05,2022-11-08,0.4314814814814816,-0.028470756020769983,0.45995223750225156
14311,2020,2021,0.9775,350652,334303,stayed,True,True,True,CPLE3,2022-03-22,2022-03-22,2023-09-22,0.2247838616714697,-0.010776615545817991,0.23556047721728768
14320,2015,2016,0.9822,200762,219603,stayed,True,True,True,USIM5,2017-02-17,2017-02-17,2018-08-30,0.4825688073394494,0.12776194633026128,0.3548068610091881
14320,2016,2017,0.9797,219603,214206,stayed,True,True,True,USIM5,2018-02-09,2018-02-09,2019-08-23,-0.35618878005342836,0.20728132837734115,-0.5634701084307695
14320,2017,2018,0.9804,214206,203967,stayed,True,True,True,USIM5,2019-02-15,2019-02-15,2020-08-24,0.030851063829787195,0.04893150958550385,-0.018080445755716656
14320,2018,2019,0.9887,203967,204148,stayed,True,True,True,USIM5,2020-02-14,2020-02-14,2021-08-25,0.8121212121212122,0.05627706422499612,0.7558441478962161
14320,2019,2020,0.9777,204148,200997,stayed,True,True,True,USIM5,2021-02-12,2021-02-12,2022-08-19,-0.3622269203664552,-0.06642045564919385,-0.29580646471726135
14320,2020,2021,0.936,200997,202683,stayed,True,True,True,USIM5,2022-02-11,2022-02-11,2023-08-17,-0.5582743077913714,0.012414553366202119,-0.5706888611575736
14320,2021,2022,0.9691,202683,220649,stayed,True,True,True,USIM5,2023-02-10,2023-02-10,2024-08-19,-0.114441416893733,0.2562930550239193,-0.3707344719176523
14320,2022,2023,0.9752,220649,217795,stayed,True,True,True,USIM5,2025-01-16,2025-01-16,2026-07-23,0.7541322314049588,0.45770506558631086,0.2964271658186479
14320,2023,2024,0.9891,217795,215483,stayed,True,True,True,USIM5,2025-02-14,2025-02-14,2026-08-21,0.09531772575250819,0.3339074310519248,-0.2385897052994166
14443,2018,2019,0.9855,282037,242449,stayed,True,True,True,SBSP3,2020-03-27,2020-03-27,2021-10-05,-0.08060893437552386,0.5042826532049149,-0.5848915875804388
14443,2021,2022,0.9884,223209,218593,stayed,True,True,True,SBSP3,2023-03-23,2023-03-23,2024-09-25,0.9000207427234115,0.3437288680451043,0.5562918746783072
14443,2022,2023,0.9849,218593,244365,stayed,True,True,True,SBSP3,2024-03-21,2024-03-21,2025-09-23,0.6786893578549456,0.14252944613848295,0.5361599117164626
14460,2015,2016,0.8731,206885,213748,stayed,True,True,True,CYRE3,2017-03-23,2017-03-23,2018-10-02,-0.153076923076923,0.28460987184324327,-0.43768679492016627
14460,2016,2017,0.9823,213748,181084,stayed,True,True,True,CYRE3,2018-03-22,2018-03-22,2019-10-01,0.6010568031704093,0.22750975959290232,0.373547043577507
14460,2017,2018,0.9503,181084,189467,stayed,True,True,True,CYRE3,2019-03-27,2019-03-27,2020-09-30,0.5003227888960622,0.02937845607453049,0.4709443328215317
14460,2018,2019,0.9483,189467,193192,stayed,True,True,True,CYRE3,2020-03-19,2020-03-19,2021-09-27,0.3040816326530611,0.6622276890115582,-0.35814605635849706
14460,2019,2020,0.9463,193192,229511,stayed,True,True,True,CYRE3,2021-03-18,2021-03-18,2022-09-21,-0.3275720164609054,-0.02524978571508807,-0.3023222307458173
14460,2020,2021,0.9902,229511,233137,stayed,True,True,True,CYRE3,2022-03-17,2022-03-17,2023-09-19,0.46734693877551003,0.042179030748521695,0.42516790802698834
14460,2021,2022,0.9847,233137,247734,stayed,True,True,True,CYRE3,2023-03-16,2023-03-16,2024-09-18,0.4023854362837411,0.2930645298200816,0.10932090646365955
14460,2022,2023,0.9907,247734,262016,stayed,True,True,True,CYRE3,2024-03-14,2024-03-14,2025-09-16,0.20693732755222705,0.1282150038879326,0.07872232366429444
14826,2015,2016,0.8945,303950,263729,dropped_or_delisted,True,True,True,PCAR3,2017-03-07,2017-03-29,2021-07-05,1.2696614273605378,0.9368741348202434,0.3327872925402944
14826,2016,2017,0.9509,263729,254081,dropped_or_delisted,True,True,True,PCAR3,2018-02-19,2018-10-23,2021-07-16,1.1135132769114446,0.47667310316303513,0.6368401737484095
14826,2017,2018,0.934,254081,252055,dropped_or_delisted,True,True,True,PCAR3,2019-03-26,2019-07-10,2021-07-22,0.9320806607055425,0.19211979916289512,0.7399608615426474
14826,2021,2022,0.9353,232095,223447,dropped_or_delisted,True,True,True,PCAR3,2023-02-27,2023-02-27,2024-08-30,-0.40272766223973755,0.28656379820274225,-0.6892914604424798
15253,2015,2016,0.978,313688,361711,stayed,True,True,True,ENGI11,2017-03-23,2017-03-23,2018-10-02,0.409090909227686,0.28460987184324327,0.12448103738444272
15253,2016,2017,0.969,361711,397685,stayed,True,True,True,ENGI11,2018-03-14,2018-03-14,2019-09-23,0.4889112542823342,0.21599805510595105,0.2729131991763831
15253,2017,2018,0.9608,397685,417774,stayed,True,True,True,ENGI11,2019-03-21,2019-03-21,2020-09-24,0.020289854973885024,0.0029255938338295095,0.017364261140055515
15253,2018,2019,0.958,417774,438958,stayed,True,True,True,ENGI11,2020-03-18,2020-03-18,2021-09-24,0.08489388261960307,0.693441283684344,-0.6085474010647409
15253,2019,2020,0.9786,438958,468736,stayed,True,True,True,ENGI11,2021-04-09,2021-04-09,2022-10-13,0.018630647226955732,-0.028637824966282754,0.04726847219323849
15253,2020,2021,0.9838,468736,529082,stayed,True,True,True,ENGI11,2024-01-20,2024-01-22,2025-07-28,-0.09784143638070131,0.043662261638976796,-0.1415036980196781
15253,2021,2022,0.9736,529082,514305,stayed,True,True,True,ENGI11,2023-03-16,2023-03-16,2024-09-18,0.20535267621243714,0.2930645298200816,-0.08771185360764444
15253,2022,2023,0.809,514305,478573,stayed,True,True,True,ENGI11,2024-03-15,2024-03-15,2025-09-17,0.046482412100231185,0.14874191870859343,-0.10225950660836225
16101,2015,2016,0.9889,179342,191039,dropped_or_delisted,True,True,True,GFSA3,2017-05-09,2017-05-09,2018-11-16,0.027022873296196126,0.3355217526506289,-0.30849887935443276
16101,2016,2017,0.9865,191039,186811,dropped_or_delisted,True,True,True,GFSA3,2018-03-09,2018-03-09,2019-09-18,-0.4231200425982481,0.21026043224256719,-0.6333804748408153
16101,2017,2018,0.9797,186811,195820,dropped_or_delisted,True,True,True,GFSA3,2019-04-03,2019-04-03,2020-10-07,-0.38914228343079305,0.01095104024193505,-0.4000933236727281
16101,2018,2019,0.9688,195820,175093,dropped_or_delisted,True,True,True,GFSA3,2020-03-26,2020-03-26,2021-10-04,-0.22325028225014631,0.4205838759299678,-0.6438341581801141
16101,2019,2020,0.9545,175093,172530,dropped_or_delisted,True,True,True,GFSA3,2021-03-16,2021-03-16,2022-09-19,-0.7474332649488638,-0.01925024982726531,-0.7281830151215984
16101,2020,2021,0.9731,172530,181063,dropped_or_delisted,True,True,True,GFSA3,2022-03-19,2022-03-21,2023-09-21,-0.7389357614009313,-8.161541353568502e-05,-0.7388541459873956
16292,2016,2017,0.7789,58216,74516,dropped_or_delisted,True,True,True,BRFS3,2018-02-22,2018-02-22,2019-09-03,0.2175597159457714,0.1499009360747845,0.0676587798709869
16306,2017,2018,0.9972,292066,306559,dropped_or_delisted,True,True,True,RSID3,2019-03-27,2019-03-27,2020-09-30,0.03601694915254239,0.02937845607453049,0.006638493078011898
16306,2018,2019,0.1023,306559,50422,dropped_or_delisted,True,True,True,RSID3,2020-03-18,2020-03-18,2021-09-24,1.0155555555555558,0.693441283684344,0.3221142718712118
16306,2019,2020,0.7452,50422,206373,dropped_or_delisted,True,True,True,RSID3,2021-03-17,2021-03-17,2022-09-20,-0.7177814026742351,-0.034599308242064475,-0.6831820944321706
16306,2022,2023,0.9864,154882,159421,dropped_or_delisted,True,True,True,RSID3,2024-06-24,2024-06-24,2025-12-30,-0.6841121495327103,0.31384021586966915,-0.9979523654023794
17329,2016,2017,0.9093,187641,214485,stayed,True,True,True,EGIE3,2018-02-22,2018-02-22,2019-09-03,0.43782722523312634,0.1499009360747845,0.28792628915834184
17329,2017,2018,0.9355,214485,226464,stayed,True,True,True,EGIE3,2019-02-19,2019-02-19,2020-08-26,-0.03123595527668732,0.030392953450854465,-0.06162890872754179
17329,2018,2019,0.9447,226464,274580,stayed,True,True,True,EGIE3,2020-02-20,2020-02-20,2021-08-31,-0.23941664973539611,0.03660850957619677,-0.2760251593115929
17329,2019,2020,0.9322,274580,311859,stayed,True,True,True,EGIE3,2021-04-20,2021-04-20,2022-10-24,-0.05622009573624687,-0.0337266607025255,-0.022493435033721365
17329,2020,2021,0.9692,311859,317252,stayed,True,True,True,EGIE3,2022-02-14,2022-02-14,2023-08-18,0.0315893387987749,0.013251455080584895,0.018337883718190007
17450,2018,2019,0.435,162549,49476,stayed,True,True,True,RAIL3,2020-02-13,2020-02-13,2021-08-24,-0.21302521008403363,0.03932436124444938,-0.252349571328483
17450,2019,2020,0.4361,49476,173524,stayed,True,True,True,RAIL3,2021-06-01,2021-06-01,2022-12-06,-0.12037470725995314,-0.1409440694239089,0.020569362163955773
17450,2022,2023,0.9863,176536,182700,stayed,True,True,True,RAIL3,2024-03-27,2024-03-27,2025-09-29,-0.3035157988429016,0.14602623121416425,-0.44954203005706583
17671,2015,2016,0.9404,286341,271106,stayed,True,True,True,VIVT3,2017-02-21,2017-02-21,2018-09-03,-0.03487152595700049,0.10341058813340998,-0.13828211409041047
17671,2016,2017,0.9096,271106,243541,stayed,True,True,True,VIVT3,2018-02-21,2018-02-21,2019-09-02,0.05360443622920519,0.16936167067704067,-0.11575723444783548
17671,2017,2018,0.9044,243541,221548,stayed,True,True,True,VIVT3,2019-02-20,2019-02-20,2020-08-27,0.13836913836913833,0.04224763609768356,0.09612150227145477
17671,2018,2019,0.9299,221548,204525,stayed,True,True,True,VIVT3,2020-02-19,2020-02-19,2021-08-30,-0.16387121650279546,0.02765556448124573,-0.1915267809840412
17671,2019,2020,0.8619,204525,308808,stayed,True,True,True,VIVT3,2021-02-23,2021-02-23,2022-08-26,-0.0636222567058301,-0.025415816681197412,-0.03820644002463269
17671,2022,2023,0.9017,353605,362155,stayed,True,True,True,VIVT3,2024-02-20,2024-02-20,2025-08-22,0.2998299641035329,0.06197876460432816,0.23785119949920475
17892,2015,2016,0.9384,169631,164826,dropped_or_delisted,True,True,True,STBP3,2017-02-15,2017-02-15,2018-08-28,0.45408163265306123,0.1397207644274605,0.3143608682256007
17892,2016,2017,0.9064,164826,193960,dropped_or_delisted,True,True,True,STBP3,2018-06-18,2018-06-18,2019-12-27,2.42436974789916,0.669189295725988,1.755180452173172
17892,2017,2018,0.823,193960,197219,dropped_or_delisted,True,True,True,STBP3,2019-02-21,2019-02-21,2020-08-28,0.27857142857142847,0.05375536959982452,0.22481605897160395
17892,2018,2019,0.9847,197219,209175,dropped_or_delisted,True,True,True,STBP3,2020-03-05,2020-03-05,2021-09-13,0.3094017094017094,0.1386097666902728,0.1707919427114366
17892,2019,2020,0.9797,209175,222689,dropped_or_delisted,True,True,True,STBP3,2021-03-08,2021-03-08,2022-09-09,0.5924528301886791,0.015268112072895024,0.5771847181157841
17892,2020,2021,0.9741,222689,231887,dropped_or_delisted,True,True,True,STBP3,2022-03-10,2022-03-10,2023-09-12,0.36257309941520477,0.037874990773173245,0.3246981086420315
17892,2021,2022,0.8717,231887,222476,dropped_or_delisted,True,True,True,STBP3,2023-11-29,2023-11-29,2025-06-06,0.6375598086124403,0.07875725910794729,0.558802549504493
17892,2022,2023,0.9467,222476,196734,dropped_or_delisted,True,True,True,STBP3,2024-03-20,2024-03-20,2025-09-22,0.21882951653944027,0.12379044371249126,0.09503907282694901
17973,2015,2016,0.9269,147610,129151,stayed,True,True,True,COGN3,2017-03-22,2017-03-22,2018-10-01,-0.127413127442644,0.23775191140489182,-0.3651650388475358
17973,2016,2017,0.9534,129151,141798,stayed,True,True,True,COGN3,2018-03-16,2018-03-16,2019-09-25,-0.2222986926206264,0.23083204769475674,-0.45313074031538314
17973,2017,2018,0.8588,141798,191150,stayed,True,True,True,COGN3,2019-06-21,2019-06-21,2020-12-28,-0.5768169273122941,0.16773516212703132,-0.7445520894393254
17973,2018,2019,0.5455,191150,214057,stayed,True,True,True,COGN3,2020-03-30,2020-03-30,2021-10-06,-0.4505928854347825,0.4812478597117773,-0.9318407451465598
17973,2019,2020,0.8961,214057,267371,stayed,True,True,True,COGN3,2021-03-31,2021-03-31,2022-10-04,-0.24874371860546451,-0.003460405790023713,-0.2452833128154408
17973,2020,2021,0.9657,267371,230733,stayed,True,True,True,COGN3,2022-03-24,2022-03-24,2023-09-26,0.11255411238095236,-0.04081781789290162,0.15337193027385398
17973,2021,2022,0.958,230733,216974,stayed,True,True,True,COGN3,2023-09-21,2023-09-21,2025-03-31,-0.20833333333333337,0.12152467970008174,-0.3298580130334151
17973,2022,2023,0.9741,216974,237067,stayed,True,True,True,COGN3,2024-03-20,2024-03-20,2025-09-22,0.1821561340859026,0.12379044371249126,0.05836569037341133
18465,2019,2020,0.9684,238178,262783,stayed,True,True,True,UGPA3,2021-02-25,2021-02-25,2022-08-30,-0.2936991869918699,-0.016263844649871073,-0.27743534234199885
18465,2022,2023,0.9442,261976,247201,stayed,True,True,True,UGPA3,2024-02-28,2024-02-28,2025-09-01,-0.3529796987557301,0.08549455063073452,-0.4384742493864646
18660,2015,2016,0.9557,197873,204333,stayed,True,True,True,CPFE3,2017-03-23,2017-03-23,2018-10-02,-0.06716126513080822,0.28460987184324327,-0.3517711369740515
18660,2016,2017,0.9632,204333,193962,stayed,True,True,True,CPFE3,2018-03-27,2018-03-27,2019-10-04,0.35327868852459043,0.22364498398423538,0.12963370454035505
18660,2017,2018,0.9387,193962,187251,stayed,True,True,True,CPFE3,2019-03-28,2019-03-28,2020-10-01,-0.09658536585365851,0.011543513466726107,-0.10812887932038462
18660,2018,2019,0.9593,187251,179949,stayed,True,True,True,CPFE3,2020-03-09,2020-03-09,2021-09-15,-0.18352941176470583,0.3368918705383699,-0.5204212823030757
18660,2019,2020,0.9497,179949,203980,stayed,True,True,True,CPFE3,2021-03-31,2021-03-31,2022-10-04,0.15351742274819213,-0.003460405790023713,0.15697782853821585
18660,2020,2021,0.9231,203980,224367,stayed,True,True,True,CPFE3,2022-03-17,2022-03-17,2023-09-19,0.11685039370078742,0.042179030748521695,0.07467136295226573
18660,2021,2022,0.9068,224367,230608,stayed,True,True,True,CPFE3,2023-03-16,2023-03-16,2024-09-18,0.07449856733524363,0.2930645298200816,-0.21856596248483795
18660,2022,2023,0.8542,230608,218410,stayed,True,True,True,CPFE3,2024-03-21,2024-03-21,2025-09-23,0.15111886079628034,0.14252944613848295,0.00858941465779739
18724,2015,2016,0.6122,17727,69869,stayed,True,True,True,BRAP4,2017-03-21,2017-03-21,2018-09-28,0.7770853307474181,0.2597960285085654,0.5172893022388527
18724,2016,2017,0.9367,69869,90033,stayed,True,True,True,BRAP4,2018-03-21,2018-03-21,2019-09-30,-0.019571294747432688,0.23263712982599105,-0.25220842457342374
18724,2017,2018,0.8036,90033,92344,stayed,True,True,True,BRAP4,2019-03-28,2019-03-28,2020-10-01,0.46664486651024384,0.011543513466726107,0.45510135304351773
18724,2018,2019,0.8158,92344,76006,stayed,True,True,True,BRAP4,2020-03-26,2020-03-26,2021-10-04,1.0299989439503534,0.4205838759299678,0.6094150680203856
18724,2019,2020,0.8867,76006,69329,stayed,True,True,True,BRAP4,2021-03-25,2021-03-25,2022-09-28,-0.10594008832343615,-0.046582018973203465,-0.05935806935023269
18724,2020,2021,0.9452,69329,64339,stayed,True,True,True,BRAP4,2022-03-29,2022-03-29,2023-09-29,-0.3098420413122722,-0.028738273155578198,-0.281103768156694
18724,2021,2022,0.9589,64339,64426,stayed,True,True,True,BRAP4,2023-03-27,2023-03-27,2024-09-27,-0.21042395954881365,0.3316919243984702,-0.5421158839472838
18724,2022,2023,0.5236,64426,12052,stayed,True,True,True,BRAP4,2024-03-27,2024-03-27,2025-09-29,-0.16854483096521322,0.14602623121416425,-0.31457106217937747
18821,2015,2016,0.979,304976,325975,stayed,True,True,True,MOTV3,2017-03-06,2017-03-06,2018-09-13,-0.5177777777777778,0.12579330212806883,-0.6435710799058466
19445,2015,2016,0.941,168385,162910,stayed,True,True,True,CSMG3,2017-03-09,2017-03-09,2018-09-18,-0.12472978793774325,0.21256764123933602,-0.3372974291770793
19445,2016,2017,0.9347,162910,164794,stayed,True,True,True,CSMG3,2018-02-23,2018-02-23,2019-09-04,0.5670772677641831,0.15932115705637684,0.40775611070780626
19445,2017,2018,0.9258,164794,187088,stayed,True,True,True,CSMG3,2019-02-28,2019-02-28,2020-09-04,-0.2116222760290556,0.059186990338899514,-0.2708092663679551
19445,2018,2019,0.9016,187088,222334,stayed,True,True,True,CSMG3,2020-03-19,2020-03-19,2021-09-27,0.1357311627367468,0.6622276890115582,-0.5264965262748114
19445,2019,2020,0.9399,222334,204242,stayed,True,True,True,CSMG3,2021-04-20,2021-04-20,2022-10-24,-0.07710699342498506,-0.0337266607025255,-0.04338033272245956
19445,2020,2021,0.9455,204242,210979,stayed,True,True,True,CSMG3,2022-06-13,2022-06-13,2023-12-15,0.6386831275720164,0.26900009337397623,0.36968303419804016
19445,2021,2022,0.9606,210979,196766,stayed,True,True,True,CSMG3,2023-03-21,2023-03-21,2024-09-23,0.6077275703994762,0.2927800742449389,0.3149474961545373
19453,2015,2016,0.9923,197825,215135,dropped_or_delisted,True,True,True,ECOR3,2017-02-20,2017-02-20,2018-08-31,-0.2502639915522704,0.11884328189426219,-0.3691072734465326
19453,2016,2017,0.8193,215135,196690,dropped_or_delisted,True,True,True,ECOR3,2018-02-28,2018-02-28,2019-09-09,0.28358208955223874,0.20886069349865677,0.07472139605358197
19453,2017,2018,0.945,196690,219762,dropped_or_delisted,True,True,True,ECOR3,2019-03-14,2019-03-14,2020-09-17,0.27053140096618367,0.015142589088326108,0.25538881187785756
19453,2018,2019,0.8833,219762,248648,dropped_or_delisted,True,True,True,ECOR3,2020-02-18,2020-02-18,2021-08-27,-0.40570430733410934,0.04957761227651036,-0.4552819196106197
19453,2019,2020,0.9559,248648,233061,dropped_or_delisted,True,True,True,ECOR3,2021-03-10,2021-03-10,2022-09-13,-0.41596244131455407,-0.01757928447675572,-0.39838315683779835
19453,2022,2023,0.8965,275777,245155,dropped_or_delisted,True,True,True,ECOR3,2024-03-13,2024-03-13,2025-09-15,-0.14497354497354487,0.12140465235822817,-0.26637819733177304
19550,2017,2018,0.9648,255327,259633,stayed,True,True,True,NATU3,2019-02-28,2019-02-28,2020-09-04,1.044392616820061,0.059186990338899514,0.9852056264811615
19550,2018,2019,0.9384,259633,254576,stayed,True,True,True,NATU3,2020-03-05,2020-03-05,2021-09-13,0.22385303629440667,0.1386097666902728,0.08524326960413386
19550,2019,2020,0.8813,254576,279718,stayed,True,True,True,NATU3,2021-03-31,2021-03-31,2022-10-04,-0.6960947237224762,-0.003460405790023713,-0.6926343179324524
19550,2020,2021,0.9817,279718,280814,stayed,True,True,True,NATU3,2022-03-29,2022-03-29,2023-09-29,-0.4607407407407407,-0.028738273155578198,-0.4320024675851625
19550,2021,2022,0.9842,280814,263936,stayed,True,True,True,NATU3,2023-03-16,2023-03-16,2024-09-18,0.05092250922509223,0.2930645298200816,-0.24214202059498935
19739,2019,2020,0.5169,71966,193243,stayed,True,True,True,RENT3,2021-02-25,2021-02-25,2022-08-30,0.03959238215951588,-0.016263844649871073,0.055856226809386955
19836,2015,2016,0.9749,207365,214117,stayed,True,True,True,CSAN3,2017-02-16,2017-02-16,2018-08-29,-0.13136792452830193,0.15593465325276812,-0.28730257778107005
19836,2016,2017,0.6343,214117,93932,stayed,True,True,True,CSAN3,2018-03-26,2018-03-26,2019-10-03,0.24970581313250184,0.19307266630045694,0.0566331468320449
19836,2017,2018,0.6476,93932,179425,stayed,True,True,True,CSAN3,2019-02-14,2019-02-14,2020-08-21,0.9522248243559717,0.0357721448809567,0.916452679475015
19836,2018,2019,0.9645,179425,193087,stayed,True,True,True,CSAN3,2020-02-14,2020-02-14,2021-08-25,0.09262394195888746,0.05627706422499612,0.036346877733891336
19879,2018,2019,0.9851,291970,286237,dropped_or_delisted,True,True,True,LIGT3,2020-03-12,2020-03-12,2021-09-20,-0.014598540145985384,0.49958591964209575,-0.5141844597880811
19879,2021,2022,0.9878,238176,240364,dropped_or_delisted,True,True,True,LIGT3,2023-03-28,2023-03-28,2024-09-30,2.055793991416309,0.3027259253314891,1.75306806608482
19879,2022,2023,0.9797,240364,264764,dropped_or_delisted,True,True,True,LIGT3,2024-03-25,2024-03-25,2025-09-25,0.16023166023166024,0.14476126369607156,0.015470396535588682
19992,2015,2016,0.9514,109906,116359,stayed,True,True,True,TOTS3,2017-02-22,2017-02-22,2018-09-04,0.04360000008174403,0.08925922389051966,-0.04565922380877563
19992,2016,2017,0.9596,116359,116957,stayed,True,True,True,TOTS3,2018-02-07,2018-02-07,2019-08-21,0.8326599323232324,0.2227364787759527,0.6099234535472797
19992,2017,2018,0.9584,116957,128921,stayed,True,True,True,TOTS3,2019-02-13,2019-02-13,2020-08-20,1.5981132075471698,0.05869531647788451,1.5394178910692853
19992,2018,2019,0.8989,128921,123534,stayed,True,True,True,TOTS3,2020-02-12,2020-02-12,2021-08-23,0.4139030614048347,0.006835878742582846,0.40706718266225184
19992,2019,2020,0.8872,123534,213703,stayed,True,True,True,TOTS3,2022-02-16,2022-02-16,2023-08-22,-0.08440065681444997,0.00846546238766055,-0.09286611920211052
19992,2020,2021,0.9359,213703,181205,stayed,True,True,True,TOTS3,2022-02-16,2022-02-16,2023-08-22,-0.08440065681444997,0.00846546238766055,-0.09286611920211052
19992,2021,2022,0.818,181205,172361,stayed,True,True,True,TOTS3,2023-02-14,2023-02-14,2024-08-21,0.04054959785522794,0.2653236507662904,-0.22477405291106245
19992,2022,2023,0.9534,172361,170859,stayed,True,True,True,TOTS3,2024-02-07,2024-02-07,2025-08-13,0.288888888888889,0.05184628845424277,0.2370426004346462
19992,2023,2024,0.9128,170859,168984,stayed,True,True,True,TOTS3,2025-02-12,2025-02-12,2026-08-19,-0.030257186081694365,0.3493325827316096,-0.379589768813304
20010,2015,2016,0.7845,278708,284258,stayed,True,True,True,EQTL3,2017-09-23,2017-09-25,2019-04-12,0.2886378520341273,0.24759078968366333,0.04104706235046396
20010,2016,2017,0.9496,284258,325960,stayed,True,True,True,EQTL3,2018-03-09,2018-03-09,2019-09-18,0.4209205024926488,0.21026043224256719,0.2106600702500816
20010,2017,2018,0.8742,325960,340185,stayed,True,True,True,EQTL3,2019-04-12,2019-04-12,2020-10-19,0.3289289799182058,0.062262718707940756,0.26666626121026504
20087,2016,2017,0.9963,322208,316644,stayed,True,True,True,EMBJ3,2018-03-08,2018-03-08,2019-09-17,-0.06987951807228909,0.23100994403574937,-0.30088946210803846
20257,2017,2018,0.9466,227939,248703,stayed,True,True,True,TAEE11,2019-04-11,2019-04-11,2020-10-16,0.11976284584980235,0.03751180680219557,0.08225103904760678
20257,2018,2019,0.9426,248703,263475,stayed,True,True,True,TAEE11,2020-03-12,2020-03-12,2021-09-20,0.3031819806936005,0.49958591964209575,-0.19640393894849528
20257,2019,2020,0.9076,263475,254827,stayed,True,True,True,TAEE11,2021-03-03,2021-03-03,2022-09-05,0.37430894308943086,0.009168589531132865,0.365140353558298
20257,2020,2021,0.933,254827,224490,stayed,True,True,True,TAEE11,2022-02-18,2022-02-18,2023-08-24,-0.07427055702917784,0.036727104084564255,-0.1109976611137421
20257,2021,2022,0.9642,224490,224521,stayed,True,True,True,TAEE11,2023-03-15,2023-03-15,2024-09-17,-0.06979865771812088,0.31443485273256666,-0.38423351045068754
20257,2022,2023,0.9649,224521,228647,stayed,True,True,True,TAEE11,2024-03-06,2024-03-06,2025-09-08,0.009529309846953549,0.10009563952209555,-0.090566329675142
20362,2018,2019,0.0619,204393,248272,dropped_or_delisted,True,True,True,POSI3,2020-03-04,2020-03-04,2021-09-10,0.8373134328358209,0.06585947948317639,0.7714539533526446
20494,2015,2016,0.9907,146982,149845,dropped_or_delisted,True,True,True,IGTA3,2017-02-21,2017-02-21,2018-09-03,-0.04324828873677666,0.10341058813340998,-0.14665887687018664
20494,2016,2017,0.9496,149845,164337,dropped_or_delisted,True,True,True,IGTA3,2018-02-27,2018-02-27,2019-09-06,0.1569269521410579,0.18404415966606935,-0.027117207525011455
20494,2017,2018,0.951,164337,172716,dropped_or_delisted,True,True,True,IGTA3,2019-02-26,2019-02-26,2020-09-02,-0.19917203311867515,0.044144361056325465,-0.24331639417500062
20494,2018,2019,0.6071,172716,36811,dropped_or_delisted,True,True,True,IGTA3,2020-02-18,2020-02-18,2021-08-27,-0.3563155989866087,0.04957761227651036,-0.40589321126311906
20516,2015,2016,0.9679,56482,54281,dropped_or_delisted,True,True,True,SMTO3,2016-06-06,2016-06-06,2017-12-11,-0.03787450537026582,0.443534436605475,-0.4814089419757408
20516,2016,2017,0.7684,54281,57811,dropped_or_delisted,True,True,True,SMTO3,2017-06-26,2017-06-26,2019-01-09,0.148708254568368,0.5053210349441508,-0.3566127803757828
20516,2019,2020,0.4836,158268,70500,dropped_or_delisted,True,True,True,SMTO3,2020-06-29,2020-06-29,2022-01-06,0.6716716716716715,0.06085213037817261,0.6108195412934989
20516,2020,2021,0.4578,70500,106939,dropped_or_delisted,True,True,True,SMTO3,2021-06-21,2021-06-21,2022-12-23,-0.34188938872717645,-0.15137427807195392,-0.19051511065522253
20516,2021,2022,0.3423,106939,115479,dropped_or_delisted,True,True,True,SMTO3,2022-06-20,2022-06-20,2023-12-21,-0.3050726363419862,0.32377041094644743,-0.6288430472884337
20516,2022,2023,0.603,115479,114906,dropped_or_delisted,True,True,True,SMTO3,2023-06-19,2023-06-19,2024-12-18,-0.3411513859275054,0.007626706856527443,-0.3487780927840328
20516,2023,2024,0.3593,114906,92379,dropped_or_delisted,True,True,True,SMTO3,2024-06-17,2024-06-17,2025-12-16,-0.5024077046548956,0.3310452277722631,-0.8334529324271587
20524,2015,2016,0.7477,87446,231817,dropped_or_delisted,True,True,True,EVEN3,2017-03-22,2017-03-22,2018-10-01,-0.35106382978723405,0.23775191140489182,-0.5888157411921259
20524,2016,2017,0.9145,231817,119962,dropped_or_delisted,True,True,True,EVEN3,2018-03-26,2018-03-26,2019-10-03,0.9133574007220215,0.19307266630045694,0.7202847344215646
20524,2017,2018,0.5221,119962,75383,dropped_or_delisted,True,True,True,EVEN3,2019-03-28,2019-03-28,2020-10-01,0.9349999999999998,0.011543513466726107,0.9234564865332737
20524,2020,2021,0.9547,55452,51598,dropped_or_delisted,True,True,True,EVEN3,2022-03-22,2022-03-22,2023-09-22,0.004870129870129913,-0.010776615545817991,0.015646745415947905
20524,2021,2022,0.964,51598,75018,dropped_or_delisted,True,True,True,EVEN3,2023-03-28,2023-03-28,2024-09-30,0.3861607142857142,0.3027259253314891,0.08343478895422507
20524,2022,2023,0.5171,75018,154492,dropped_or_delisted,True,True,True,EVEN3,2024-03-21,2024-03-21,2025-09-23,-0.07363420427553447,0.14252944613848295,-0.21616365041401742
20745,2019,2020,0.4126,97670,193645,stayed,True,True,True,SLCE3,2021-03-17,2021-03-17,2022-09-20,0.2365771809890722,-0.034599308242064475,0.2711764892311367
20745,2020,2021,0.9389,193645,227183,stayed,True,True,True,SLCE3,2022-03-15,2022-03-15,2023-09-15,-0.12192982448652467,0.08992559607119355,-0.21185542055771822
20745,2021,2022,0.9209,227183,203893,stayed,True,True,True,SLCE3,2023-03-31,2023-03-31,2024-10-03,-0.13331871047525035,0.2923897403079243,-0.42570845078317465
20745,2022,2023,0.9635,203893,204503,stayed,True,True,True,SLCE3,2024-04-12,2024-04-12,2025-10-14,-0.15189189145997084,0.12494949227879948,-0.2768413837387703
20770,2015,2016,0.9745,76418,78661,dropped_or_delisted,True,True,True,EZTC3,2017-03-20,2017-03-20,2018-09-27,-0.1293759508033916,0.23296586368313932,-0.3623418144865309
20770,2016,2017,0.9854,78661,83838,dropped_or_delisted,True,True,True,EZTC3,2018-03-16,2018-03-16,2019-09-25,0.796262570142775,0.23083204769475674,0.5654305224480183
20770,2017,2018,0.9087,83838,82093,dropped_or_delisted,True,True,True,EZTC3,2019-03-22,2019-03-22,2020-09-25,0.7165664198371742,0.03482396945009425,0.6817424503870799
20770,2021,2022,0.9529,79578,82585,dropped_or_delisted,True,True,True,EZTC3,2023-09-18,2023-09-18,2025-03-26,-0.28472542656388033,0.12031139874379693,-0.40503682530767726
20770,2022,2023,0.9464,82585,80812,dropped_or_delisted,True,True,True,EZTC3,2024-03-18,2024-03-18,2025-09-18,0.04410876177032996,0.1460787663706702,-0.10197000460034022
20788,2015,2016,0.9816,285466,325031,stayed,True,True,True,MBRF3,2017-02-23,2017-02-23,2018-09-05,-0.07692307692307698,0.11311477572578932,-0.1900378526488663
20788,2016,2017,0.9669,325031,265489,stayed,True,True,True,MBRF3,2018-03-27,2018-03-27,2019-10-04,1.108348134991119,0.22364498398423538,0.8847031510068837
20788,2019,2020,0.9757,218863,233895,stayed,True,True,True,MBRF3,2021-04-08,2021-04-08,2022-10-11,-0.42801985659128516,-0.02946509025237498,-0.3985547663389102
20788,2020,2021,0.972,233895,242469,stayed,True,True,True,MBRF3,2022-03-08,2022-03-08,2023-09-08,-0.6503505157868168,0.03695883535987421,-0.687309351146691
20788,2021,2022,0.8915,242469,305067,stayed,True,True,True,MBRF3,2023-03-01,2023-03-01,2024-09-03,1.0925343807455241,0.28709972450935584,0.8054346562361683
20788,2022,2023,0.9668,305067,312502,stayed,True,True,True,MBRF3,2024-03-27,2024-03-27,2025-09-29,1.12363238512035,0.14602623121416425,0.9776061539061858
20915,2018,2019,0.3238,30012,188638,stayed,True,True,True,MRVE3,2020-03-02,2020-03-02,2021-09-08,-0.32971014492753625,0.06365687725438773,-0.393367022181924
20915,2021,2022,0.847,228525,244689,stayed,True,True,True,MRVE3,2023-07-06,2023-07-06,2025-01-10,-0.6063418406805878,0.012184555851061596,-0.6185263965316494
20915,2022,2023,0.9587,244689,230464,stayed,True,True,True,MRVE3,2024-02-29,2024-02-29,2025-09-02,0.018372703412073532,0.08770065296843077,-0.06932794955635724
20931,2021,2022,0.9841,201620,209217,stayed,True,True,True,BEEF3,2023-02-23,2023-02-23,2024-08-28,-0.3525423728813559,0.2765154419619069,-0.6290578148432628
20931,2022,2023,0.989,209217,213742,stayed,True,True,True,BEEF3,2024-03-25,2024-03-25,2025-09-25,0.0063537717809156735,0.14476126369607156,-0.1384074919151559
20982,2016,2017,0.9941,228745,247081,stayed,True,True,True,MULT3,2018-02-28,2018-02-28,2019-09-09,0.09145299145299157,0.20886069349865677,-0.1174077020456652
20982,2017,2018,0.9188,247081,345172,stayed,True,True,True,MULT3,2019-02-21,2019-02-21,2020-08-28,-0.13038229376257549,0.05375536959982452,-0.1841376633624
20982,2018,2019,0.9972,345172,353296,stayed,True,True,True,MULT3,2020-02-17,2020-02-17,2021-08-26,-0.36536144578313257,0.029614921979271402,-0.39497636776240397
20982,2019,2020,0.9966,353296,353263,stayed,True,True,True,MULT3,2021-02-11,2021-02-11,2022-08-18,0.22201405152224818,-0.04599302446617071,0.2680070759884189
20982,2020,2021,0.9986,353263,355992,stayed,True,True,True,MULT3,2022-02-10,2022-02-10,2023-08-16,0.22294776119402981,0.019615363343567616,0.2033323978504622
20982,2021,2022,0.9969,355992,341236,stayed,True,True,True,MULT3,2023-02-09,2023-02-09,2024-08-16,0.14051015996541283,0.2402154283870508,-0.09970526842163796
20982,2022,2023,0.997,341236,324339,stayed,True,True,True,MULT3,2024-02-08,2024-02-08,2025-08-14,-0.027155963302752273,0.06347726961464994,-0.09063323291740222
20982,2023,2024,0.9973,324339,325936,stayed,True,True,True,MULT3,2025-02-06,2025-02-06,2026-08-13,0.22955974842767302,0.3238367533971549,-0.09427700496948188
20990,2020,2021,0.7195,148405,207710,dropped_or_delisted,True,True,True,AMER3,2022-02-24,2022-02-24,2023-08-30,-0.9698675496688742,0.05325862896642919,-1.0231261786353034
20990,2021,2022,0.7884,207710,291459,dropped_or_delisted,True,True,True,AMER3,2023-11-16,2023-11-16,2025-05-26,-0.9383529411764706,0.10828772704326517,-1.0466406682197358
21016,2017,2018,0.8071,162509,171186,stayed,True,True,True,YDUQ3,2019-03-14,2019-03-14,2020-09-17,0.07266187050359707,0.015142589088326108,0.05751928141527096
21016,2018,2019,0.9602,171186,159441,stayed,True,True,True,YDUQ3,2020-03-23,2020-03-23,2021-09-29,0.1561904761904762,0.7477976115005878,-0.5916071353101116
21016,2019,2020,0.6137,159441,184640,stayed,True,True,True,YDUQ3,2021-03-17,2021-03-17,2022-09-20,-0.5561758548499651,-0.034599308242064475,-0.5215765466079006
21016,2020,2021,0.9621,184640,183354,stayed,True,True,True,YDUQ3,2022-03-15,2022-03-15,2023-09-15,0.10534934497816595,0.08992559607119355,0.015423748906972401
21016,2021,2022,0.9371,183354,175955,stayed,True,True,True,YDUQ3,2023-03-15,2023-03-15,2024-09-17,0.5108695652173911,0.31443485273256666,0.19643471248482447
21016,2022,2023,0.9689,175955,177752,stayed,True,True,True,YDUQ3,2024-03-14,2024-03-14,2025-09-16,-0.3413484205563413,0.1282150038879326,-0.4695634244442739
21091,2015,2016,0.9825,139892,150339,dropped_or_delisted,True,True,True,DXCO3,2017-02-08,2017-02-08,2018-08-21,0.18072289160364186,0.15955789584085234,0.021164995762789518
21091,2016,2017,0.9773,150339,168382,dropped_or_delisted,True,True,True,DXCO3,2018-02-05,2018-02-05,2019-08-19,0.33333333328797843,0.21509095468921813,0.1182423785987603
21091,2017,2018,0.9854,168382,178255,dropped_or_delisted,True,True,True,DXCO3,2019-02-13,2019-02-13,2020-08-20,0.30360065470151176,0.05869531647788451,0.24490533822362726
21091,2018,2019,0.9513,178255,173990,dropped_or_delisted,True,True,True,DXCO3,2020-02-12,2020-02-12,2021-08-23,0.2615571775403591,0.006835878742582846,0.2547212987977763
21091,2019,2020,0.9885,173990,180750,dropped_or_delisted,True,True,True,DXCO3,2021-02-08,2021-02-08,2022-08-15,-0.41955909956260806,-0.05567738233643871,-0.36388171722616935
21091,2020,2021,0.2604,180750,171055,dropped_or_delisted,True,True,True,DXCO3,2022-02-09,2022-02-09,2023-08-15,-0.3080517615934003,0.03298936639499117,-0.3410411279883915
21091,2021,2022,0.9857,171055,187329,dropped_or_delisted,True,True,True,DXCO3,2023-03-08,2023-03-08,2024-09-10,0.2160493827053802,0.26073940832916565,-0.044690025623785434
21091,2022,2023,0.9929,187329,193791,dropped_or_delisted,True,True,True,DXCO3,2024-03-06,2024-03-06,2025-09-08,-0.29213483143239494,0.10009563952209555,-0.3922304709544905
21237,2015,2016,0.9354,199633,210225,stayed,True,True,True,ENEV3,2017-09-16,2017-09-18,2019-04-05,0.29266666666666663,0.2779003297916145,0.014766336875052133
21237,2018,2019,0.9048,202899,193041,stayed,True,True,True,ENEV3,2020-04-10,2020-04-13,2021-10-20,0.6899626114466493,0.4052803662091671,0.2846822452374822
21237,2019,2020,0.8604,193041,172423,stayed,True,True,True,ENEV3,2021-03-10,2021-03-10,2022-09-13,0.0001575547502756791,-0.01757928447675572,0.017736839227031398
21237,2020,2021,0.9744,172423,195513,stayed,True,True,True,ENEV3,2022-03-21,2022-03-21,2023-09-21,-0.11277072442120983,-8.161541353568502e-05,-0.11268910900767415
21350,2015,2016,0.9575,82902,83855,stayed,True,True,True,DIRR3,2017-03-20,2017-03-20,2018-09-27,0.1606837605128204,0.23296586368313932,-0.07228210317031891
21350,2016,2017,0.3021,83855,229567,stayed,True,True,True,DIRR3,2018-03-26,2018-03-26,2019-10-03,1.0081300814634147,0.19307266630045694,0.8150574151629577
21350,2017,2018,0.2191,229567,69039,stayed,True,True,True,DIRR3,2019-03-11,2019-03-11,2020-09-14,0.7370786513778562,0.022931322124541298,0.7141473292533149
21350,2018,2019,0.9468,69039,47490,stayed,True,True,True,DIRR3,2020-03-09,2020-03-09,2021-09-15,-0.04261796050228306,0.3368918705383699,-0.37950983104065295
21350,2019,2020,0.4956,47490,63909,stayed,True,True,True,DIRR3,2021-03-15,2021-03-15,2022-09-16,0.1576128536987289,-0.04850095001564647,0.20611380371437538
21350,2020,2021,0.3238,63909,167901,stayed,True,True,True,DIRR3,2022-03-14,2022-03-14,2023-09-14,0.8075539566719827,0.08609237605617226,0.7214615806158104
21350,2021,2022,0.8724,167901,216253,stayed,True,True,True,DIRR3,2023-10-26,2023-10-26,2025-05-07,1.079571105413117,0.16223357216776968,0.9173375332453473
21350,2022,2023,0.5173,216253,169927,stayed,True,True,True,DIRR3,2024-03-11,2024-03-11,2025-09-11,0.8342719226937136,0.13500475248240695,0.6992671702113067
21431,2015,2016,0.9646,163056,167185,stayed,True,True,True,HYPE3,2017-02-17,2017-02-17,2018-08-30,0.015045871559633106,0.12776194633026128,-0.11271607477062817
21431,2016,2017,0.7905,167185,190590,stayed,True,True,True,HYPE3,2018-02-23,2018-02-23,2019-09-04,-0.09929653679653694,0.15932115705637684,-0.2586176938529138
21431,2017,2018,0.7408,190590,187252,stayed,True,True,True,HYPE3,2019-02-21,2019-02-21,2020-08-28,0.1640138408304499,0.05375536959982452,0.11025847123062538
21431,2018,2019,0.9499,187252,168298,stayed,True,True,True,HYPE3,2020-03-06,2020-03-06,2021-09-14,-0.12165572942958103,0.1855548912479461,-0.30721062067752714
21431,2019,2020,0.9733,168298,175869,stayed,True,True,True,HYPE3,2021-02-26,2021-02-26,2022-08-31,0.31391092129347165,-0.004655693266071181,0.3185666145595428
21431,2020,2021,0.9468,175869,188192,stayed,True,True,True,HYPE3,2022-02-24,2022-02-24,2023-08-30,0.21785823872353482,0.05325862896642919,0.16459960975710564
21431,2021,2022,0.9626,188192,187877,stayed,True,True,True,HYPE3,2023-02-16,2023-02-16,2024-08-23,-0.3302395855816965,0.23346069808423486,-0.5637002836659314
21431,2022,2023,0.964,187877,188791,stayed,True,True,True,HYPE3,2024-03-13,2024-03-13,2025-09-15,-0.3246180963572268,0.12140465235822817,-0.446022748715455
21881,2018,2019,0.8572,134395,114204,stayed,True,True,True,FLRY3,2020-02-19,2020-02-19,2021-08-30,-0.25726789608814005,0.02765556448124573,-0.2849234605693858
21881,2021,2022,0.8953,125812,134847,stayed,True,True,True,FLRY3,2023-03-16,2023-03-16,2024-09-18,0.175235849333782,0.2930645298200816,-0.11782868048629958
21881,2022,2023,0.7913,134847,134524,stayed,True,True,True,FLRY3,2024-03-07,2024-03-07,2025-09-09,0.008945686900958316,0.10346388367876025,-0.09451819677780193
22187,2015,2016,0.5389,97150,28834,stayed,True,True,True,PRIO3,2017-03-28,2017-03-28,2018-10-05,1.6379310344827585,0.27352950049079183,1.3644015339919666
22187,2016,2017,0.6098,28834,102212,stayed,True,True,True,PRIO3,2020-11-03,2020-11-03,2022-05-16,3.172062904717854,0.12766271121260941,3.0444001935052443
22349,2015,2016,0.9602,125951,119775,stayed,True,True,True,AZZA3,2017-03-08,2017-03-08,2018-09-17,0.2540192926045015,0.18651420423554388,0.06750508836895763
22349,2016,2017,0.7327,119775,155461,stayed,True,True,True,AZZA3,2018-03-07,2018-03-07,2019-09-16,-0.09379699248120299,0.21286961058589626,-0.30666660306709925
22349,2017,2018,0.4923,155461,155515,stayed,True,True,True,AZZA3,2019-02-20,2019-02-20,2020-08-27,0.010697159719660565,0.04224763609768356,-0.031550476378022996
22349,2018,2019,0.9885,155515,158551,stayed,True,True,True,AZZA3,2020-05-08,2020-05-08,2021-11-16,0.766906474820144,0.3007637981718929,0.46614267664825104
22349,2021,2022,0.9266,240208,250988,stayed,True,True,True,AZZA3,2023-04-17,2023-04-17,2024-10-17,-0.3951017999409856,0.2337177136172417,-0.6288195135582273
22349,2022,2023,0.9079,250988,242411,stayed,True,True,True,AZZA3,2024-03-07,2024-03-07,2025-09-09,-0.46457765667574924,0.10346388367876025,-0.5680415403545095
22470,2018,2019,0.2396,176539,73238,stayed,True,True,True,MGLU3,2020-02-17,2020-02-17,2021-08-26,0.2778249785258655,0.029614921979271402,0.24821005654659412
22470,2019,2020,0.4697,73238,202003,stayed,True,True,True,MGLU3,2021-03-08,2021-03-08,2022-09-09,-0.8103896104092133,0.015268112072895024,-0.8256577224821083
22470,2020,2021,0.8512,202003,205280,stayed,True,True,True,MGLU3,2022-03-14,2022-03-14,2023-09-14,-0.5159474672090069,0.08609237605617226,-0.6020398432651791
23264,2020,2021,0.9915,307327,309775,stayed,True,True,True,ABEV3,2022-02-24,2022-02-24,2023-08-30,-0.04447439353099736,0.05325862896642919,-0.09773302249742655
23264,2021,2022,0.9904,309775,334134,stayed,True,True,True,ABEV3,2023-03-02,2023-03-02,2024-09-04,-0.010662604722010749,0.31729907038535754,-0.3279616751073683
23264,2022,2023,0.9814,334134,333729,stayed,True,True,True,ABEV3,2024-02-29,2024-02-29,2025-09-02,-0.03338632750397452,0.08770065296843077,-0.12108698047240529
23272,2015,2016,0.973,99236,108879,dropped_or_delisted,True,True,True,LOGG3,2019-10-10,2019-10-10,2021-04-26,0.25210084033613445,0.18442393271857083,0.06767690761756362
23272,2016,2017,0.9792,108879,110783,dropped_or_delisted,True,True,True,LOGG3,2018-12-16,2018-12-21,2020-07-06,0.8857142857142857,0.15449766999252623,0.7312166157217594
23310,2015,2016,0.9517,134257,160177,dropped_or_delisted,True,True,True,CVCB3,2017-02-15,2017-02-15,2018-08-28,0.5024911033285739,0.1397207644274605,0.36277033890111343
23310,2016,2017,0.1782,160177,27424,dropped_or_delisted,True,True,True,CVCB3,2018-02-08,2018-02-08,2019-08-22,0.01518200114280499,0.22664291173106,-0.211460910588255
23310,2017,2018,0.6233,27424,194984,dropped_or_delisted,True,True,True,CVCB3,2019-02-26,2019-02-26,2020-09-02,-0.672142608146276,0.044144361056325465,-0.7162869692026015
23310,2018,2019,0.8582,194984,254857,dropped_or_delisted,True,True,True,CVCB3,2020-09-01,2020-09-01,2022-03-15,-0.4387354956583299,0.06647606481898372,-0.5052115604773136
23310,2019,2020,0.7503,254857,186458,dropped_or_delisted,True,True,True,CVCB3,2021-03-26,2021-03-26,2022-09-29,-0.6653547258616329,-0.06199888099576378,-0.6033558448658691
23310,2020,2021,0.9591,186458,160966,dropped_or_delisted,True,True,True,CVCB3,2022-03-15,2022-03-15,2023-09-15,-0.7720515361744301,0.08992559607119355,-0.8619771322456237
23310,2021,2022,0.9528,160966,148084,dropped_or_delisted,True,True,True,CVCB3,2023-03-21,2023-03-21,2024-09-23,-0.4192546583850931,0.2927800742449389,-0.712034732630032
23310,2022,2023,0.9688,148084,153258,dropped_or_delisted,True,True,True,CVCB3,2024-03-26,2024-03-26,2025-09-26,-0.3919753086419754,0.14648587113880773,-0.5384611797807831
24260,2016,2017,0.9849,144683,148703,stayed,True,True,True,SMFT3,2018-05-30,2021-07-14,2023-01-17,-0.5154838708993024,-0.1321380824071926,-0.38334578849210976
24260,2021,2022,0.9384,185825,159384,stayed,True,True,True,SMFT3,2023-05-30,2023-05-30,2024-11-29,0.014476614654298725,0.15326470768268163,-0.1387880930283829
24260,2022,2023,0.9263,159384,187207,stayed,True,True,True,SMFT3,2024-03-14,2024-03-14,2025-09-16,0.020999400564926107,0.1282150038879326,-0.1072156033230065
24295,2016,2017,0.8197,134333,136177,stayed,True,True,True,VBBR3,2018-03-16,2018-03-16,2019-09-25,0.19610447115641216,0.23083204769475674,-0.03472757653834457
24295,2017,2018,0.8079,136177,156458,stayed,True,True,True,VBBR3,2019-02-26,2019-02-26,2020-09-02,-0.10750507118782016,0.044144361056325465,-0.15164943224414562
24295,2018,2019,0.9598,156458,142984,stayed,True,True,True,VBBR3,2020-03-12,2020-03-12,2021-09-20,0.27939646182040434,0.49958591964209575,-0.22018945782169141
24295,2019,2020,0.8445,142984,158698,stayed,True,True,True,VBBR3,2021-03-09,2021-03-09,2022-09-12,-0.0243397201843929,0.018646532283751016,-0.042986252468143915
24295,2020,2021,0.6528,158698,164019,stayed,True,True,True,VBBR3,2022-03-22,2022-03-22,2023-09-22,-0.22152950963381624,-0.010776615545817991,-0.21075289408799824
24295,2021,2022,0.822,164019,195753,stayed,True,True,True,VBBR3,2023-03-21,2023-03-21,2024-09-23,0.6687719290470646,0.2927800742449389,0.3759918548021257
24392,2018,2019,0.6095,131628,64376,stayed,True,True,True,HAPV3,2020-03-26,2020-03-26,2021-10-04,0.2720777927921927,0.4205838759299678,-0.14850608313777514
24392,2019,2020,0.6718,64376,209059,stayed,True,True,True,HAPV3,2021-03-23,2021-03-23,2022-09-26,-0.48230668414154654,-0.03661993717210921,-0.44568674696943733
24392,2020,2021,0.8378,209059,217573,stayed,True,True,True,HAPV3,2022-03-23,2022-03-23,2023-09-25,-0.634390651085142,-0.013049248348379061,-0.621341402736763
24392,2021,2022,0.7781,217573,264223,stayed,True,True,True,HAPV3,2023-02-28,2023-02-28,2024-09-02,-0.04677060133630295,0.2856531848789974,-0.33242378621530033
24392,2022,2023,0.8746,264223,324172,stayed,True,True,True,HAPV3,2024-05-13,2024-05-13,2025-11-11,-0.4775821687214309,0.23092238690414946,-0.7085045556255803
24716,2019,2020,0.8816,211781,212272,stayed,True,True,True,VAMO3,2021-02-25,2021-02-25,2022-08-30,0.6802581401374777,-0.016263844649871073,0.6965219847873487
24716,2020,2021,0.9729,212272,253353,stayed,True,True,True,VAMO3,2022-02-17,2022-02-17,2023-08-23,0.013256006340983228,0.04057228635493049,-0.02731628001394726
24716,2021,2022,0.9775,253353,285198,stayed,True,True,True,VAMO3,2023-02-13,2023-02-13,2024-08-20,-0.407821228961613,0.25038426917006773,-0.6582054981316807
24716,2022,2023,0.9822,285198,299377,stayed,True,True,True,VAMO3,2024-03-18,2024-03-18,2025-09-18,-0.48474388798711465,0.1460787663706702,-0.6308226543577848
24805,2019,2020,0.7618,84383,91199,stayed,True,True,True,VIVA3,2021-03-17,2021-03-17,2022-09-20,0.10739957716701909,-0.034599308242064475,0.14199888540908356
24805,2020,2021,0.9157,91199,86379,stayed,True,True,True,VIVA3,2022-03-17,2022-03-17,2023-09-19,0.08797417271993546,0.042179030748521695,0.045795141971413766
24805,2021,2022,0.962,86379,90197,stayed,True,True,True,VIVA3,2023-03-16,2023-03-16,2024-09-18,0.29001798561151104,0.2930645298200816,-0.003046544208570534
24805,2022,2023,0.9678,90197,88530,stayed,True,True,True,VIVA3,2024-03-20,2024-03-20,2025-09-22,0.07847533632286985,0.12379044371249126,-0.04531510738962141
24821,2020,2021,0.9631,229665,229826,stayed,True,True,True,RDOR3,2022-03-29,2022-03-29,2023-09-29,-0.5066019417475729,-0.028738273155578198,-0.4778636685919947
24821,2021,2022,0.9201,229826,288032,stayed,True,True,True,RDOR3,2023-03-27,2023-03-27,2024-09-27,0.49904852521408194,0.3316919243984702,0.16735660081561177
24821,2022,2023,0.9641,288032,329875,stayed,True,True,True,RDOR3,2024-03-26,2024-03-26,2025-09-26,0.5982939123691353,0.14648587113880773,0.4518080412303276
24848,2018,2019,0.9068,170491,158338,stayed,True,True,True,CEAB3,2020-03-23,2020-03-23,2021-09-29,0.2433333333333334,0.7477976115005878,-0.5044642781672544
24848,2019,2020,0.9705,158338,166342,stayed,True,True,True,CEAB3,2021-03-18,2021-03-18,2022-09-21,-0.6929577464788732,-0.02524978571508807,-0.6677079607637851
24848,2020,2021,0.9528,166342,189802,stayed,True,True,True,CEAB3,2022-03-10,2022-03-10,2023-09-12,0.2217294900221729,0.037874990773173245,0.18385449924899966
24910,2018,2019,0.9697,184589,136793,dropped_or_delisted,True,True,True,LWSA3,2020-03-25,2020-03-25,2021-10-01,5.3092505064145845,0.50622081854624,4.803029687868344
24910,2019,2020,0.9494,136793,152848,dropped_or_delisted,True,True,True,LWSA3,2021-03-24,2021-03-24,2022-09-27,-0.6286307053941909,-0.03290828229785092,-0.5957224230963399
24910,2020,2021,0.8221,152848,182097,dropped_or_delisted,True,True,True,LWSA3,2022-03-29,2022-03-29,2023-09-29,-0.3648111332007953,-0.028738273155578198,-0.3360728600452171
24910,2021,2022,0.969,182097,162672,dropped_or_delisted,True,True,True,LWSA3,2023-03-23,2023-03-23,2024-09-25,-0.18395303326810186,0.3437288680451043,-0.5276819013132061
24910,2022,2023,0.9633,162672,161548,dropped_or_delisted,True,True,True,LWSA3,2024-03-20,2024-03-20,2025-09-22,-0.25589225589225595,0.12379044371249126,-0.3796826996047472
24929,2018,2019,0.9493,168632,181852,stayed,True,True,True,TIMS3,2020-03-06,2020-03-06,2021-09-14,-0.252605763335377,0.1855548912479461,-0.4381606545833231
24929,2019,2020,0.9422,181852,199087,stayed,True,True,True,TIMS3,2021-02-09,2021-02-09,2022-08-16,-0.08333333333333337,-0.04987996312429677,-0.033453370209036604
24929,2020,2021,0.9349,199087,214990,stayed,True,True,True,TIMS3,2022-02-25,2022-02-25,2023-08-31,0.05878030859662009,0.022978835257730257,0.03580147333888983
24929,2021,2022,0.9061,214990,241664,stayed,True,True,True,TIMS3,2023-02-09,2023-02-09,2024-08-16,0.6919518963922293,0.2402154283870508,0.4517364680051785
24929,2022,2023,0.9615,241664,238813,stayed,True,True,True,TIMS3,2024-02-06,2024-02-06,2025-08-12,0.217199558985667,0.057487978305780896,0.1597115806798861
24929,2023,2024,0.9749,238813,213057,stayed,True,True,True,TIMS3,2025-02-10,2025-02-10,2026-08-17,0.1465571699305115,0.32819276874323955,-0.18163559881272806
25100,2019,2020,0.9534,125374,142105,stayed,True,True,True,CURY3,2021-03-22,2021-03-22,2022-09-23,0.22994652406417115,-0.028377912252739335,0.2583244363169105
25100,2020,2021,0.9849,142105,141395,stayed,True,True,True,CURY3,2022-03-24,2022-03-24,2023-09-26,1.0,-0.04081781789290162,1.0408178178929015
25100,2021,2022,0.9983,141395,148302,stayed,True,True,True,CURY3,2023-09-14,2023-09-14,2025-03-24,0.4627692307692308,0.09992239819317206,0.36284683257605876
25100,2022,2023,0.9974,148302,149829,stayed,True,True,True,CURY3,2024-03-11,2024-03-11,2025-09-11,0.6901480347115876,0.13500475248240695,0.5551432822291806
25232,2021,2022,0.8961,131926,147919,dropped_or_delisted,True,True,True,CASH3,2023-09-21,2023-09-21,2025-03-31,-0.4700162074554295,0.12152467970008174,-0.5915408871555112
25232,2022,2023,0.9772,147919,130876,dropped_or_delisted,True,True,True,CASH3,2024-03-13,2024-03-13,2025-09-15,-0.4757969303423849,0.12140465235822817,-0.5972015827006131
25291,2019,2020,0.4381,155584,126181,stayed,True,True,True,BRAV3,2021-03-17,2021-03-17,2022-09-20,-0.15036112934996715,-0.034599308242064475,-0.11576182110790267
25291,2020,2021,0.715,126181,161236,stayed,True,True,True,BRAV3,2022-02-22,2022-02-22,2023-08-28,-0.11869331505468006,0.03746224260752329,-0.15615555766220335
25372,2021,2022,0.9266,156737,140481,stayed,True,True,True,ASAI3,2023-02-15,2023-02-15,2024-08-22,-0.4927159209157128,0.2333322749405249,-0.7260481958562377
25372,2022,2023,0.7968,140481,139138,stayed,True,True,True,ASAI3,2024-02-21,2024-02-21,2025-08-25,-0.2995810055865923,0.061474220339397645,-0.36105522592598993
25585,2021,2022,0.9198,150295,160295,stayed,True,True,True,CMIN3,2023-03-08,2023-03-08,2024-09-10,0.1692913385826773,0.26073940832916565,-0.09144806974648834
25585,2022,2023,0.978,160295,154934,stayed,True,True,True,CMIN3,2024-03-06,2024-03-06,2025-09-08,-0.13400335008375208,0.10009563952209555,-0.23409898960584763
25780,2020,2021,0.6147,25473,138681,stayed,True,True,True,RECV3,2022-06-02,2022-06-02,2023-12-06,-0.312344361437211,0.1177097380964689,-0.4300540995336799
25780,2021,2022,0.8069,138681,142183,stayed,True,True,True,RECV3,2023-03-22,2023-03-22,2024-09-24,-0.11116435074269282,0.3186482663299961,-0.4298126170726889
25917,2020,2021,0.9874,228709,232901,dropped_or_delisted,True,True,True,RAIZ4,2021-05-31,2021-08-05,2023-02-08,-0.5441988950276244,-0.09603839158017413,-0.4481605034474503
25917,2021,2022,0.736,232901,286328,dropped_or_delisted,True,True,True,RAIZ4,2022-05-13,2022-05-13,2023-11-16,-0.2688588007736944,0.16567870803404827,-0.43453750880774267
25917,2022,2023,0.9177,286328,316716,dropped_or_delisted,True,True,True,RAIZ4,2023-05-12,2023-05-12,2024-11-11,-0.1793313069908814,0.17895235868470083,-0.35828366567558223
25917,2023,2024,0.9869,316716,332149,dropped_or_delisted,True,True,True,RAIZ4,2024-05-13,2024-05-13,2025-11-11,-0.6912751677852349,0.23092238690414946,-0.9221975546893844
