cd_cvm,year_prev,year_curr,cosine_similarity,ticker,window_start,window_end,stock_return,ar_market_adjusted,alpha_i,beta_mkt,beta_smb,beta_hml,beta_mom,n_est_obs,n_event_days,alpha_ar_sum,alpha_ar_compound
2437,2019,2020,0.4072,AXIA3,2021-03-19,2022-09-22,0.3877182420228777,0.4062268529021998,-0.00022605296200524806,1.2975055530020223,-0.06467347159328041,0.8767182579843454,-0.22001255593897381,252,379,0.39765849247912316,0.3986277835942611
2437,2020,2021,0.9366,AXIA3,2022-03-18,2023-09-20,0.0302338847689673,0.0008835830499018,0.0009019689020641926,1.3022381919184778,-0.10286336706849641,0.38065674441054215,-0.4100170432820206,252,379,-0.28680694022853737,-0.2896187356731579
2437,2021,2022,0.1851,AXIA3,2023-03-13,2024-09-13,0.3019755409219191,-0.006016809062604,0.0001243124547966298,1.0662893526058561,-0.12601102257464092,0.3179959052369679,-0.10219175885957855,252,379,-0.13261589920905378,-0.1535796847221642
2437,2022,2023,0.2157,AXIA3,2024-05-14,2025-11-12,0.6134937238493723,0.3869264049993255,-0.0006763485355090245,1.2762724121126536,-0.07651953892355756,0.3246733346133158,-0.056139488803647095,252,379,0.62489571813511,0.766798772179696
2453,2015,2016,0.9415,CMIG4,2017-04-11,2018-10-22,0.1015521029558366,-0.2284194522652105,-0.00045197532776599454,1.2254518853827086,0.16855175869732125,0.7347178964904671,0.25121283959206137,252,379,-0.10418313484400848,-0.16978501219803765
2453,2016,2017,0.8388,CMIG4,2018-03-29,2019-10-08,0.6133177571311661,0.4421030424382619,-0.002344777539757358,1.4254078684508338,-0.04793976231118435,0.6703634500228814,0.32832381040479786,252,379,1.0863849546182023,1.7716812390652246
2453,2017,2018,0.5779,CMIG4,2019-04-01,2020-10-05,-0.2129679265806955,-0.2133295964460687,0.001305055229989627,1.2851268794752566,-0.08586476400346575,0.38798438292932086,-0.7575957868460925,252,379,-0.4566180915113477,-0.40911486449063217
2453,2018,2019,0.9205,CMIG4,2020-04-01,2021-10-08,0.9457308187894712,0.3557851118593196,-0.0007738804313919749,0.9748360890760379,-0.07830610987388109,0.3178348522486213,0.15952703719340183,252,379,0.43567670746246967,0.4555127950602371
2453,2019,2020,0.9419,CMIG4,2021-03-30,2022-10-03,0.3330552145952172,0.3391759849833577,-0.00047145432152413203,1.1011895879006857,0.07684248101447994,0.3226790061063206,-0.11411038548288405,252,379,0.46953652878413654,0.5329766194891268
2453,2020,2021,0.8916,CMIG4,2022-03-29,2023-09-29,0.1019808743616559,0.1307191475172341,0.0012664849394215469,0.9009811250400132,-0.09429510864645681,0.35642957330156266,-0.42809245159076137,252,379,-0.337848981075636,-0.31920826697191473
2453,2021,2022,0.8024,CMIG4,2023-03-27,2024-09-27,0.3513314967736332,0.019639572375163,0.000338946465741888,1.251335654714466,-0.1938039918712731,0.6547097455659363,0.05528964385433273,252,379,-0.341329060913375,-0.31941791782144147
2453,2022,2023,0.4892,CMIG4,2024-03-21,2025-09-23,0.2310116086133415,0.0884821624748586,-0.0008275075703869166,0.8268341334221192,-0.05269398576957428,0.24492231873801246,0.13432381189202452,252,379,0.44282517632353924,0.4885981945753355
3980,2015,2016,0.9111,GGBR4,2017-02-22,2018-09-04,0.1906941272726288,0.1014349033821091,0.0013966016641136485,1.1442145926782008,-0.631411577162841,1.4661105548977935,-0.6066527776085879,252,379,-0.370007852482914,-0.3552808022272612
3980,2016,2017,0.8321,GGBR4,2018-02-28,2019-09-09,-0.2111913360726062,-0.420052029571263,-3.3136265559477636e-05,1.0727106731094675,-0.477158057760512,1.4515972594814568,0.22683118493431237,252,379,-0.7223821367722219,-0.5454019688429503
3980,2017,2018,0.8958,GGBR4,2019-02-21,2020-08-28,0.2980132458509714,0.2442578762511469,-0.0008248333297089672,0.9031779052289198,-0.1413300826048672,0.9270996127968064,0.4853222545656827,252,379,0.3878130737032144,0.36212854807840844
3980,2021,2022,0.7895,GGBR4,2023-03-01,2024-09-03,-0.2445121951680176,-0.5316119196773734,0.0010991969057367675,1.0986899585332657,-0.5558128295855904,0.24898085798422248,-0.06571199005477751,252,379,-0.9713572173477978,-0.6385656694630677
3980,2022,2023,0.8007,GGBR4,2024-02-20,2025-08-22,-0.082616822258433,-0.1445955868627612,-0.0017086733855830563,0.9174311782984177,-0.2505985895355085,0.1332484321607345,-0.11076268871753532,252,379,0.6368963913731982,0.7729340786891843
4030,2015,2016,0.7888,CSNA3,2017-10-30,2019-05-20,0.7999999999999998,0.5707784483332561,-0.0006013429309613364,1.3498705639931585,-0.854120469535715,1.634543787587527,0.272351076227283,252,379,-0.0028806135856862536,-0.11946905153087761
4030,2016,2017,0.6488,CSNA3,2018-04-06,2019-10-15,0.580046403712297,0.3481543663939248,-0.0021271645623596185,1.5961093876495047,-0.6187362388389546,1.7469180803968802,-0.08273704358596007,252,379,0.8427785201531499,1.0272566947292487
4030,2017,2018,0.7259,CSNA3,2019-02-20,2020-08-27,0.4184060721062619,0.3761584360085783,-0.0011288382418951034,1.453809997992062,0.039947453396246696,0.6803777328652738,0.7166662197514202,252,379,0.6740364638423069,0.6039508669586926
4030,2018,2019,0.7347,CSNA3,2020-03-04,2021-09-10,1.739448051948052,1.6735885724648756,-0.00041955724815605515,1.220065619683179,0.07915596635237354,0.8962824648136613,-0.37428782425768,252,379,1.45356384860164,2.5679821003519137
4030,2021,2022,0.7027,CSNA3,2023-03-16,2024-09-18,-0.1955345060893097,-0.4885990359093913,-0.00040985525926735323,1.560082401630397,-0.8367174080436381,0.4725940076119381,-0.43920813415874094,252,379,-0.43321831584287895,-0.39381487451433594
4030,2022,2023,0.9889,CSNA3,2024-03-06,2025-09-08,-0.5291291291291291,-0.6292247686512247,-0.00041090315018372115,1.545476157973645,-0.763608456199208,-0.014609543346260197,-0.3754547995868487,252,379,-0.2480018818493495,-0.3359480156031801
4170,2015,2016,0.8425,VALE3,2017-02-23,2018-09-05,0.5722037986132045,0.4590890228874151,0.002222883750983852,0.9725531257050373,-1.3923234045095747,1.3498673276957653,-0.5739942273829121,252,379,-0.4627364539241401,-0.4172337884217048
4170,2016,2017,0.9382,VALE3,2018-02-27,2019-09-06,-0.0185928586520176,-0.202637018318087,0.0006455477217008989,0.6132968032039567,-0.83325839175374,1.1402314380622665,0.40525519060186893,252,379,-0.6309730568305604,-0.516580193872485
4170,2017,2018,0.7656,VALE3,2019-04-18,2020-10-23,0.206732597945987,0.1360869760028469,0.0004034038808675167,0.5865744820620993,-0.12802835196437173,0.5428098750519151,0.9862050199741685,252,379,-0.31368868426155055,-0.33834739050164275
4170,2020,2021,0.9237,VALE3,2022-02-24,2023-08-30,-0.2577107607950651,-0.3109693897614943,-0.0009062889587458274,0.8175227962525327,-0.15060630488818913,0.6193197654749507,0.5447750447542442,252,379,-0.3629256021170049,-0.35884404615914245
4170,2021,2022,0.438,VALE3,2023-02-16,2024-08-23,-0.35643009305976,-0.5898907911439949,-0.00011534671330182321,0.9253479708127673,-0.4423333967810329,0.2506126720711731,0.11439903301933975,252,379,-0.6761045352799068,-0.5106621197670915
4170,2022,2023,0.0611,VALE3,2024-02-22,2025-08-26,-0.1756917584052365,-0.2335143029199825,-0.001753625647878581,0.9977555649574008,-0.291446741572488,0.06594075165708171,0.08859748412622881,252,379,0.5383954430393414,0.6139056855610032
5258,2019,2020,0.6191,RADL3,2021-03-09,2022-09-12,0.0073913043369975,-0.0112552279467534,-0.00010384356167280782,0.5976264861087384,0.21580065207579302,-0.6379362372173876,0.03303180962468788,252,379,0.15440420605664168,0.10632723885608741
5258,2020,2021,0.6257,RADL3,2022-02-22,2023-08-28,0.1788126313292732,0.14135038872175,0.0007200806436398741,0.7703114359239167,-0.03315263837129659,-0.8865188460604997,-0.05641113458799539,252,379,0.2601813574301181,0.2408385966600255
5258,2021,2022,0.9055,RADL3,2023-03-07,2024-09-09,0.2205215907068527,-0.0721953422687902,0.0004149791757424132,0.6188475070525208,0.11018500323471284,-0.356645596070765,-0.13357886264739433,252,379,-0.00976445681241403,-0.043499045061937025
5258,2022,2023,0.7686,RADL3,2024-03-05,2025-09-05,-0.3158517351328193,-0.4293743312117154,0.0001407015659803195,0.719065381134806,0.12873125759096474,-0.11901109962283377,0.012128049980568614,252,379,-0.47509301191584336,-0.44282458449108053
5410,2015,2016,0.99,WEGE3,2017-02-22,2018-09-04,0.4178362572933585,0.3285770334028388,-5.8812663098392485e-05,0.9812347993845298,-0.01259469157011986,-0.4859335023284849,0.11950469391668357,252,379,0.3146495167662234,0.3113638118845672
5410,2016,2017,0.9852,WEGE3,2018-02-28,2019-09-09,0.253908586052902,0.0450478925542452,0.0007545079619900622,0.8913495416098789,-0.021890065602322054,0.004462385602781005,-0.38835384180866583,252,379,-0.16725234003684408,-0.1895037849731609
5410,2017,2018,0.9835,WEGE3,2019-04-10,2020-10-15,3.406437534097109,3.3741238444903257,0.00046040821454189015,0.6863848323594386,-0.03860422093229131,-0.659438592975719,0.16639891195541423,252,379,1.2893561629086596,2.287977548808749
5410,2018,2019,0.9799,WEGE3,2020-02-19,2021-08-30,0.5026628430970914,0.4750072786158457,0.002583893919569855,1.0600772386493609,0.2763268776449368,-0.4026933071077633,0.00786694535568248,252,379,-0.4279263308144781,-0.42199464411204834
5410,2019,2020,0.9692,WEGE3,2021-02-24,2022-08-29,-0.3455594002306805,-0.3166433096823878,0.0020471482097801363,0.826815478989292,0.09661668647407395,-0.5974153317983959,0.6135677462072626,252,379,-1.146133739660864,-0.7034471882823387
5410,2020,2021,0.8919,WEGE3,2022-02-16,2023-08-22,0.1651757188498401,0.1567102564621796,-0.0007161280734148162,0.872611129326881,0.26173669926039933,-0.7000175604533558,0.36979746869999486,252,379,0.5429709747035172,0.630311405860347
5410,2021,2022,0.893,WEGE3,2023-02-15,2024-08-22,0.3940329218106995,0.1607006468701746,0.0016101090572373286,0.857341312159333,-0.2875326933679947,-0.4975221892437697,-0.00020897551483023413,252,379,-0.28433342746669343,-0.2794168609562484
5410,2022,2023,0.9741,WEGE3,2024-02-21,2025-08-25,0.0300300300300297,-0.0314441903093678,-0.00035991338865770856,0.7267718486707175,0.22835764303996198,-0.623361211633369,0.15372723634516444,252,379,0.20375667034082595,0.13963096274333564
8133,2015,2016,0.1359,LREN3,2017-02-09,2018-08-22,0.3597478988110343,0.1759961830765812,0.0001446019279659678,1.082192627776178,0.2116434359386708,-0.3863940738357506,0.13633627029689666,252,379,0.11809128467638552,0.08520373601152653
8133,2016,2017,0.1258,LREN3,2018-02-08,2019-08-22,0.5516388728137114,0.3249959610826514,0.0006382253266877839,1.3329385288969169,0.1832092156847268,-0.9806188757471511,0.09027307163770465,252,379,0.2502209049821654,0.2326361540003843
8133,2017,2018,0.6332,LREN3,2019-02-07,2020-08-14,0.0558477507718999,-0.0177486326625979,0.000682958931637328,1.186631338549852,-0.13885100970990968,-0.7104175536885802,-0.1315754269663213,252,379,-0.13537401570081656,-0.19446582533675538
8133,2020,2021,0.1634,LREN3,2022-03-17,2023-09-19,-0.3624454150338475,-0.4046244457823692,-0.0006425935423952141,1.070275840673246,0.42034384757607224,-0.4968414432660291,-0.7299446705657221,252,379,0.22925815667672148,0.16372800768783136
8133,2021,2022,0.1368,LREN3,2023-02-16,2024-08-23,-0.0841073270295039,-0.3175680251137388,0.00035471445373110077,1.1056629369518194,0.29364158853992284,-0.44422219963759557,-0.48197787652142,252,379,-0.14434726204919812,-0.20880216659167639
8133,2022,2023,0.0777,LREN3,2024-03-14,2025-09-16,0.1259842519003038,-0.0022307519876287,-0.0007089259794690677,1.6122903174288508,0.6995130733884753,-0.30805586559244624,-0.4653632438439735,252,379,0.36699554260781675,0.24302421211938952
8451,2015,2016,0.9488,POMO4,2017-02-23,2018-09-05,0.2578397209064296,0.1447249451806402,-0.0007790678345176256,0.9748210631777817,0.5819815190892081,-0.12909569551990235,-0.034139421064141515,252,379,0.5067128211855406,0.5267918354890706
8451,2016,2017,0.9285,POMO4,2018-02-22,2019-09-03,-0.1017435147479103,-0.2516444508226948,9.554184071652188e-05,0.8835917374240135,0.6441866830284266,-0.008619249155833987,-0.02330681155742445,252,379,-0.27160713436140255,-0.2926975124450838
8451,2017,2018,0.9519,POMO4,2019-02-26,2020-09-02,-0.2770780858248958,-0.3212224468812212,0.00026330580043290727,1.1164257530819899,0.5525197265697465,-0.43618702256064656,0.033604336310226274,252,379,-0.4362803508404028,-0.4249386328721274
8451,2018,2019,0.8897,POMO4,2020-02-27,2021-09-03,-0.4565656565333333,-0.5920217247384343,0.0006482894799887473,1.0507770578739681,0.2974308379898439,-0.14787929313647377,-0.1807950698826671,252,379,-0.7351291440661287,-0.5773728125327668
8451,2019,2020,0.893,POMO4,2021-02-25,2022-08-30,0.0348837208290968,0.0511475654789679,-0.0015753859755829104,1.16998159442213,0.834176839222004,0.047398823334891343,-0.12167428791474418,252,379,0.6313332375000105,0.7410421452346163
8451,2020,2021,0.9751,POMO4,2022-02-25,2023-08-31,1.0896551724263497,1.0666763371686194,0.0003038531580579582,0.8360946481078083,0.4615960283846774,0.31595070462172115,-0.22044099733852893,252,379,0.5267457624990232,0.5589867914545465
8451,2021,2022,0.9979,POMO4,2023-02-28,2024-09-02,1.9126582278882869,1.6270050430092895,0.0004728853243982586,0.7383200361042757,0.9294760159535136,-0.11704840382582664,0.19974165083795245,252,379,0.7414420505339456,0.9138419995903608
8451,2022,2023,0.9926,POMO4,2024-02-27,2025-08-29,0.2919860626219379,0.2180781230517203,0.0031043998209541296,0.923825020503008,0.6271875607412752,-0.05455384624226964,0.4254391259158794,252,379,-1.0310189757260084,-0.6849641000925569
8656,2015,2016,0.8702,GOAU4,2017-02-22,2018-09-04,0.2988115450487754,0.2095523211582557,0.0016632424818528195,1.2643317053670637,-0.23544392700422268,1.4882663957753084,-0.9165374349306566,252,379,-0.2757407524193898,-0.3058559683385498
8656,2016,2017,0.9072,GOAU4,2018-02-28,2019-09-09,-0.1903553299896061,-0.3992160234882629,2.856249334650101e-05,1.1849903844431304,-0.1428989114349201,1.6302285909567449,0.5093838724941901,252,379,-0.829917354395952,-0.5891225493477257
8656,2017,2018,0.918,GOAU4,2019-02-21,2020-08-28,0.2609308884977437,0.2071755188979192,-0.0009090869251546787,1.0869037001599824,0.028561705740994377,0.9407817142437578,0.39351930276761776,252,379,0.4158142315668401,0.40511443915005185
8656,2018,2019,0.8262,GOAU4,2020-02-19,2021-08-30,0.2850098619427939,0.2573542974615481,0.0007429452086547455,1.1770124311261447,-0.0226365497067631,0.9946436968659975,-0.8591352569074487,252,379,0.42072906978375313,0.35085345838859205
8656,2022,2023,0.8258,GOAU4,2024-02-20,2025-08-22,-0.0835820895023403,-0.1455608541066685,-0.0016639233126580326,0.9540765378469622,-0.24934313401543312,0.14357589823090616,-0.1330612958005644,252,379,0.6219577701734159,0.7551094198175043
8672,2021,2022,0.9968,IGTI11,2023-02-28,2024-09-02,0.1303673047077083,-0.155285880171289,0.0007438712486624588,1.1831435277851936,0.4906087518471659,-0.2876023866231544,0.06640123091537642,252,379,-0.33713507291668376,-0.30498993576309263
8672,2022,2023,0.7499,IGTI11,2024-02-20,2025-08-22,-0.0413293566254793,-0.1033081212298074,0.00016443878548686247,0.9455707389922412,0.36405882148124635,0.018423031786787836,-0.08727832187928874,252,379,-0.178803039498706,-0.2060961551525773
12653,2015,2016,0.9104,KLBN11,2017-02-09,2018-08-22,0.3056282720485981,0.121876556314145,-0.0014137110089605318,0.25913005801678946,-0.9390869682632422,0.3594314538218367,-0.04939923737373388,252,379,0.7460610745867693,1.015350437924539
12653,2021,2022,0.8247,KLBN11,2023-02-08,2024-08-15,0.1920956842516321,-0.0280189317485695,-0.0011304526086789385,0.41918772908424906,-0.4694585026910011,-0.05741973398981002,-0.0342067991718443,252,379,0.45998567585946293,0.5343256859064447
12653,2022,2023,0.4761,KLBN11,2024-02-07,2025-08-13,-0.077813802440217,-0.1296600908944598,0.0004926680690941342,0.5281591208192518,0.04106925334016645,-0.43219792046454053,-0.021117829624057637,252,379,-0.28804540059249567,-0.2735046555022922
13986,2017,2018,0.6801,SUZB3,2019-02-21,2020-08-28,0.0703190596137699,0.0165636900139454,0.00407470649751757,-0.07304294672805503,-0.02141053012705872,-0.5018303276557373,0.2967537512878974,252,379,-1.4234210055652612,-0.803798754085199
13986,2018,2019,0.4192,SUZB3,2020-02-12,2021-08-23,0.4369999999999998,0.430164121257417,-0.0007346510213672107,0.6381449775383302,0.18801374455969602,-0.16714438535886322,-0.6896126038415341,252,379,1.0543887132006664,1.3756176383491456
14311,2018,2019,0.8699,CPLE3,2020-03-25,2021-10-01,0.1478859766596516,-0.3583348418865884,0.002353043059129376,0.7704797160789191,0.07353329047462823,0.513067698723376,0.4530844430038883,252,379,-1.327572187536853,-0.7577794345500075
14311,2019,2020,0.9693,CPLE3,2021-05-05,2022-11-08,0.4314814814814816,0.4599522375022515,-0.001098062593853484,0.8424659089387293,-0.06549034842413164,0.0688073398271932,-0.05030223755082566,252,379,0.8132808104474306,1.1313865700842984
14311,2020,2021,0.9607,CPLE3,2022-03-22,2023-09-22,0.2247838616714697,0.2355604772172876,0.00042382428226794345,0.6150521470722269,-0.1400071306620469,0.17376519782413793,-0.43644472353811875,252,379,0.14420016767395172,0.07915746381593403
14311,2021,2023,0.9232,CPLE3,2024-02-29,2025-09-02,0.2233115468409587,0.135610893872528,0.00017055403269139552,0.8324140630340979,-0.10767063326294776,0.4002489511974708,0.014735565156840194,252,379,0.0951019909237844,0.06086164228480739
14320,2015,2016,0.7322,USIM5,2017-02-17,2018-08-30,0.4825688073394494,0.3548068610091881,0.0018307605519926708,1.242386511703878,0.4058039078770184,1.5739712772239045,-1.187700709619489,252,379,-0.1492309073477998,-0.23830443681308422
14320,2016,2017,0.732,USIM5,2018-02-09,2019-08-23,-0.3561887800534283,-0.5634701084307695,0.0022766900269561192,1.6034042206130392,-0.36511683861649546,1.5086534427838736,0.10841789769530934,252,379,-1.8891622822322296,-0.8629143323294661
14320,2017,2018,0.6945,USIM5,2019-02-15,2020-08-24,0.0308510638297871,-0.0180804457557166,-0.0022629579912695403,1.392412454876748,-0.1703143874690637,1.183994496492784,0.014188889451431846,252,379,0.8604782569227696,1.124830856083288
14320,2018,2019,0.7786,USIM5,2020-02-14,2021-08-25,0.8121212121212122,0.7558441478962161,6.107844683345227e-05,1.2362164448334254,-0.2176553922697457,1.0374088076338395,-0.863673030994347,252,379,0.9746611990706906,1.2477029585105033
14320,2019,2020,0.694,USIM5,2021-02-12,2022-08-19,-0.3622269203664552,-0.2958064647172613,0.0018856609902474803,1.04297078489527,-0.15570011033123854,1.860286965417394,0.3437172347931555,252,379,-1.6441678945839084,-0.8316788060556723
14320,2020,2021,0.9798,USIM5,2022-02-11,2023-08-17,-0.5582743077913714,-0.5706888611575736,-0.00027856782390916286,1.44453331145073,0.23126203611394752,0.8449353428918267,1.379437388252522,252,379,-1.4565788178837429,-0.8003026707278184
14320,2021,2022,0.9347,USIM5,2023-02-10,2024-08-19,-0.114441416893733,-0.3707344719176523,-0.0022003682098048587,1.276404433343198,-0.6821571196009002,0.4355560141410271,-0.5201226932044143,252,379,0.44873972942602197,0.4189296392523556
14320,2022,2023,0.989,USIM5,2025-01-16,2026-07-23,0.7541322314049588,0.2964271658186479,-0.0015563126543251306,1.0083783390654077,-0.4209304600068568,1.3684243251007262,-0.44397783125856194,252,365,1.0388899771617222,1.4768389517566884
14320,2023,2024,0.8175,USIM5,2025-02-14,2026-08-21,0.0953177257525081,-0.2385897052994166,-0.0014071192118626074,1.1749613737268747,-0.437410226573055,1.4037873528528104,-0.40561809567420104,252,344,0.7672827841579949,0.8785120757694085
14443,2015,2016,0.2709,SBSP3,2017-03-27,2018-10-04,-0.1803797468912137,-0.470301792832653,0.00012832595454358712,1.018618250258085,0.18758062370470707,0.178386842567171,0.3367071362503884,252,379,-0.5486513655632732,-0.4556715042099977
14443,2018,2019,0.8402,SBSP3,2020-03-27,2021-10-05,-0.0806089343755238,-0.5848915875804388,0.0009058625197275398,0.8518531559441611,-0.1429388740372572,1.2847641488648742,0.2668589306794695,252,379,-1.0022040303151174,-0.6681934383346344
14443,2021,2022,0.9555,SBSP3,2023-03-23,2024-09-25,0.9000207427234115,0.5562918746783072,0.0011030496059053682,1.1043539296745974,-0.19860978283738057,0.6589048800410304,-0.2787080718617501,252,379,-0.2531573060764454,-0.25907255004790464
14443,2022,2023,0.9701,SBSP3,2024-03-21,2025-09-23,0.6786893578549456,0.5361599117164626,0.0006031408865081057,0.7580215089941016,-0.24322373182827714,0.22005670729991794,-0.1524780511313045,252,379,0.2837864631714997,0.26956266404488116
14460,2015,2016,0.3485,CYRE3,2017-03-23,2018-10-02,-0.153076923076923,-0.4376867949201662,-0.0007614211590622033,1.0971248604464645,0.5970241545902522,-0.046363635162504774,0.1290044055362412,252,379,-0.03181534624305357,-0.07748287367794227
14460,2016,2017,0.78,CYRE3,2018-03-22,2019-10-01,0.6010568031704093,0.373547043577507,-0.0007699331376952929,1.2024579617606563,0.5115385196909754,0.18775089197924077,0.03311986022497654,252,379,0.560862397316133,0.6414953964792316
14460,2017,2018,0.7128,CYRE3,2019-03-27,2020-09-30,0.5003227888960622,0.4709443328215317,-0.0005594328309823102,1.1114321850975837,-0.02295503735390054,0.6178842876469596,-0.760412632397719,252,379,1.0679626748404263,1.4778875761041674
14460,2018,2019,0.9551,CYRE3,2020-03-19,2021-09-27,0.3040816326530611,-0.358146056358497,0.0006819456531104697,1.2313240643384982,0.42530097886451257,0.4353354760284936,1.0062449205798745,252,379,-0.9870884314613676,-0.6739136541648364
15253,2015,2016,0.972,ENGI11,2017-03-23,2018-10-02,0.409090909227686,0.1244810373844427,0.0007752628214183861,0.3811939215404697,0.5231862844665334,-0.08600725671242879,0.199444511910226,252,379,-0.07100889637174759,-0.10595098628795852
15253,2016,2017,0.9402,ENGI11,2018-03-14,2019-09-23,0.4889112542823342,0.2729131991763831,0.0006889748934239078,0.656865834916553,0.20660848350682387,-0.08465797528268626,0.21593802179429009,252,379,-0.03415236609164661,-0.06326113624344143
15253,2017,2018,0.9402,ENGI11,2019-03-21,2020-09-24,0.020289854973885,0.0173642611400555,0.0006877282200175185,0.6435137815319171,0.10769859405169963,-0.24241486769399428,-0.09946755539056809,252,379,-0.20991878869517533,-0.23530735993881613
15253,2018,2019,0.4419,ENGI11,2020-03-18,2021-09-24,0.084893882619603,-0.6085474010647409,0.0006632950814095201,0.7005155700802312,0.0783434396827841,-0.06794262543527455,0.4658922512250716,252,379,-0.7627273846016247,-0.563050859929211
15253,2019,2020,0.7589,ENGI11,2021-04-09,2022-10-13,0.0186306472269557,0.0472684721932384,-0.0011293791079538193,1.0279791438246997,0.2137662320286514,-0.2688580657349801,0.056713000659251805,252,379,0.49815258470827006,0.5786311920637954
15253,2020,2021,0.958,ENGI11,2024-01-22,2025-07-28,-0.0978414363807013,-0.1415036980196781,-0.00022523609011443452,0.9419477686730613,0.14025264994058984,0.2328181036642343,0.13782374453176618,252,379,-0.07895123347905107,-0.11667624992899228
15253,2021,2022,0.9378,ENGI11,2023-03-16,2024-09-18,0.2053526762124371,-0.0877118536076444,-0.00014328488997358396,0.7373748999490781,-0.008726358026573358,0.06371133308850267,0.0212997853932356,252,379,-0.007816097966589206,-0.04355572049918466
15253,2022,2023,0.8377,ENGI11,2024-03-15,2025-09-17,0.0464824121002311,-0.1022595066083622,-0.0003274332659759971,0.9580366285520279,-0.019765155401168702,0.2495581388970865,0.1050901948748206,252,379,0.06162538201755138,0.016791947249115147
17329,2016,2017,0.1425,EGIE3,2018-02-22,2019-09-03,0.4378272252331263,0.2879262891583418,-0.0006469480917153966,0.6589482801619945,0.11862012875062544,-0.16933004855426104,-0.16865305050531426,252,379,0.5688426528016775,0.7106833598664346
17329,2017,2018,0.9375,EGIE3,2019-02-19,2020-08-26,-0.0312359552766873,-0.0616289087275417,0.0011064044011851602,0.5823884884222221,-0.1412661432227188,0.060994194144193874,-0.2727506351786264,252,379,-0.3559482087771329,-0.3279993230742021
17329,2018,2019,0.1336,EGIE3,2020-02-20,2021-08-31,-0.2394166497353961,-0.2760251593115929,-0.0002067296082851468,0.768175341864662,0.041213920000720466,0.014418840164905744,0.1871892374214401,252,379,-0.33390827903943504,-0.3152562498388166
17329,2019,2020,0.9054,EGIE3,2021-04-20,2022-10-24,-0.0562200957362468,-0.0224934350337213,-0.0008639261310475012,0.7647909952075038,0.14760873025664784,-0.3033989664016262,0.025312894696417246,252,379,0.33317626213763396,0.36125703884160854
17329,2020,2021,0.2072,EGIE3,2022-02-14,2023-08-18,0.0315893387987749,0.01833788371819,2.3717715568059508e-05,0.5559184301237221,-0.15829941232898276,-0.027790247042217255,-0.36603603946118396,252,379,0.07563626232413508,0.050987270467399926
17329,2021,2022,0.0935,EGIE3,2023-11-30,2025-06-09,-0.0719540228079059,-0.137674484545775,-6.475441682853947e-05,0.48811260750863106,-0.08721595268953969,-0.0017080500927705855,-0.04159752791412389,252,379,-0.1542794467950785,-0.15954795747269934
17329,2022,2023,0.065,EGIE3,2024-02-27,2025-08-29,-0.0442689638190955,-0.118176903389313,-0.00028714516093213696,0.44905691651286206,0.052566435312717916,-0.06944632961475959,0.00241956735843913,252,379,-0.014661534812612814,-0.04382221471066472
17450,2015,2016,0.2697,RAIL3,2017-02-20,2018-08-31,0.5301075268817204,0.4112642449874581,0.003615163494228223,1.2203994350249099,0.7173879273538568,-0.0941281912665816,0.15857166755742053,252,379,-1.0178324020202743,-0.6640062002311876
17450,2016,2017,0.2308,RAIL3,2018-02-27,2019-09-06,0.6609686609686611,0.4769245013025918,0.00048559818011533764,1.2173316780437657,0.5315717268388065,0.06415573668052388,0.4990179036930556,252,379,0.03924247352829571,-0.020266630476689307
17450,2017,2018,0.1469,RAIL3,2019-02-13,2020-08-20,0.1951731374606506,0.1364778209827661,0.001482465197447293,1.1195358718734028,0.23821456801557706,-0.5085022993782973,0.15322060429676498,252,379,-0.4820574752259833,-0.4275331588201132
17450,2018,2019,0.164,RAIL3,2020-02-13,2021-08-24,-0.2130252100840336,-0.252349571328483,0.00011876814914318435,0.8609692578410564,-0.060870794230368924,-0.1151702270268441,0.30285965035456675,252,379,-0.36597189892613535,-0.3699362924655396
17450,2019,2020,0.091,RAIL3,2021-06-01,2022-12-06,-0.1203747072599531,0.0205693621639557,-0.0010672026039170053,1.1272643157041986,0.03618182377391976,-0.4781366857326338,-0.2620491935239823,252,379,0.8045967923227755,1.1087596308174792
17671,2015,2016,0.7642,VIVT3,2017-02-21,2018-09-03,-0.0348715259570004,-0.1382821140904104,-0.0004609633110363848,0.7392441929462672,-0.1923681386662029,0.12147631688524213,0.20318894604321788,252,379,-0.0036426228645311254,-0.051349013792634235
17671,2016,2017,0.6651,VIVT3,2018-02-21,2019-09-02,0.0536044362292051,-0.1157572344478354,2.8656978575025162e-05,0.4560970844547662,0.20720924711359245,0.0567904216286004,-0.22477143157533258,252,379,-0.04594517186961544,-0.08355348266807627
17671,2017,2018,0.9209,VIVT3,2019-02-20,2020-08-27,0.1383691383691383,0.0961215022714547,-0.0003372986023352236,0.603611668808936,-0.10965652140863771,-0.34721562588450033,-0.19836217868367748,252,379,0.32880188659259546,0.28589612703563727
17671,2018,2019,0.735,VIVT3,2020-02-19,2021-08-30,-0.1638712165027954,-0.1915267809840412,9.666365449609483e-05,0.3747231227935337,0.009307654154363201,0.2928360536989234,0.25103763309346777,252,379,-0.3070986401924734,-0.31582159052540903
17671,2019,2020,0.8651,VIVT3,2021-02-23,2022-08-26,-0.0636222567058301,-0.0382064400246326,-0.00040904879005205467,0.5703605172269395,-0.17265513660214524,0.012413823891374187,-0.1855456955054631,252,379,0.13372420382861416,0.1095497405036403
17671,2020,2021,0.7395,VIVT3,2022-02-22,2023-08-28,-0.1428862617203425,-0.1803485043278658,0.0005742687601828388,0.42662446455154696,-0.13842848927313375,-0.025539947729532414,-0.2529178089897819,252,379,-0.38133513573043376,-0.3379724268810036
17973,2015,2016,0.8377,COGN3,2017-03-22,2018-10-01,-0.127413127442644,-0.3651650388475358,0.0005449535416476632,1.3140101768645938,0.3899695996360878,-0.8893320409360813,0.035092016933108205,252,379,-0.3552501580744765,-0.36172405291750553
17973,2016,2017,0.9774,COGN3,2018-03-16,2019-09-25,-0.2222986926206264,-0.4531307403153831,-0.0005661476137461573,1.1310438598713168,0.06458322749613596,-0.6378401494279804,0.11068065188396353,252,379,-0.04371439340514524,-0.15669252351636775
17973,2017,2018,0.4531,COGN3,2019-06-21,2020-12-28,-0.5768169273122941,-0.7445520894393254,-0.0009196955754556569,1.2731583956585133,-0.09581542475752425,-0.2423147672584478,-0.49053761447905114,252,379,-0.31926105984542874,-0.40765644214165786
18376,2015,2016,0.975,ISAE4,2017-02-23,2018-09-05,-0.1242783348526282,-0.2373931105784176,0.0003866951924090231,0.3409999673682207,0.08754520457055996,0.1847822754626682,0.27193064982213766,252,379,-0.45579388377926244,-0.38559843455353215
18376,2016,2017,0.8778,ISAE4,2018-02-26,2019-09-05,0.4835066864784547,0.3170500914460632,-0.0006396298521785165,0.40160049432430833,-0.07466835291778176,0.20629919128573287,-0.05838269100314325,252,379,0.5223256671313564,0.6207612626317001
18376,2017,2018,0.7107,ISAE4,2019-02-28,2020-09-04,0.1036269430051812,0.0444399526662817,0.0004332551885229942,0.5254280985986173,0.06105150488120215,-0.08612185833786129,0.023034766528137143,252,379,-0.15350393254790343,-0.1716066913530524
18376,2020,2021,0.0805,ISAE4,2022-02-23,2023-08-29,0.0132052821128452,-0.0438979807815242,-8.243074137264923e-05,0.6366339968199217,-0.17714092640569112,0.37930767146771693,-0.11905318682361452,252,379,-0.1355056608923923,-0.1441561130477761
18376,2021,2022,0.0654,ISAE4,2023-02-23,2024-08-28,0.1157136425033769,-0.16080179945853,-0.00048295600312872904,0.503898619813817,-0.03856961638946871,0.27231080908486294,-0.030797965756807405,252,379,0.013673254947004401,-0.023121656538977797
18465,2015,2016,0.9488,UGPA3,2017-02-22,2018-09-04,-0.4117474302496328,-0.5010066541401524,-0.0003815852132138302,0.6007861015013537,-0.15841858576298096,-0.19190442431462879,0.001022290496832376,252,379,-0.407565353976897,-0.3672895822480515
18465,2016,2017,0.9252,UGPA3,2018-02-21,2019-09-02,-0.5772854596384008,-0.7466471303154415,-7.097962209284269e-05,0.8634660383443503,0.12607155056153593,-0.5441477242343709,-0.3486813335602549,252,379,-0.6890766777810333,-0.5394462261952545
18465,2017,2018,0.9189,UGPA3,2019-02-20,2020-08-27,-0.2887182300237703,-0.3309658661214538,-0.0015536534041882069,1.12411533118015,-0.1393725553750758,-0.3787324088578943,-0.7325834810864116,252,379,0.6220117400399593,0.654696700151816
18465,2020,2022,0.6999,UGPA3,2023-02-15,2024-08-22,0.7993897787948132,0.5660575038542883,0.000869221335984026,1.314393484055275,-0.3725131271533556,-0.16023783085462134,-0.4410115824209995,252,379,0.15965439982580815,0.11102425751857203
18465,2022,2023,0.5113,UGPA3,2024-02-28,2025-09-01,-0.3529796987557301,-0.4384742493864646,0.0023820699990487306,0.9215155593078753,-0.052089469009114174,0.19385178036815107,0.13574206507727826,252,379,-1.3383910936316528,-0.7569098345195203
18660,2015,2016,0.9124,CPFE3,2017-03-23,2018-10-02,-0.0671612651308082,-0.3517711369740515,0.0006107875288598697,0.46859278308345265,0.04469721603621829,-0.1984092877779121,-0.3050174059045785,252,379,-0.3187845678889891,-0.2990681385719277
18660,2016,2017,0.4813,CPFE3,2018-03-27,2019-10-04,0.3532786885245904,0.129633704540355,-0.0006048157274699522,0.3645010291101787,-0.04716486753467032,-0.27905937302046635,-0.08101055866950299,252,379,0.49758363561835034,0.5995940841992506
18660,2017,2018,0.5703,CPFE3,2019-03-28,2020-10-01,-0.0965853658536585,-0.1081288793203846,0.0009542202846822154,0.385943688813825,0.10502822346041821,-0.26387952691861,0.04753613065192439,252,379,-0.48600084754230005,-0.4197644301680511
18660,2018,2019,0.9025,CPFE3,2020-03-09,2021-09-15,-0.1835294117647058,-0.5204212823030757,0.00013062502482027208,0.5449187451068251,0.17503441238051226,-0.046670749213535284,0.3625463995237933,252,379,-0.5258076711058024,-0.44622730924383835
18660,2019,2020,0.9289,CPFE3,2021-03-31,2022-10-04,0.1535174227481921,0.1569778285382158,-0.0005132180504418252,0.8714307883990204,0.24441220550278103,-0.42425290953871114,-0.07037721805294048,252,379,0.4507161222496281,0.4814306417472345
18660,2020,2021,0.5917,CPFE3,2022-03-17,2023-09-19,0.1168503937007874,0.0746713629522657,0.0005086285749335683,0.6023548559379084,-0.04150595265052965,0.10198971490418807,-0.33771491147924315,252,379,-0.05116175845389062,-0.09889325699436158
18660,2021,2022,0.6326,CPFE3,2023-03-16,2024-09-18,0.0744985673352436,-0.2185659624848379,0.0004493434017980156,0.9057465586077816,-0.1048763280618831,0.009839291351783325,0.052051977579458064,252,379,-0.38433790352946895,-0.3381179297636704
18660,2022,2023,0.9719,CPFE3,2024-03-21,2025-09-23,0.1511188607962803,0.0085894146577973,-0.0007876879331531667,0.7802961347345705,-0.11637868142542494,0.1587219438162025,0.10373439232600618,252,379,0.36469192234298736,0.3908166034096141
18724,2016,2017,0.9143,BRAP4,2018-03-21,2019-09-30,-0.0195712947474326,-0.2522084245734237,0.00040953449168324807,0.704419017498507,-0.827029506573796,1.1819154708125845,0.4650840207569851,252,379,-0.471030567964195,-0.4396697744861151
18724,2017,2018,0.8307,BRAP4,2019-03-28,2020-10-01,0.4666448665102438,0.4551013530435177,-0.00032127497227702926,0.775524409316995,-0.12278112706481917,0.41070403937252814,0.8949930744053382,252,379,0.17556372617763996,0.07783880571819446
18724,2018,2019,0.3885,BRAP4,2020-03-26,2021-10-04,1.0299989439503534,0.6094150680203856,0.0013294205532352287,1.019661450848742,-0.4287455308014744,0.599323707456004,-0.5985902058243328,252,379,0.06527011747003511,-0.02573363473866319
18724,2019,2020,0.8777,BRAP4,2021-03-25,2022-09-28,-0.1059400883234361,-0.0593580693502326,0.0018200125215425613,0.5524933827322764,-0.530974792905381,0.8796193459896796,0.0531874332624868,252,379,-0.8763455406459668,-0.6172260436746206
18821,2015,2016,0.9292,MOTV3,2017-03-06,2018-09-13,-0.5177777777777778,-0.6435710799058466,-0.00030210865909683667,1.2682030057062466,0.7002048263097443,-0.5998158545119795,0.16083654680103046,252,379,-0.6461431962905247,-0.5010199029549316
18821,2016,2017,0.9179,MOTV3,2018-02-27,2019-09-06,0.294851794071763,0.1108076344056936,-0.0027857517036571325,1.2621722149587442,0.6820660321972538,-0.8536424920407684,-0.07023248299018883,252,379,1.414629798805637,2.8104079530796553
18821,2017,2018,0.9436,MOTV3,2019-03-21,2020-09-24,0.1211382113821137,0.1182126175482842,-6.931623188531503e-05,1.1352690637227418,-0.17758228727295033,-0.38590239981384444,-0.907615918763419,252,379,0.5412415081484853,0.5395606231476708
18821,2018,2019,0.2957,MOTV3,2020-03-05,2021-09-13,-0.2371335504885993,-0.3757433171788721,0.000267056285812633,1.1911866830363311,0.11980886314339666,-0.5088536928368907,0.027990367838949565,252,379,-0.41558553834058853,-0.3935093978085923
18821,2019,2020,0.5605,MOTV3,2021-03-04,2022-09-06,0.1969045571797076,0.2228731043919445,-0.0016965633458959563,1.293694945441767,-0.038378436164266796,-0.2900784289230871,0.1266645089815313,252,379,1.0102009122138362,1.5877339658082632
18821,2020,2021,0.8221,MOTV3,2022-02-24,2023-08-30,0.0322320709105561,-0.021026558055873,0.0012614982043318668,0.9156911298119335,0.03213530555768149,-0.38798885791326343,-0.5867540235028377,252,379,-0.1450663230451302,-0.17579657924020142
18821,2021,2022,0.6657,MOTV3,2023-02-15,2024-08-22,0.1690647482014389,-0.0642675267390859,0.0003525971894665571,1.0167455331875195,-0.008549317799136424,-0.2968350940863867,-0.1665982504131757,252,379,-0.08634915479218916,-0.10652117666175887
18821,2022,2023,0.9375,MOTV3,2024-02-08,2025-08-14,-0.0230141054194507,-0.0864913750341006,9.671886091844697e-07,0.7717139137559437,0.2891813678355968,0.020582578064441165,-0.03236143749586607,252,379,-0.11187488710116729,-0.14213088618799408
19445,2015,2016,0.8349,CSMG3,2017-03-09,2018-09-18,-0.1247297879377432,-0.3372974291770793,0.003554011709814643,0.543653315540785,0.16840208948069846,0.379231353885198,0.22642125472089839,252,379,-1.7616093959267296,-0.8427056750565451
19445,2016,2017,0.7473,CSMG3,2018-02-23,2019-09-04,0.5670772677641831,0.4077561107078062,-0.001118338769740536,0.5926843084199795,0.37149304040179193,0.20339215424294171,0.2153433355742263,252,379,0.6719487329765259,0.8455460333531104
19445,2017,2018,0.792,CSMG3,2019-02-28,2020-09-04,-0.2116222760290556,-0.2708092663679551,0.00045382509457431717,0.7885880889406591,-0.1663954747056438,0.7327746488381236,-0.6337946044475088,252,379,-0.20925722297176327,-0.26014717737346993
19445,2018,2019,0.1308,CSMG3,2020-03-19,2021-09-27,0.1357311627367468,-0.5264965262748114,-0.0011442880914344137,0.7157349232921122,0.14131268823502283,0.5638729187722282,0.4438692789773244,252,379,-0.022031683401885577,-0.11218439817514636
19445,2019,2020,0.9387,CSMG3,2021-04-20,2022-10-24,-0.077106993424985,-0.0433803327224595,-0.0013548508058155721,0.9320763997915671,0.26709290390487717,-0.06469008715161065,0.017477445149502197,252,379,0.5672932528469814,0.6394455805215111
19445,2020,2021,0.1768,CSMG3,2022-06-13,2023-12-15,0.6386831275720164,0.3696830341980401,-0.00017950919686678438,0.8704564783225819,-0.23527181839701067,0.44887697580323904,-0.46624302817907076,252,379,0.32184810815940756,0.2785622764657856
19445,2021,2022,0.8182,CSMG3,2023-03-21,2024-09-23,0.6077275703994762,0.3149474961545373,0.0007927090265235214,0.9997864032121806,0.08819946398906171,0.4581361266283454,-0.11548263455076666,252,379,-0.19857452930770733,-0.23176436009447798
19445,2022,2023,0.2108,CSMG3,2024-03-21,2025-09-23,0.6137566137566137,0.4712271676181307,5.942135424944606e-05,0.6175772057838765,0.1917374375490156,0.12367930783440417,0.08192701684853279,252,379,0.33345644772889294,0.30886241452008556
19550,2017,2018,0.084,NATU3,2019-02-28,2020-09-04,1.044392616820061,0.9852056264811616,0.0018035475634809064,1.0482663384438293,0.32762846278370955,-0.8825944955380971,-0.049272669904236496,252,379,0.1402723978884209,0.009370121308841739
19550,2018,2019,0.1436,NATU3,2020-03-05,2021-09-13,0.2238530362944066,0.0852432696041338,0.0017776917660974887,0.9062008567339064,-0.057421391159662855,-0.2955345765747934,0.5222466063410355,252,379,-0.6506998579628294,-0.5310217478891439
19550,2019,2020,1.0,NATU3,2021-03-31,2022-10-04,-0.6960947237224762,-0.6926343179324524,0.0007375892140165747,1.201360701001597,0.4406974413928263,-0.6098563362513127,0.5713018946801977,252,379,-1.3992699545717049,-0.7994358622181486
19550,2020,2021,1.0,NATU3,2022-03-29,2023-09-29,-0.4607407407407407,-0.4320024675851625,-0.0017312657465616815,0.9391465779862647,0.37687871478710017,-1.0761114280686206,-0.4983664132843483,252,379,0.949087748948106,1.1681216103692633
19550,2021,2022,1.0,NATU3,2023-03-16,2024-09-18,0.0509225092250922,-0.2421420205949893,0.0007524898542457171,1.0025947172339509,-0.1610685920583103,-0.3369356730642649,-1.2979507136182853,252,379,-0.10402523247748552,-0.1894126787733501
19739,2016,2017,0.8077,RENT3,2018-03-14,2019-09-23,0.5669957686872023,0.3509977135812512,0.002411282498000073,0.9349549372236108,0.1735775042417056,-0.7423141953327306,0.2803624327927792,252,379,-0.49068696667208944,-0.4209927316258246
19739,2017,2018,0.611,RENT3,2019-02-21,2020-08-28,0.5441176469734359,0.4903622773736114,0.0015133423146755564,1.546447088977847,0.29402356074588243,-0.9922527929600988,0.29987172941922785,252,379,-0.20683877392875852,-0.2719111271346758
19739,2018,2019,0.9874,RENT3,2020-03-10,2021-09-16,0.3642431466271376,0.1302255352913028,0.0007666409216860289,0.9998010815122803,0.01888902111613272,-0.06141524347501254,0.5839468645206662,252,379,-0.2402391019602263,-0.3213166612295123
19739,2019,2020,0.7781,RENT3,2021-02-25,2022-08-30,0.0395923821595158,0.0558562268093869,0.0006307370426707681,1.3244291858373551,0.3565842078072799,-0.6377145715784438,0.5324141862476384,252,379,-0.11831851835075635,-0.1649542539589559
19739,2020,2021,0.9807,RENT3,2022-02-22,2023-08-28,0.0232808159318023,-0.0141814266757209,0.0008466138850296399,1.1955601704306176,0.20247247960778317,-0.9713911443776271,-0.1519281489898067,252,379,0.22720458546100408,0.20172685998619788
19739,2021,2022,0.7482,RENT3,2023-03-28,2024-09-30,-0.2287869026159377,-0.5315128279474268,0.0009495383765217031,1.2452807813159787,0.32639254044313704,-0.2518307496267534,-0.10724372413902994,252,379,-0.7536142032506059,-0.5547449053541337
19739,2022,2023,0.9431,RENT3,2024-03-12,2025-09-12,-0.2919804762327338,-0.406369033288293,-0.0006583100722520982,1.3413636681686452,0.7297964165190277,-0.3004976746648651,0.054624792659456044,252,379,-0.1737460928900692,-0.2673187328250717
19836,2015,2016,0.3836,CSAN3,2017-02-16,2018-08-29,-0.1313679245283019,-0.28730257778107,0.0007468409152397294,0.9003026846070696,-0.015517421513084925,0.09451312683496443,0.3272260926895135,252,379,-0.6198061386766,-0.4887788970837972
19836,2016,2017,0.1208,CSAN3,2018-03-26,2019-10-03,0.2497058131325018,0.0566331468320449,-0.0004947953215446418,0.9402695523520416,-0.023355894254040173,0.026976179166756202,-0.005595976336217112,252,379,0.30113437911347224,0.26686226487629505
19836,2017,2018,0.0364,CSAN3,2019-02-14,2020-08-21,0.9522248243559716,0.916452679475015,-0.00024372299613401542,1.0077695431579583,0.04236961253295221,-0.22869273100215723,-0.28315286386239835,252,379,0.8547070748472942,1.2059442349818457
19836,2018,2019,0.8012,CSAN3,2020-02-14,2021-08-25,0.0926239419588874,0.0363468777338913,0.0017623375860589515,1.0500661382695848,0.02973537944190381,0.1847045823224464,-0.04412065722888516,252,379,-0.5434315924749753,-0.4647491979650574
19836,2019,2020,0.6366,CSAN3,2021-02-11,2022-08-18,-0.0162037037037037,0.0297893207624669,-0.0001416900524656428,1.0364210852497662,-0.10637375946732408,-0.17110284303989404,0.28254373464723226,252,379,0.12008165481034067,0.07221075133664367
19836,2020,2021,0.7942,CSAN3,2022-02-24,2023-08-30,-0.1126279863481229,-0.1658866153145521,0.00045001906280611986,1.0135753399593763,0.11144509909417821,-0.29240161562218897,-0.14316821728138626,252,379,-0.12776924928025635,-0.15754345529857006
19836,2021,2022,0.7254,CSAN3,2023-02-28,2024-09-02,-0.1248331108144192,-0.4104862956934166,-0.00023394056347005553,1.2249322612664777,-0.247705811446785,-0.4092003294523244,-0.11329348281882315,252,379,-0.12207865047043248,-0.14049536306350696
19836,2022,2023,0.5721,CSAN3,2024-05-29,2025-11-28,-0.5549132947976878,-0.8512677572224112,-0.0008906070279377086,1.623607100407495,-0.04763593801998121,-0.07987326835596961,0.09083243945388036,252,379,-0.5426161525587927,-0.49639233285204554
19992,2015,2016,0.9094,TOTS3,2017-02-22,2018-09-04,0.043600000081744,-0.0456592238087756,-0.0013091312917612205,0.7840519745575163,0.36618913528323294,-0.9754985513989354,0.04207935054399696,252,379,0.5562954569021964,0.6609662668946379
19992,2016,2017,0.8736,TOTS3,2018-02-07,2019-08-21,0.8326599323232324,0.6099234535472797,-0.0001727290515786663,0.4888649522020834,0.4608693223356063,-0.729370459514727,-0.2325447978679866,252,379,0.8123424139494021,1.1003541116107662
19992,2017,2018,0.9355,TOTS3,2019-02-13,2020-08-20,1.5981132075471698,1.5394178910692853,0.00029499511469742554,0.9152180174978799,0.44510164795525,-0.6128660056297295,-0.10794609656999593,252,379,0.9098082624897531,1.2286608704320683
19992,2018,2019,0.8793,TOTS3,2020-02-12,2021-08-23,0.4139030614048347,0.4070671826622518,0.0024654593332650698,0.5208033917885275,0.30343170273469744,-0.5224952499661766,0.30267910536338405,252,379,-0.5236437550352896,-0.47906563660898815
19992,2021,2022,0.8583,TOTS3,2023-02-14,2024-08-21,0.0405495978552279,-0.2247740529110624,0.0017544647406094378,1.111015778779362,0.17387634874358043,-0.9238108107088687,-0.18775876264702168,252,379,-0.5149571618101314,-0.43213246781023296
19992,2022,2023,0.9258,TOTS3,2024-02-07,2025-08-13,0.288888888888889,0.2370426004346462,-1.1515371186632023e-05,1.160875629428084,-0.026371354517628877,-0.13658808129919503,-0.09138991876568098,252,379,0.3763306053440979,0.34886843270167867
19992,2023,2024,0.8729,TOTS3,2025-02-12,2026-08-19,-0.0302571860816943,-0.379589768813304,0.00118418370894532,1.1054594218865077,0.1987033389067022,-0.5654341252838373,-0.46824670683209935,252,346,-0.6865124383430922,-0.5384712214384657
20010,2015,2016,0.3184,EQTL3,2017-09-25,2019-04-12,0.2886378520341273,0.0410470623504639,2.3483791574421413e-05,0.5409566173420952,0.030925411364038688,-0.08119273085452866,0.21244820985953092,252,379,0.11048661915653728,0.08718250668484373
20010,2016,2017,0.9005,EQTL3,2018-03-09,2019-09-18,0.4209205024926488,0.2106600702500816,6.407274041466109e-05,0.5463627065683598,0.051732236183285325,-0.11854195421634466,0.1977185448436813,252,379,0.17512709985399683,0.1574445765344128
20010,2017,2018,0.9131,EQTL3,2019-04-12,2020-10-19,0.3289289799182058,0.266666261210265,0.0003518706531064548,0.7178137145732041,0.09468831371107364,-0.33178295646360134,-0.17394277317840226,252,379,0.16170578565470045,0.11718383448420311
20010,2018,2020,0.4218,EQTL3,2021-03-24,2022-09-27,0.2440532828734227,0.2769615651712737,-0.0006326599229701925,0.867397582162926,0.08793646395617213,-0.09634198848080658,-0.09145560496370966,252,379,0.5289409354045113,0.6245536543854804
20010,2020,2021,0.6839,EQTL3,2022-03-31,2023-10-03,0.1606817578616983,0.2155170263880047,0.0007539371905452439,0.6986087265461769,0.030975849334048268,-0.08061928285153556,-0.1194215704176246,252,379,-0.05553948517080089,-0.08487065058348353
20010,2021,2022,0.2882,EQTL3,2023-03-29,2024-10-01,0.2338995705805993,-0.067720234096601,0.0006248921375522874,0.7026832915599066,-0.11223523397138026,-0.017552267229611812,-0.2027659441369551,252,379,-0.23315279689646876,-0.22681180973139448
20087,2016,2017,0.968,EMBJ3,2018-03-08,2019-09-17,-0.069879518072289,-0.3008894621080384,0.0007836791879150437,0.4460741657885001,-0.505128388222634,0.8508602380254886,-0.7535740560048292,252,379,-0.5642667076185396,-0.47175055308773384
20257,2015,2017,0.682,TAEE11,2018-05-17,2019-11-26,0.4710221285563751,0.1907434457464192,-0.0013115080316475753,0.6837967585744538,0.022737954827081658,-0.12851555546529578,-0.0930394944037563,252,379,0.7324490466495303,1.028690497590619
20257,2017,2018,0.2345,TAEE11,2019-04-11,2020-10-16,0.1197628458498023,0.0822510390476067,0.00022341440103670613,0.5853692467585442,0.012638724377252497,0.1802049443824789,-0.20688963247896291,252,379,0.0033403946108437957,-0.022568424552155464
20257,2018,2019,0.2291,TAEE11,2020-03-12,2021-09-20,0.3031819806936005,-0.1964039389484952,0.0006168483453390095,0.4372926830470475,-0.08945878663167812,0.34427461829024997,0.1808624261322872,252,379,-0.239125742863113,-0.24350932124512137
20257,2022,2023,0.49,TAEE11,2024-03-06,2025-09-08,0.0095293098469535,-0.090566329675142,-0.0007799902245430057,0.4205415972412071,0.1179854380139159,0.02517534105006569,0.03984405158801689,252,379,0.150050346651331,0.14312236109192478
20745,2020,2021,0.9373,SLCE3,2022-03-15,2023-09-15,-0.1219298244865246,-0.2118554205577182,0.0008179691782745403,0.56148190679022,0.1865497745382934,-0.19305153663104993,0.761765214143716,252,379,-0.6827736613291595,-0.5305100218430563
20745,2021,2022,0.8365,SLCE3,2023-03-31,2024-10-03,-0.1333187104752503,-0.4257084507831746,-0.00011093953667416605,0.8212330414543658,0.0012679537288619869,-0.12914542870072843,0.39228472894877486,252,379,-0.3161103503186975,-0.3021097102934379
20745,2022,2023,0.7241,SLCE3,2024-04-12,2025-10-14,-0.1518918914599708,-0.2768413837387703,-0.0010973538572539444,0.6032784173836724,0.20790346801627926,0.05120929427259753,0.20044478244680475,252,379,0.09055284716758007,0.04503197999906727
20788,2015,2016,0.9696,MBRF3,2017-02-23,2018-09-05,-0.0769230769230769,-0.1900378526488663,-0.0004674354098421436,0.6075850959409597,0.0853648769846299,-0.4062208981275005,0.016779145628855227,252,379,0.10449163496001906,-0.011019069009944982
20788,2016,2017,0.0621,MBRF3,2018-03-27,2019-10-04,1.108348134991119,0.8847031510068837,-0.0002758930944131086,1.1201866007302463,-0.03991522783993143,-0.09645691221126901,-0.7974888225961461,252,379,0.8494545157059641,1.024207862961437
20788,2017,2019,1.0,MBRF3,2020-02-19,2021-08-30,0.525090909090909,0.4974353446096633,0.0026084111552353148,0.7854841153038232,0.3617834241059614,-0.3096517509012913,0.30335527385768457,252,379,-0.5096335085066726,-0.48803081272225013
20788,2019,2020,1.0,MBRF3,2021-04-08,2022-10-11,-0.4280198565912851,-0.3985547663389102,0.002352842827251557,0.3050101181802556,-0.031749952498270895,-0.24878619462741877,0.206882275670444,252,379,-1.4016681216129365,-0.783309405318043
20788,2020,2021,0.1985,MBRF3,2022-03-08,2023-09-08,-0.6503505157868168,-0.687309351146691,0.0015683362765220366,0.2047612959029559,0.030154745682989405,-0.29634857950340115,0.30363163341143035,252,379,-1.5850077540731649,-0.8267558980454106
20788,2021,2022,0.6507,MBRF3,2023-03-01,2024-09-03,1.092534380745524,0.8054346562361683,-0.004104528377329357,0.780044889842991,-0.13939222336635376,-0.2632598757773439,-0.13354217069937444,252,379,2.3231969339834797,7.931773904339536
20788,2022,2023,0.649,MBRF3,2024-03-27,2025-09-29,1.12363238512035,0.9776061539061858,0.0003670381600704125,0.897068288095856,-0.1781538411330845,0.3259975452228173,-0.6017963589979525,252,379,0.7712233963687658,0.7375638299189171
20915,2021,2022,0.7933,MRVE3,2023-07-06,2025-01-10,-0.6063418406805878,-0.6185263965316494,-7.52444059342641e-05,1.2127125602509299,0.8942788846520793,0.4625694486930757,-0.49728359442097914,252,379,-0.48035536373349785,-0.4405067180195221
20915,2022,2023,0.9795,MRVE3,2024-02-29,2025-09-02,0.0183727034120735,-0.0693279495563572,-0.0013285615999845085,1.8795495630756451,1.2452395166090384,0.7627502585703869,0.19572536671448051,252,379,0.37897778661254533,0.10878773097251693
20931,2021,2022,0.9714,BEEF3,2023-02-23,2024-08-28,-0.3525423728813559,-0.6290578148432628,0.0009159189012840861,0.7946609149246369,-0.17731718634732382,-0.318628873020404,0.15129703578453918,252,379,-0.7783613783330954,-0.5902852324393362
20931,2022,2023,0.9765,BEEF3,2024-03-25,2025-09-25,0.0063537717809156,-0.1384074919151559,-0.0014929589782847967,0.8036719692215604,0.24091037589933395,-0.7215525292530314,-0.2908139737078995,252,379,0.6823594137891893,0.7106570508574441
20982,2015,2016,0.9097,MULT3,2017-03-09,2018-09-18,-0.1382189239332096,-0.3507865651725457,-0.00025774473986816014,0.892924138977145,0.6701778525147033,-0.4229558344383522,0.17909956652507722,252,379,-0.13900361928107402,-0.15301868045733524
20982,2016,2017,0.9744,MULT3,2018-02-28,2019-09-09,0.0914529914529915,-0.1174077020456652,-0.0009169442370415626,0.9616444731033152,0.4637531724040257,-0.48259337510967937,0.13953757030704514,252,379,0.3660037095321403,0.39595423402300733
20982,2017,2018,0.8914,MULT3,2019-02-21,2020-08-28,-0.1303822937625754,-0.1841376633624,0.00015096503712930698,1.1176998097775575,0.1484500910935754,-0.3847892837799469,-0.35049831951091337,252,379,-0.06905881207721325,-0.1459804320117526
20982,2018,2019,0.4663,MULT3,2020-02-17,2021-08-26,-0.3653614457831325,-0.3949763677624039,-9.36963609776023e-05,1.0455934412465002,0.14329610877791402,-0.15877987369311902,0.378126292529183,252,379,-0.46423473265064424,-0.4443513698814687
20982,2019,2020,0.4639,MULT3,2021-02-11,2022-08-18,0.2220140515222481,0.2680070759884189,-0.0012291532172456242,1.2988255102371058,0.4061020132528346,-0.3820788373564781,-0.1733316537328445,252,379,0.9369862065044399,1.4270357034358296
20982,2020,2021,0.9711,MULT3,2022-02-10,2023-08-16,0.2229477611940298,0.2033323978504622,0.0010637696518058081,1.0531276282470374,0.3425364320641484,-0.24856378010652078,-0.7594775189114931,252,379,0.11050022026939046,0.04750301904422094
20982,2021,2022,0.9526,MULT3,2023-02-09,2024-08-16,0.1405101599654128,-0.0997052684216379,0.0012204652270815827,1.0979269070454203,0.2738819085138884,-0.3478427597318985,-0.06399576800965767,252,379,-0.4476371587494518,-0.3795267415209542
20982,2022,2023,0.6133,MULT3,2024-02-08,2025-08-14,-0.0271559633027522,-0.0906332329174022,1.5999806676003116e-05,0.9962695532572103,0.20934400226994376,5.9002480626318965e-05,0.057879673574602775,252,379,-0.10213638738552605,-0.13943836320593184
20982,2023,2024,0.8632,MULT3,2025-02-06,2026-08-13,0.229559748427673,-0.0942770049694818,-0.0006101759250545335,1.167333476968881,0.4241574512916043,-0.32512144703717966,0.07620458189280005,252,350,0.20601570269564426,0.1653212708080054
21016,2015,2016,0.6235,YDUQ3,2017-03-16,2018-09-25,0.4811794228356336,0.2858809521856087,-0.0001488084297710084,1.2250954985862694,0.6585094509776719,-0.8973089117199787,-0.22093458092032126,252,379,0.6385235732359442,0.6885832464922645
21016,2016,2017,0.0832,YDUQ3,2018-03-15,2019-09-24,0.0583832335329341,-0.1647169852401,0.0020416887924840305,1.2553897998522152,0.44742215470181873,-0.33886421859889543,0.41915580116738566,252,379,-0.8268742103077149,-0.609734881059089
21016,2017,2018,1.0,YDUQ3,2019-03-14,2020-09-17,0.072661870503597,0.0575192814152709,-0.0002717288251208661,1.4401460869676606,0.3387699767997461,-0.8304026290862996,-0.0748765982302132,252,379,0.3135462600493934,0.11717423674300442
21016,2018,2019,1.0,YDUQ3,2020-03-23,2021-09-29,0.1561904761904762,-0.5916071353101116,0.0007576196884986284,1.045252882477091,0.7352747112070559,-0.5011669589061901,0.025732539695724574,252,379,-0.5188861008491451,-0.49714092379482644
21237,2015,2016,0.5416,ENEV3,2017-09-18,2019-04-05,0.2926666666666666,0.0147663368750521,-1.2805046994707452e-05,0.11122064435851176,-0.039213182911201364,0.12200988265773945,0.37443421082255823,252,379,0.08027875783181465,0.023995082781808064
21237,2016,2017,0.1837,ENEV3,2018-03-14,2019-09-23,1.0925240562546263,0.8765260011486753,-0.0003958577345582548,0.15617043611339837,-0.16837136805020841,-0.013784641898674552,0.4305505041106489,252,379,0.7692242686433753,1.0715227255033075
21237,2017,2018,0.2322,ENEV3,2019-03-20,2020-09-23,1.8110021786492367,1.834528471682474,0.001209735696788013,0.42725055118211597,0.047467525729775584,-0.2303274978705818,-0.03480258234563343,252,379,0.6151758838107786,0.690682156878345
21237,2018,2019,0.1301,ENEV3,2020-04-13,2021-10-20,0.6899626114466493,0.2846822452374822,0.002584316963720896,0.854714714790348,0.3354775106496982,-0.2063276796892189,0.4573757158782198,252,379,-0.8851545179824044,-0.6159524548943593
21237,2019,2020,0.1918,ENEV3,2021-03-10,2022-09-13,0.0001575547502756,0.0177368392270313,0.000920576985541104,0.8107578420349876,0.1787690158033056,-0.1336909569341719,0.4639826419906674,252,379,-0.4305913515624716,-0.39499878928580556
21237,2020,2021,0.9457,ENEV3,2022-03-21,2023-09-21,-0.1127707244212098,-0.1126891090076741,-0.0002177110574470832,0.9884408768604038,0.21528644502214195,-0.8036886597183928,-0.1692058263620853,252,379,0.3309678037599067,0.31605141158470684
21350,2015,2016,0.823,DIRR3,2017-03-20,2018-09-27,0.1606837605128204,-0.0722821031703189,-0.0018956764692753124,0.8355234697880194,0.6532888536859947,0.35658746553385706,0.12623889138687386,252,379,0.772095484324167,1.0436563284320077
21350,2016,2017,0.0777,DIRR3,2018-03-26,2019-10-03,1.0081300814634149,0.8150574151629577,-0.0009595266753286811,0.9496227977979513,0.9397987968214738,0.32247407587184884,0.1657787668779236,252,379,0.8340557336115102,1.1662535925126898
21431,2015,2016,0.8202,HYPE3,2017-02-17,2018-08-30,0.0150458715596331,-0.1127160747706281,-0.0002974782954193307,0.5710381975292006,0.11691958352246717,-0.04669503728098104,0.34405286777524446,252,379,-0.07053121793028835,-0.10384448876799102
21431,2016,2017,0.4723,HYPE3,2018-02-23,2019-09-04,-0.0992965367965369,-0.2586176938529138,0.00028818167316353266,0.699548053788398,0.21858628124180135,-0.23851248880063836,-0.25862265110045457,252,379,-0.22058106853813175,-0.23847596405885907
21431,2017,2018,0.9185,HYPE3,2019-02-21,2020-08-28,0.1640138408304499,0.1102584712306253,-0.0007832211324123975,0.6695558704210798,0.0819039693534956,-0.4534655015815944,-0.27528521905734094,252,379,0.529335946315884,0.5581146216229063
21431,2018,2019,0.9186,HYPE3,2020-03-06,2021-09-14,-0.121655729429581,-0.3072106206775271,0.0013356092174995763,0.8471128561724748,0.1338470562291662,-0.39902401017958333,0.07376016753854867,252,379,-0.7325083598228375,-0.5547416542983021
21431,2019,2020,0.9203,HYPE3,2021-02-26,2022-08-31,0.3139109212934716,0.3185666145595428,4.061348905243711e-05,0.9375667655485607,0.2813985726864387,-0.4881308268275105,-0.00345722694077924,252,379,0.374566253578293,0.3863005607522425
21431,2020,2021,0.9451,HYPE3,2022-02-24,2023-08-30,0.2178582387235348,0.1645996097571056,0.00039966868795593283,0.7847021794903988,0.05559735599452213,-0.3510855051607952,-0.32349807848133416,252,379,0.2433860570068198,0.2155723137674066
21431,2021,2022,0.9345,HYPE3,2023-02-16,2024-08-23,-0.3302395855816965,-0.5637002836659314,0.0015281198466958541,0.7500840904320389,0.15135800279421097,-0.24463476228170422,0.106723167873262,252,379,-1.0601630961575825,-0.6720607358005654
21431,2022,2023,0.9636,HYPE3,2024-03-13,2025-09-15,-0.3246180963572268,-0.446022748715455,-0.0009913950319910877,1.0322047301784043,0.2111727137965526,-0.39324269991294847,-0.14451838622621216,252,379,-0.013033347476963608,-0.09591342154565485
21881,2018,2019,0.8966,FLRY3,2020-02-19,2021-08-30,-0.25726789608814,-0.2849234605693858,0.0005800456278500573,1.025222996067284,0.4732815184770666,-0.3946948201890774,-0.10417866224398531,252,379,-0.44872203257969623,-0.4002722114847381
21881,2021,2022,0.984,FLRY3,2023-03-16,2024-09-18,0.175235849333782,-0.1178286804862995,0.00015117698786799188,0.6467369884614074,0.13994873771071306,-0.3901822544776946,-0.1960057985468307,252,379,0.06301886643047243,0.03676819337118964
21881,2022,2023,0.9081,FLRY3,2024-03-07,2025-09-09,0.0089456869009583,-0.0945181967778019,0.0003000570986444284,0.8376410377308531,0.14421140633159002,-0.28177144800172815,-0.36608185561213014,252,379,-0.10987380839788058,-0.15066636073168682
22187,2019,2020,0.0047,PRIO3,2021-03-02,2022-09-02,0.6195867865063616,0.6256434586538819,0.0034601375113943074,1.582992093737034,0.026409938840486813,0.41653013527481597,1.0869829661122934,252,379,-1.0858701598414746,-0.7108684588459474
22349,2015,2016,0.9741,AZZA3,2017-03-08,2018-09-17,0.2540192926045015,0.0675050883689576,0.0010441075330266155,0.7969095145851627,0.661938014224262,-0.919783580092664,-0.18887691297092202,252,379,-0.018571233452003164,-0.1078430046946589
22349,2016,2017,0.8934,AZZA3,2018-03-07,2019-09-16,-0.0937969924812029,-0.3066666030670992,0.0011807582064219133,1.203347544384271,0.9814081831270101,-0.9544059437651768,0.0858325021230765,252,379,-0.5609592471562205,-0.4661476095102174
22349,2017,2018,0.8558,AZZA3,2019-02-20,2020-08-27,0.0106971597196605,-0.0315504763780229,9.541920324033582e-05,1.2537952088169275,0.45392933581985384,-0.4779974755451809,0.45377258819972055,252,379,-0.22517391653367214,-0.27170804712344987
22349,2018,2019,0.928,AZZA3,2020-05-08,2021-11-16,0.766906474820144,0.466142676648251,-0.0007712733897068096,0.8181031047524373,0.24533251568845466,-0.05753845326132706,0.7838542423638961,252,379,0.4291203850069031,0.39830998786396044
22349,2019,2021,0.866,AZZA3,2022-03-11,2023-09-13,-0.0672366886902448,-0.1250893642992848,0.0005070729952610428,0.9945887703035868,0.7902844668898487,-0.9463902574361881,-0.11514035270554823,252,379,0.07050111249708874,0.009242081667283797
22349,2021,2022,0.9572,AZZA3,2023-04-17,2024-10-17,-0.3951017999409856,-0.6288195135582273,0.0002211909948709491,1.0294601214779242,0.3936129458999597,-0.689993926233061,-0.12547415846504462,252,379,-0.5185432727642376,-0.4439177344372507
22349,2022,2023,0.9697,AZZA3,2024-03-07,2025-09-09,-0.4645776566757492,-0.5680415403545095,-0.00046781467461271247,1.5017878399967008,1.2251823354880094,-1.0479884447808827,-0.14938901477785008,252,379,-0.5093018172840802,-0.5190982485211424
22357,2015,2016,0.7614,ALOS3,2017-03-06,2018-09-13,-0.0543627227044313,-0.1801560248325001,0.00019504915961527476,0.4639108307819848,0.28245659331863227,0.056454433312918925,0.06406013900498164,252,379,-0.209509038275293,-0.2195516109151321
22357,2016,2017,0.9295,ALOS3,2018-03-13,2019-09-20,0.6108786610878663,0.3974873601223152,-0.00033607621048226187,0.44702503329788196,0.38426569030122304,-0.032288094762920716,-0.06756494403802585,252,379,0.5199185164016179,0.6163815855946253
22357,2017,2018,0.9683,ALOS3,2019-04-08,2020-10-13,-0.144406779661017,-0.1560483352274589,0.0003597159692137467,0.4156298471068624,0.23853554464568405,0.20578225772001224,-0.37793438775749966,252,379,-0.01216145605779817,-0.1866404342996283
22357,2022,2023,0.6063,ALOS3,2024-03-20,2025-09-22,0.0088459991958183,-0.1149444445166729,0.0003670998612294636,1.1677984894132607,0.5953608014085834,-0.0497905186514718,0.1102458944821621,252,379,-0.3257920363163274,-0.32148440932431566
23264,2015,2016,0.9473,ABEV3,2018-07-05,2020-01-17,0.0163043478260869,-0.5728765657407071,-5.734204621836665e-05,0.6224113605708326,0.038943247084458885,-0.34185382812301546,-0.14607414604501312,252,379,-0.16647059042151463,-0.18548362985155364
23264,2016,2017,0.9997,ABEV3,2018-07-05,2020-01-17,0.0163043478260869,-0.5728765657407071,-5.734204621836665e-05,0.6224113605708326,0.038943247084458885,-0.34185382812301546,-0.14607414604501312,252,379,-0.16647059042151463,-0.18548362985155364
23264,2017,2018,0.9479,ABEV3,2019-02-28,2020-09-04,-0.2687173534532792,-0.3279043437921787,-0.0008369450507690198,0.6338489831598726,-0.05099612980259789,-0.48591090345213894,-0.10693392704884475,252,379,-0.025264992900351196,-0.0802019946381265
23264,2018,2019,0.9186,ABEV3,2020-02-27,2021-09-03,0.1420689655172413,0.0066128973121404,-0.0007338945903869491,0.8322521378056542,0.07323147116414953,-0.4508422985286374,-0.13870882704082677,252,379,0.3539511102515912,0.33675875026507973
23264,2019,2020,0.7863,ABEV3,2021-02-25,2022-08-30,0.0860973888496825,0.1023612334995536,0.00018287312330786713,0.9186892608753121,0.1164098714392042,-0.49207275355868885,-0.481973271684466,252,379,0.307165835621827,0.28990220856599214
23264,2022,2023,0.9677,ABEV3,2024-02-29,2025-09-02,-0.0333863275039745,-0.1210869804724052,-0.0006106965654991572,0.7709388734909413,-0.1730220446846055,0.008053380769277484,0.07165447824795407,252,379,0.11583997431378104,0.079647512691144
24260,2020,2021,0.6709,SMFT3,2022-03-17,2023-09-19,0.0932642486721659,0.0510852179236442,1.835698478807685e-05,0.9058326708350933,1.0478562325445016,-0.8655247076699751,-0.07724384946980706,167,379,0.3988282956431045,0.3479000196776061
24260,2021,2022,0.612,SMFT3,2023-05-30,2024-11-29,0.0144766146542987,-0.1387880930283829,0.0013560360098528856,1.253049024230898,0.7810664721521418,-0.16615058095969792,-0.3965136125945789,252,379,-0.4262672761543901,-0.38032069820626835
24260,2022,2023,0.167,SMFT3,2024-03-14,2025-09-16,0.0209994005649261,-0.1072156033230065,0.001404345782744944,1.332734983851624,1.2502071743590917,-0.3492856692500064,0.054009073636730465,252,379,-0.767905382721315,-0.6010168088648398
24295,2020,2021,0.1877,VBBR3,2022-03-22,2023-09-22,-0.2215295096338162,-0.2107528940879982,0.000701206870083548,0.9795528286448234,0.2875444656485196,-0.3495330958140156,-0.250708373973176,252,379,-0.22513816334870612,-0.2446350501303569
24295,2021,2022,0.3383,VBBR3,2023-03-21,2024-09-23,0.6687719290470646,0.3759918548021257,-0.000498265696753695,1.1367290767708202,-0.02291919899889322,-0.29763220867442475,-0.3171863805302646,252,379,0.6082420483999085,0.7389192997254677
24392,2020,2021,0.8286,HAPV3,2022-03-23,2023-09-25,-0.634390651085142,-0.621341402736763,-4.095844764358031e-05,1.046806413870304,0.008336649147243434,-1.0454926700024991,-0.3747900927777176,252,379,0.03758612778831566,-0.2835081343563861
24716,2020,2021,0.9148,VAMO3,2022-02-17,2023-08-23,0.0132560063409832,-0.0273162800139472,0.0024422443236012887,0.8959467838869108,1.024009070676716,-1.487887467386395,0.22636364257151909,252,379,-0.41277448416070484,-0.39812747537573556
24805,2019,2020,0.5611,VIVA3,2021-03-17,2022-09-20,0.107399577167019,0.1419988854090835,-0.0002965489372114072,1.4939339398628748,0.8625885766994139,-0.7091533471547655,0.616039322344158,252,379,0.15575813607643457,0.08412959207683057
24805,2020,2021,0.9383,VIVA3,2022-03-17,2023-09-19,0.0879741727199354,0.0457951419714137,0.0007883957841713382,0.8420502095313017,0.8010001566589401,-0.5465024551299054,-0.414584422362126,252,379,0.045608329852640794,-0.00573321553070727
24805,2021,2022,0.8757,VIVA3,2023-03-16,2024-09-18,0.290017985611511,-0.0030465442085705,0.0006048266449176418,1.0262001746953449,0.6156531085075635,-0.4134591125712085,-0.28683338048961377,252,379,-0.017170212758375936,-0.07019354209306616
24805,2022,2023,0.9496,VIVA3,2024-03-20,2025-09-22,0.0784753363228698,-0.0453151073896214,0.0008928098194359038,1.2286842027964688,1.1048109352362008,-0.8654003179115334,-0.03238582882838616,252,379,-0.39407366469028693,-0.41551269999510465
24821,2020,2021,0.9293,RDOR3,2022-03-29,2023-09-29,-0.5066019417475729,-0.4778636685919947,-0.0005471315551123768,0.6457933507607001,0.2834435016381985,-0.4928487985386055,-0.09839924349461691,252,379,-0.2093120514245766,-0.26032366475322377
24821,2021,2022,0.8761,RDOR3,2023-03-27,2024-09-27,0.4990485252140819,0.1673566008156117,-0.0013622465469629258,1.180908573954249,0.15809177985448614,-0.568185778856479,-0.4433012776034438,252,379,0.8812850454950316,1.2758489002364954
24821,2022,2023,0.6944,RDOR3,2024-03-26,2025-09-26,0.5982939123691353,0.4518080412303276,0.0002734858444255797,1.5412278590876938,-0.004627190951112026,-0.2902167449729126,-0.24334124698315168,252,379,0.3948221623816557,0.3655290989819935
24929,2018,2019,0.8744,TIMS3,2020-03-06,2021-09-14,-0.252605763335377,-0.4381606545833231,0.0010690745486572105,0.6984978787666092,-0.16610574047599871,0.3087847177453014,0.02059056062592131,252,379,-0.7801174139433691,-0.5744088665565401
24929,2019,2020,0.6891,TIMS3,2021-02-09,2022-08-16,-0.0833333333333333,-0.0334533702090366,-0.0007293598417059431,0.7682930265709542,0.07251953945560705,-0.09306542397737129,-0.04434715512814001,252,379,0.2555026412575567,0.24363895156925808
24929,2020,2021,0.7921,TIMS3,2022-02-25,2023-08-31,0.05878030859662,0.0358014733388898,0.0004951567995966633,0.6908687717919977,-0.09360192602532887,-0.12925230880294514,-0.32061425324424614,252,379,-0.006923929239783997,-0.04700734554683461
24929,2021,2022,0.8431,TIMS3,2023-02-09,2024-08-16,0.6919518963922293,0.4517364680051785,-0.0007870762858136265,0.5106560117165846,-0.010571741405316526,-0.04857331185973918,0.009157960521536793,252,379,0.6504861533295458,0.8486889895941327
24929,2022,2023,0.8808,TIMS3,2024-02-06,2025-08-12,0.217199558985667,0.1597115806798861,0.0010447730334688329,0.584891999005926,0.0933601265317332,0.05851300084235045,0.17254476926939794,252,379,-0.28741513032297433,-0.2913466344684392
24929,2023,2024,0.9054,TIMS3,2025-02-10,2026-08-17,0.1465571699305115,-0.181635598812728,-0.0006273626032221033,0.9611198085442545,0.20635104642921795,0.21419924104144875,0.2518249902212025,252,348,0.33589910395147177,0.3097031692763359
25100,2019,2020,0.9358,CURY3,2021-03-22,2022-09-23,0.2299465240641711,0.2583244363169105,-0.0005251376512102287,0.6841027708308602,0.5749318377414696,-0.3237593261415464,0.012975170227999211,120,379,0.49774927126561774,0.48478346555811913
25100,2022,2023,0.3666,CURY3,2024-03-11,2025-09-11,0.6901480347115876,0.5551432822291806,0.0008119124342816897,1.4236995586936274,0.9930670932950354,-0.16467720935048433,0.34697181321111664,252,379,-0.025278219905020757,-0.1529456698394871
25291,2020,2021,0.8863,BRAV3,2022-02-22,2023-08-28,-0.11869331505468,-0.1561555576622033,-3.257345052951185e-05,1.3377554560841478,0.2721230913581529,0.29975978158933314,0.5761902605639968,252,379,-0.3130165593387778,-0.3903817618198442
25372,2021,2022,0.2003,ASAI3,2023-02-15,2024-08-22,-0.4927159209157128,-0.7260481958562377,0.0022693171535688663,0.5055916019137664,0.17445258082682608,-0.557357960648075,-0.14947757675994103,252,379,-1.3865622391900996,-0.7765734185974148
25372,2022,2023,0.0534,ASAI3,2024-02-21,2025-08-25,-0.2995810055865923,-0.3610552259259899,-0.0008906850144557723,1.272707419702406,0.18909159325878316,-0.5362884540350125,-0.37274373225194957,252,379,0.20001534481848915,0.06780667438327637
25585,2021,2022,0.4727,CMIN3,2023-03-08,2024-09-10,0.1692913385826773,-0.0914480697464883,-0.0002498663066690847,1.1585021924572447,-0.1445909353611534,0.02960092142788874,-0.13393116270632724,252,379,0.0691893688735849,-0.0028393939683951652
25585,2022,2023,0.4411,CMIN3,2024-03-06,2025-09-08,-0.134003350083752,-0.2340989896058476,0.0003114243020372949,1.2026740324165854,-0.46029078132414036,0.10567497820470445,-0.17625594622922017,252,379,-0.08023990800200956,-0.186858332765932
25780,2021,2022,0.6081,RECV3,2023-03-22,2024-09-24,-0.1111643507426928,-0.4298126170726889,0.0005143973241414897,1.0644616340813815,0.4017849639747728,-0.728054033770587,0.5925209798322821,252,379,-0.34933962486520836,-0.3659236629345761
26620,2022,2023,0.5027,AURE3,2024-02-09,2025-08-15,-0.2328450269853509,-0.2977934709305899,-0.001557605902256596,0.3352844519914219,-0.0007252469589835685,0.2938346085188099,0.04273064188164951,252,379,0.21072497713720278,0.18472121752828907
2577,2015,2016,0.0291,CESP6,2017-03-24,2018-10-03,-0.2281181619256018,-0.5322447624379913,-0.0003903385222891109,0.7142041207714271,0.046428290164576266,0.10202446217795688,-0.15188313825949645,252,379,-0.21736874794972078,-0.24204322254502209
2577,2016,2017,0.2346,CESP6,2018-03-21,2019-09-30,0.7845961177207263,0.5519589878947353,-0.001351889261980678,0.7006445044894954,0.42847524701834167,0.31561240599789797,0.13176300640259886,252,379,0.8647188011238763,1.2209682258935777
2577,2017,2018,1.0,CESP6,2019-03-22,2020-09-25,0.1963414634146341,0.1615174939645398,0.0020734165252725843,0.6650315554191641,0.1964791866534573,-0.41055057314511234,-0.3187471636399396,252,379,-0.5307867466761587,-0.4421942156455355
2577,2018,2019,0.1036,CESP6,2020-02-17,2021-08-26,-0.3196650303205314,-0.3492799522998028,0.0008304886088635006,0.3896136950561621,0.06477568095196386,0.27751955373908554,0.19903783806856773,252,379,-0.7435857591920669,-0.5520636523859056
6505,2015,2016,0.8064,BHIA3,2017-02-23,2018-09-06,0.2045454545454545,0.0718084919658221,0.0036192168423166086,0.8360045079782954,-0.24574995627872614,0.6996340592649251,0.24959172903317728,252,379,-1.2324464150725507,-0.7608080890605686
6505,2016,2017,0.9089,BHIA3,2018-02-19,2019-08-29,-0.0555555555555555,-0.2410867173735937,0.0027021694449192663,0.8754152872573424,0.7246144947530023,-0.040583466706446705,-0.3318108603889879,252,379,-0.9611256387912088,-0.6947517186779252
6505,2017,2018,0.8392,BHIA3,2019-02-20,2020-08-27,2.907869481765835,2.8656218456681515,-0.0016563521103596195,1.3108299441092,-0.03319572166923085,-0.0748783639472727,-0.25271385120103296,252,379,2.3846961830208575,7.202815259707304
6505,2018,2019,0.7976,BHIA3,2020-03-26,2021-10-04,0.3508771929824561,-0.0697066829475117,0.002716298964453764,1.4790955478891488,0.7763699423402095,0.5891770212663942,0.9588444269709742,252,379,-1.7520475100652337,-0.8569795464098888
6505,2021,2022,1.0,BHIA3,2023-03-09,2024-09-11,-0.8769072164948454,-1.1586738929739069,0.001158362768724389,0.9644315405680343,0.3179269635087651,-0.7038163599157484,-1.7651008228627365,252,379,-1.807186920275668,-0.8887610867940698
6505,2022,2023,0.3136,BHIA3,2024-03-25,2025-09-25,-0.353030303030303,-0.4977915667263746,-0.009103288313435253,1.2002608473851866,0.5944653259500264,1.155714428137749,-1.453376229552275,252,379,3.403643045990302,16.50067762947302
10456,2015,2016,0.7823,ALPA4,2017-03-22,2018-10-01,-0.026677445432498,-0.2644293568373899,0.0011832062271671137,0.7102168119995119,0.6199975111739937,-0.7229902578643719,-0.20742278211671514,252,379,-0.3682954678799971,-0.35028160811858744
10456,2016,2017,0.9194,ALPA4,2018-02-09,2019-08-23,0.8549402139710509,0.6476588855937098,0.00023009266213144136,0.9096984366409694,0.6470507059527963,-0.7998432523033148,0.28134287297028643,252,379,0.6049585925951736,0.7099276483543051
10456,2017,2019,0.8301,ALPA4,2020-02-07,2021-08-18,0.6521865044888502,0.626939845211341,0.0015198320107476125,0.8189355632774441,0.4995444603742252,-0.9437811692324662,1.015476439050988,252,379,-0.31393919598756237,-0.36302762858480786
11312,2015,2016,0.8664,OIBR3,2017-03-22,2018-10-01,-0.4578313254189923,-0.6955832368238841,0.003728671793454464,0.4954861333539725,1.3861678757140545,0.5145477289564772,-0.30735799339292685,252,379,-1.851262686349782,-0.8791582525400521
11312,2016,2017,0.2362,OIBR3,2018-04-12,2019-10-21,-0.6658819242818059,-0.9067283640297892,-0.0007563763959148324,0.46918986381513905,1.0301376872244776,0.3718594880314443,0.38455297681319284,252,379,-0.8342566726804779,-0.6910331927799054
11312,2017,2018,0.4508,OIBR3,2019-03-26,2020-09-29,-0.0773480662983425,-0.0592332031647283,-0.0018876515986915312,0.9130786883318911,0.6553137684044156,0.007027777590205592,-1.0964149421140825,252,379,1.3870708597903159,1.6915702350232094
11312,2018,2019,0.1664,OIBR3,2020-03-25,2021-10-01,0.9230769230769232,0.4168561045306831,-0.002239822283469564,0.866093611517817,0.26379943469876477,1.4096283323713341,-0.6433910620980178,252,379,1.3332602908442213,1.9549603976405892
11312,2019,2020,0.71,OIBR3,2021-05-10,2022-11-11,-0.8857142857142857,-0.8065114571789426,0.0028814028374416836,0.9675263656975379,0.18222279623900275,0.7697087960666598,-0.16792384991814563,252,379,-3.0328763656721476,-0.963277271066153
11312,2020,2021,1.0,OIBR3,2022-05-05,2023-11-07,-0.9144736842105264,-1.0470787590893131,-0.0022697605640801,0.8861462885913849,0.38456718230595077,0.6467310647334442,-0.5387630956110105,252,379,-1.1604789810883087,-0.8391509538346001
11312,2021,2022,0.71,OIBR3,2023-05-22,2024-11-21,-0.879067358008575,-1.0306735370188418,-0.005051650139176848,1.3359545742117165,1.8318497798312654,-0.7374482174755828,0.5940371309399783,252,379,0.6134002569601072,-0.24084274218030344
11312,2022,2023,0.9422,OIBR3,2024-03-27,2025-09-29,-0.9213349477183156,-1.06736117893248,-0.0006496964470322807,0.5697200574328272,1.2720267929006328,-1.1533046772243,-0.1430284028237609,252,379,-1.6449711790558155,-0.9295554220344295
14826,2021,2022,0.9388,PCAR3,2023-02-27,2024-08-30,-0.4027276622397375,-0.6892914604424798,0.00016763301734356944,1.0611479934401062,0.16699427047365947,-0.13071189515021595,-0.26526893833380344,252,379,-0.5153663655636918,-0.5328618924983004
16101,2015,2016,0.8999,GFSA3,2017-05-09,2018-11-16,0.0270228732961961,-0.3084988793544327,-0.0034203821024985106,1.1742663078029008,0.9573476207667225,0.46543459761283823,-0.24240625988766093,252,379,1.0562231400203128,1.4481435338809394
16101,2016,2017,0.9183,GFSA3,2018-03-09,2019-09-18,-0.4231200425982481,-0.6333804748408153,-0.0021770350495382,0.7071416886255188,1.386657786702628,0.9292037341578734,-0.9467825118757744,252,379,0.09357488353774546,-0.09347574072536968
16101,2017,2018,0.9154,GFSA3,2019-04-03,2020-10-07,-0.389142283430793,-0.4000933236727281,-0.0006015569467202754,0.42079845702758023,0.18309178416707794,-0.036394072201007224,-0.4147300875089697,252,379,0.19346713715629815,-0.1629196605532227
16101,2018,2019,0.9202,GFSA3,2020-03-26,2021-10-04,-0.2232502822501463,-0.6438341581801141,-0.0013793285108175146,1.2455237337172385,1.2786506235348964,0.6083541719303618,-0.022689288437497374,252,379,-0.2534506158642582,-0.3414260060005011
16101,2019,2020,0.9196,GFSA3,2021-03-16,2022-09-19,-0.7474332649488638,-0.7281830151215984,0.0007498582324797875,1.1961178185036068,1.5537333905997548,0.32216752343367316,0.17678365742099356,252,379,-1.8584368236952102,-0.8602574283430939
16101,2020,2021,0.9174,GFSA3,2022-03-21,2023-09-21,-0.7389357614009313,-0.7388541459873956,-0.003393768259031338,1.177266748366233,1.0947192997408122,0.14044427989871255,-0.8770026337549801,252,379,0.8103039253389074,0.16795927852474324
16101,2021,2022,0.8848,GFSA3,2023-03-29,2024-10-01,-0.5681272454335136,-0.8697470501107138,0.00024772258831177183,0.1542980650510784,0.8933596808827277,2.4420088087673664,-2.1499396930489905,252,379,-1.0560736310965655,-0.814457298382778
16101,2022,2023,0.8787,GFSA3,2024-03-26,2025-09-26,-0.919859813084112,-1.0663456842229198,0.0008124323448400526,0.419749893346589,0.7897130984853353,1.2159888947351831,-1.248567821925389,252,379,-2.735685510646787,-0.9572266093056176
16292,2018,2019,0.1162,BRFS3,2020-03-03,2021-09-09,-0.1040152963671128,-0.1970987712778313,0.0006795192903352248,0.647093898838494,0.2202204203175091,-0.007088912173654899,-0.15453144528658228,252,379,-0.26184344232958273,-0.34037504207695823
16306,2015,2016,0.2014,RSID3,2017-03-23,2018-10-02,-0.5013123359580052,-0.7859222078012484,-9.851979457075775e-05,0.36391727369412935,1.0964091482104383,1.7313338202507123,0.17095038779009983,252,379,-0.7423161539966524,-0.610614675718117
16306,2016,2017,0.1027,RSID3,2018-03-26,2019-10-03,-0.3859374999999999,-0.5790101663004569,-0.0017633820027078686,1.2026809843024506,0.8518014047961278,0.4628649420135277,0.24581348506393189,252,379,-0.008298442990917393,-0.15624775836636617
16306,2020,2021,0.073,RSID3,2022-03-16,2023-09-18,-0.5229813664596275,-0.5875626198801496,5.611042488053237e-05,0.9686540808882488,0.45951584179069305,0.1820824816894024,-0.22427268221220636,252,379,-0.6285516536261154,-0.6002575789687903
16306,2021,2022,0.3716,RSID3,2023-09-29,2025-04-08,-0.3376288659793814,-0.4008271609760773,0.0015746610050253616,0.9292320440169906,0.8386415183130346,-0.07265475695587267,0.11935071948344367,252,379,-0.8893960125388671,-0.6664412791005466
16306,2022,2023,0.7235,RSID3,2024-06-24,2025-12-30,-0.6841121495327103,-0.9979523654023794,0.0014297214250962112,0.5415006007144787,0.1477375201205312,0.1033615444463842,-0.7107219581415812,252,379,-1.7234429785319618,-0.8544295262696877
17892,2015,2016,0.8233,STBP3,2017-02-15,2018-08-28,0.4540816326530612,0.3143608682256007,-0.002907167975800557,0.06123607280546653,0.024417233895910676,-0.34418639399890794,0.663884090070491,120,379,1.374081469186196,2.326171050652152
17892,2016,2017,0.8603,STBP3,2018-06-18,2019-12-27,2.42436974789916,1.755180452173172,0.0005069055084360286,0.9549003279344455,0.5550132883421112,0.15739790616474425,-0.2601835573269761,252,379,0.5202940192895644,0.5419848189640117
17892,2017,2018,0.653,STBP3,2019-02-21,2020-08-28,0.2785714285714284,0.2248160589716039,0.0005783218819849471,0.968119726714326,0.2035007900595508,-0.2020221773776299,-0.07408255785257176,252,379,0.11122290144757066,-0.03498874003296604
17892,2018,2019,0.839,STBP3,2020-03-05,2021-09-13,0.3094017094017094,0.1707919427114366,0.00012333218055633673,0.920635590194466,0.6386057606577606,0.18392206902391134,0.9474372158357749,252,379,-0.03655931391173056,-0.16923487591184927
17892,2019,2020,0.8436,STBP3,2021-03-08,2022-09-09,0.5924528301886791,0.5771847181157841,0.0002840953858381758,1.147959166797762,0.9876067589977244,-0.296392641535899,0.508967096846136,252,379,0.18946077864717428,0.08531345565025661
17892,2020,2021,0.9561,STBP3,2022-03-10,2023-09-12,0.3625730994152047,0.3246981086420315,0.0010070110819938812,1.2360115327619974,0.7455043485147677,-0.1680703485200989,-0.48496477021128925,252,379,0.16285021320312607,0.058490025434376536
17892,2021,2022,0.9587,STBP3,2023-11-29,2025-06-06,0.6375598086124403,0.558802549504493,0.00014755940931171385,0.7864047748019374,1.128463303028853,-0.6592382483132894,0.2953632146195705,252,379,0.44595509478964285,0.4450043689842569
17892,2022,2023,0.8345,STBP3,2024-03-20,2025-09-22,0.2188295165394402,0.095039072826949,0.0017707138734771222,0.6861889218833541,0.8696312403895587,-0.669586604044843,0.03984083733411026,252,379,-0.7066507359468719,-0.5565553337350093
18627,2021,2022,0.9868,SAPR11,2023-02-16,2024-08-23,0.6739757645701099,0.440515066485875,-0.0004761723033393241,0.7167207818313617,-0.043110511385072034,0.41145048521877714,-0.09610772544260845,252,379,0.3642976736248075,0.3851599430658823
18627,2022,2023,0.9923,SAPR11,2024-02-08,2025-08-14,0.252650822669104,0.189173553054454,0.0007247332102398229,0.6633556236114053,0.2839174798884925,0.30194650298445735,0.33725485887817575,252,379,-0.2534026587256188,-0.2639917025470684
19453,2015,2016,0.9329,ECOR3,2017-02-20,2018-08-31,-0.2502639915522704,-0.3691072734465326,0.0012301481477301516,1.4525536073421952,1.013930289211386,-1.0522785261187397,0.040209732915266916,252,379,-0.7034139323787838,-0.5369638004006677
19453,2016,2017,0.482,ECOR3,2018-02-28,2019-09-09,0.2835820895522387,0.0747213960535819,-0.0011024444533571087,1.1785185942070264,0.7894366296080108,-0.7971457440268497,0.3461147465956255,252,379,0.6699412480167659,0.8141544239905814
19453,2017,2018,0.8879,ECOR3,2019-03-14,2020-09-17,0.2705314009661836,0.2553888118778575,0.00035709082366078314,1.2785026733281066,0.26198757065450556,-0.26689488950240997,-0.6980800835592325,252,379,0.408710556922379,0.35962644394849286
19453,2018,2019,0.9842,ECOR3,2020-02-18,2021-08-27,-0.4057043073341093,-0.4552819196106197,0.0006491247887776122,1.2312122033392057,0.5531358634068451,-0.6901567733305314,0.0048272966417174795,252,379,-0.6428764636299971,-0.5193255707762763
19453,2019,2020,0.3809,ECOR3,2021-03-10,2022-09-13,-0.415962441314554,-0.3983831568377983,-0.0013890112530032077,1.4202054152945491,0.3027995466458888,-0.41471848199006467,0.12977810046501229,252,379,0.16229044818251537,0.1028709123993179
19453,2022,2023,0.7688,ECOR3,2024-03-13,2025-09-15,-0.1449735449735448,-0.266378197331773,0.0023653607569023185,1.2309469670172062,0.4078716215696,0.06111641123402292,-0.18870067375101024,252,379,-1.0101460744281592,-0.685498033783734
19879,2018,2019,0.9943,LIGT3,2020-03-12,2021-09-20,-0.0145985401459853,-0.5141844597880811,-0.00039826339024973795,0.7573086949630007,-0.057117907100990295,0.7282289744478755,0.3174865855067195,252,379,-0.2599572479925503,-0.3469839713743519
19879,2019,2021,0.9637,LIGT3,2022-03-24,2023-09-26,-0.4352482960077897,-0.3944304781148881,-0.0019376664119389437,1.1577185985245113,0.13630446646550068,0.12749355479350055,-0.5664337932501439,252,379,0.7659494971062075,0.5504852070844437
19879,2021,2022,0.9177,LIGT3,2023-03-28,2024-09-30,2.055793991416309,1.75306806608482,-0.0032269109216685045,1.4195128217526278,-0.194216537725009,0.7720444727723852,-0.8587670065193691,252,379,2.15249504852743,5.343978584905771
19879,2022,2023,0.8953,LIGT3,2024-03-25,2025-09-25,0.1602316602316602,0.0154703965355886,0.0025033543569157124,0.40109950514171216,1.0836583609569996,0.8199406144395868,-0.9178405296730361,252,379,-0.9491764634448349,-0.7263176279768253
19909,2015,2016,0.1126,BRML3,2017-03-15,2018-09-24,-0.287809647723791,-0.4651980569728149,-0.0006318442527195787,1.1182050452077112,0.6812624727594893,-0.2828729525378493,0.08396775936689163,252,379,-0.12455454710718308,-0.15357992816308363
19909,2016,2017,0.1126,BRML3,2018-03-16,2019-09-25,0.288512911843277,0.0576808641485202,-0.0015836909500169262,1.1516145006808811,0.37881697285091376,-0.1405833965875822,0.054077701410957225,252,379,0.6480673772399058,0.8259580676476124
19909,2017,2019,0.0436,BRML3,2020-03-12,2021-09-20,-0.2495575221238938,-0.7491434417659896,-0.00019567782119914927,0.9296261674860482,0.09771695157130636,-0.15195600828486988,0.4067356001101718,252,379,-0.5160437628886427,-0.4790475011116957
19909,2019,2020,0.3758,BRML3,2021-04-09,2022-10-13,-0.0100603621730381,0.0185774627932445,-0.0015787073171777647,1.385102652811686,0.3429576963081967,-0.06028445006800315,-0.49511429971804016,252,379,0.8715450068275568,1.2568962980219287
20362,2021,2022,0.112,POSI3,2023-03-21,2024-09-23,-0.157814871016692,-0.4505949452616309,0.0003279733482339207,1.390242945439633,1.4387823975736858,-0.4029592669957988,0.276705648026757,252,379,-0.3291686356839968,-0.3678672590689812
20362,2022,2023,0.1788,POSI3,2024-03-21,2025-09-23,-0.485091743119266,-0.627621189257749,0.0001839398181265376,1.3337521089892124,1.573520771073158,-0.1502929157987394,0.15542508260714424,252,379,-1.0296870474287818,-0.726391023124458
20478,2015,2016,0.5326,PDGR3,2017-03-29,2018-10-08,-0.8075117370892019,-1.1212025109519108,-0.005552464047564335,0.5384322627116416,1.2740174872725252,2.6784183543400837,0.4508792754479023,252,379,-0.07836336594294935,-0.26497327538393467
20478,2016,2017,0.8328,PDGR3,2018-03-29,2019-10-08,-0.6756249999999999,-0.8468397146929041,-0.001860431797274075,0.570906438136406,1.195777192510732,0.26845596427118124,-0.09029326811051734,252,379,-0.044964185396472456,-0.44643956503470084
20494,2015,2016,0.9731,IGTA3,2017-02-21,2018-09-03,-0.0432482887367766,-0.1466588768701866,-9.446840369380956e-05,0.8122454638364585,0.571004421356257,-0.3368119123199909,0.1929391624392583,252,379,-0.08050737227580673,-0.10871401385534385
20494,2016,2017,0.8464,IGTA3,2018-02-27,2019-09-06,0.1569269521410579,-0.0271172075250114,-0.00019927005073027852,0.9596445461101615,0.48311867801914143,-0.13668993700730434,-8.663490048851918e-05,252,379,0.09106654886590014,0.055937398502004854
20494,2017,2018,0.927,IGTA3,2019-02-26,2020-09-02,-0.1991720331186751,-0.2433163941750006,0.0001890945229805972,1.047902748108521,0.10303228950842826,-0.37537677420813964,-0.48430978795014124,252,379,-0.11391072550943167,-0.17959679617594215
20516,2021,2022,0.3674,SMTO3,2022-06-20,2023-12-21,-0.3050726363419862,-0.6288430472884337,0.0011310121543877524,1.0171115910132538,0.0029379743913188205,-0.047913237638721164,0.4474875079356795,252,379,-1.061803643444179,-0.6870888568835976
20516,2022,2023,0.9233,SMTO3,2023-06-19,2024-12-18,-0.3411513859275054,-0.3487780927840328,-0.00038539843650297587,1.0624896070922367,-0.4091032019033257,-0.4160739199270793,-0.08503067131697181,252,379,-0.18220889744620722,-0.21862642009474353
20524,2015,2016,0.1488,EVEN3,2017-03-22,2018-10-01,-0.351063829787234,-0.5888157411921259,-0.0017495626071195635,0.8727806853617777,0.9440818585469365,-0.178274615425788,0.13637335910663761,252,379,0.2624423526077698,0.19228471093127575
20524,2016,2017,0.8291,EVEN3,2018-03-26,2019-10-03,0.9133574007220217,0.7202847344215646,-0.0004668088787003785,1.1211784465613457,1.3080092267654262,0.5239239444624126,-0.2300235084945602,252,379,0.6253785289901636,0.6928053299733761
20770,2015,2016,0.9928,EZTC3,2017-03-20,2018-09-27,-0.1293759508033916,-0.3623418144865309,-0.0006686684181261493,0.9279007963229797,0.8187510814370402,-0.06972761677455815,0.22298000047254213,252,379,0.05002632497553419,-0.020451573631527276
20770,2016,2017,0.9956,EZTC3,2018-03-16,2019-09-25,0.796262570142775,0.5654305224480183,-0.00021237093046503578,0.9926009717978728,0.7026527376684935,0.2710514801162128,-0.04602247700760109,252,379,0.4528351288386262,0.4618484490202037
20770,2017,2018,0.9933,EZTC3,2019-03-22,2020-09-25,0.7165664198371742,0.6817424503870799,-0.000125230585310378,1.0984541582475142,0.1708429569093806,0.21494061660064862,-0.6555845390160496,252,379,0.9294783800312991,1.1366499597211357
20770,2018,2019,0.938,EZTC3,2020-03-19,2021-09-27,-0.1343915344959518,-0.79661922350751,0.0017744945689298084,1.0209314750369218,0.3480894814384409,0.1075755291100969,1.1934501584744677,252,379,-1.7750652354437546,-0.8555700063326881
20770,2019,2021,0.9072,EZTC3,2022-03-17,2023-09-19,0.2740384612739459,0.2318594305254242,-0.0007202867286999855,1.3621061511046042,0.6648153726114905,-0.49775268896836056,-1.0429220484282529,252,379,1.0248710713724867,1.5144403880119555
20770,2021,2022,0.6849,EZTC3,2023-09-18,2025-03-26,-0.2847254265638803,-0.4050368253076772,-3.951150921986191e-05,1.432830604738401,1.00277900796557,0.28373241374802244,0.008019573651594017,252,379,-0.3193398476172219,-0.3251744825038513
20770,2022,2023,0.9762,EZTC3,2024-03-18,2025-09-18,0.0441087617703299,-0.1019700046003402,-0.0006574647150777949,1.4512326786263394,0.7827509163341645,0.5085040535489204,-0.1352696711566699,252,379,0.07465507540919723,-0.062031383135056295
20990,2021,2022,0.9303,AMER3,2023-11-16,2025-05-26,-0.9383529411764706,-1.0466406682197358,-0.007451359630113282,1.6664802969384427,0.6567612403952735,1.1638514778528557,-0.3154977228975828,252,379,1.6070125851946022,-0.15653266851034375
20990,2022,2023,0.783,AMER3,2024-08-14,2026-02-20,-0.8275757575757576,-1.2567519072321498,-0.002169202562931287,0.532605245724165,1.6294954791547132,0.3986852167168483,-0.07103732640947613,252,379,-0.17579785370596018,-0.8456199182562926
21091,2015,2016,0.9325,DXCO3,2017-02-08,2018-08-21,0.1807228916036418,0.0211649957627895,-0.0004891186555410795,1.0585161127580909,0.6634002113883135,-0.07784027509181293,0.014177647229463491,252,379,0.23168188195624884,0.17664151469902145
21091,2016,2017,0.9333,DXCO3,2018-02-05,2019-08-19,0.3333333332879784,0.1182423785987603,-5.310388997801542e-05,1.034725619566554,0.5838711128332847,0.1888614208217863,-0.16256135511089562,252,379,0.15954302475361212,0.08795154707314579
21091,2017,2018,0.9523,DXCO3,2019-02-13,2020-08-20,0.3036006547015117,0.2449053382236272,0.0005612689460033376,1.3137080263900427,0.4938206653393995,0.005776829560518393,-0.042657726678593154,252,379,0.03927775532297545,-0.05010860557658792
21091,2018,2019,0.9167,DXCO3,2020-02-12,2021-08-23,0.2615571775403591,0.2547212987977763,5.751837215235635e-05,0.8983719309186322,-0.0625493209178099,0.21437952987910563,0.1782865967982158,252,379,0.32812325407730375,0.20651502070897343
21091,2019,2020,0.9469,DXCO3,2021-02-08,2022-08-15,-0.419559099562608,-0.3638817172261693,0.0013619126310014833,1.1561078457374596,0.45706818346718825,0.14874898964650016,0.644393833581017,252,379,-1.242903715465001,-0.7400612310176145
21091,2020,2021,0.8475,DXCO3,2022-02-09,2023-08-15,-0.3080517615934003,-0.3410411279883915,-0.0012035143615274522,0.809363727884536,0.5268715056852914,-0.24842648858941266,0.31156116192619665,252,379,0.11841848220837924,0.007337071709901943
21091,2021,2022,0.9325,DXCO3,2023-03-08,2024-09-10,0.2160493827053802,-0.0446900256237854,-0.0012873889252359677,1.1924303176022355,0.05638044387994709,-0.2746172598775883,-0.379492357453037,252,379,0.7023177927583208,0.8387250945085243
21091,2022,2023,0.9729,DXCO3,2024-03-06,2025-09-08,-0.2921348314323949,-0.3922304709544905,0.0010548754952428778,1.4240398068205413,0.9927962543604016,-0.6427160781050343,-0.1942819664609473,252,379,-0.8966289594261005,-0.6496141829755349
23272,2015,2016,0.9352,LOGG3,2019-10-10,2021-04-26,0.2521008403361344,0.0676769076175636,0.000952162078621406,0.5032241942172853,0.5339513087846878,-0.16986676797711772,-0.05315120456686647,197,379,-0.004198036016866469,-0.16644509266513585
23272,2017,2021,0.2912,LOGG3,2022-02-08,2023-08-14,-0.2918502202643172,-0.3326139037176878,-0.00013106588975272536,0.9264040772954778,0.5144126856762492,-0.10355158416600382,-0.3687810320269171,252,379,-0.14682352333451898,-0.22357040892664393
23272,2021,2022,0.0025,LOGG3,2023-02-08,2024-08-15,0.4064516129032258,0.1863369969030242,-0.0014844812684868623,1.0004916381914233,1.1390161166245973,-0.013159575146160334,0.14292383745485582,252,379,0.7224019089580769,0.8923413153571189
23272,2022,2023,0.026,LOGG3,2024-02-06,2025-08-12,-0.001913875598086,-0.0594018539038669,0.00033617372607499857,1.199484955901684,0.5462614943356335,0.14463335417003576,-0.09163196090838933,252,379,-0.22813607656629978,-0.2816798809978579
23310,2015,2016,0.8317,CVCB3,2017-02-15,2018-08-28,0.5024911033285739,0.3627703389011134,0.0020793789344003594,0.876630049210421,0.8416127346618334,-0.7204536025663719,-0.024614102208541544,252,379,-0.39132094223702235,-0.36080261521713397
23310,2018,2019,0.5653,CVCB3,2020-09-01,2022-03-15,-0.4387354956583299,-0.5052115604773136,-0.0024640737417556467,1.9542983944883128,1.4636657924621967,-0.6863831414719331,-0.06698324057430899,252,379,0.726200026657221,0.7780733238400592
24910,2019,2020,0.5278,LWSA3,2021-03-24,2022-09-27,-0.6286307053941909,-0.5957224230963399,0.005961927772945475,0.9899076033886929,0.8259002630580127,-0.1995936300194801,0.9645099743049654,252,379,-3.3639884344654547,-0.9756202612792059
24910,2020,2021,0.9365,LWSA3,2022-03-29,2023-09-29,-0.3648111332007953,-0.3360728600452171,-0.002841651622799363,1.3720457548371916,0.9623796452880863,-1.9828931761670916,0.4251482461448865,252,379,1.668956250937125,3.0994475442277123
24910,2021,2022,0.9497,LWSA3,2023-03-23,2024-09-25,-0.1839530332681018,-0.5276819013132061,0.0010341922935501124,1.1952335328565236,0.5706688277228789,-0.26572912518674807,-1.1647747837237463,252,379,-0.5625448901198973,-0.49721246128802754
24910,2022,2023,0.9364,LWSA3,2024-03-20,2025-09-22,-0.2558922558922559,-0.3796826996047472,0.00034559271835601945,1.5307527656681286,0.7761867059172851,-0.5995948955029933,-0.6833339571230201,252,379,-0.3698156631842372,-0.4323171123084978
