cd_cvm,name,group,year_prev,year_curr,cosine_similarity,chars_prev,chars_curr,diagnostic_prev,diagnostic_curr
002437,AXIA ENERGIA,stayed,2015,2016,0.6388,9586,14143,regex_only,regex_only
002437,AXIA ENERGIA,stayed,2016,2017,0.8638,14143,10090,regex_only,regex_only
002437,AXIA ENERGIA,stayed,2017,2018,0.0157,10090,1362,regex_only,regex_only
002437,AXIA ENERGIA,stayed,2018,2019,0.0,1362,239,regex_only,font_heading
002437,AXIA ENERGIA,stayed,2019,2020,0.3866,239,17147,font_heading,font_heading
002437,AXIA ENERGIA,stayed,2020,2021,0.9382,17147,19339,font_heading,font_heading
002437,AXIA ENERGIA,stayed,2021,2022,0.1946,19339,4828,font_heading,font_heading
002437,AXIA ENERGIA,stayed,2022,2023,0.2238,4828,16334,font_heading,font_heading
002437,AXIA ENERGIA,stayed,2023,2024,0.683,16334,7881,font_heading,font_heading
002453,CEMIG,stayed,2015,2016,0.945,15917,15122,font_heading,font_heading
002453,CEMIG,stayed,2016,2017,0.8475,15122,1941,font_heading,font_heading
002453,CEMIG,stayed,2017,2018,0.5926,1941,16893,font_heading,font_heading
002453,CEMIG,stayed,2018,2019,0.9253,16893,15903,font_heading,font_heading
002453,CEMIG,stayed,2019,2020,0.9449,15903,15944,font_heading,font_heading
002453,CEMIG,stayed,2020,2021,0.8936,15944,15904,font_heading,font_heading
002453,CEMIG,stayed,2021,2022,0.8078,15904,16412,font_heading,font_heading
002453,CEMIG,stayed,2022,2023,0.5061,16412,2587,font_heading,font_heading
002453,CEMIG,stayed,2023,2024,0.4211,2587,2392,font_heading,font_heading
002577,CESP - Companhia Energética de São Paulo,dropped_or_delisted,2015,2016,0.0291,686,1699,font_heading,font_heading
002577,CESP - Companhia Energética de São Paulo,dropped_or_delisted,2016,2017,0.2346,1699,154,font_heading,font_heading
002577,CESP - Companhia Energética de São Paulo,dropped_or_delisted,2017,2018,1.0,154,154,font_heading,font_heading
002577,CESP - Companhia Energética de São Paulo,dropped_or_delisted,2018,2019,0.1036,154,3326,font_heading,font_heading
002577,CESP - Companhia Energética de São Paulo,dropped_or_delisted,2019,2020,0.4966,3326,3042,font_heading,font_heading
002577,CESP - Companhia Energética de São Paulo,dropped_or_delisted,2020,2022,0.4337,3042,451,font_heading,font_heading
002577,CESP - Companhia Energética de São Paulo,dropped_or_delisted,2022,2023,0.2359,451,5068,font_heading,font_heading
002577,CESP - Companhia Energética de São Paulo,dropped_or_delisted,2023,2024,0.0887,5068,2585,font_heading,regex_only
003980,GERDAU,stayed,2015,2016,0.9155,6325,5022,font_heading,font_heading
003980,GERDAU,stayed,2016,2017,0.8351,5022,5266,font_heading,font_heading
003980,GERDAU,stayed,2017,2018,0.8997,5266,5334,font_heading,font_heading
003980,GERDAU,stayed,2018,2019,0.1236,5334,2727,font_heading,regex_only
003980,GERDAU,stayed,2019,2020,0.8486,2727,3256,regex_only,regex_only
003980,GERDAU,stayed,2020,2021,0.0814,3256,3332,regex_only,font_heading
003980,GERDAU,stayed,2021,2022,0.8017,3332,3399,font_heading,font_heading
003980,GERDAU,stayed,2022,2023,0.8116,3399,1936,font_heading,font_heading
003980,GERDAU,stayed,2023,2024,0.7401,1936,3287,font_heading,font_heading
004030,SID NACIONAL,stayed,2015,2016,0.7925,5211,5743,font_heading,font_heading
004030,SID NACIONAL,stayed,2016,2017,0.6431,5743,6926,font_heading,font_heading
004030,SID NACIONAL,stayed,2017,2018,0.7256,6926,7544,font_heading,font_heading
004030,SID NACIONAL,stayed,2018,2019,0.7365,7544,5921,font_heading,font_heading
004030,SID NACIONAL,stayed,2019,2020,0.0718,5921,556,font_heading,regex_only
004030,SID NACIONAL,stayed,2020,2021,0.1027,556,6982,regex_only,font_heading
004030,SID NACIONAL,stayed,2021,2022,0.6838,6982,4393,font_heading,font_heading
004030,SID NACIONAL,stayed,2022,2023,0.9888,4393,4389,font_heading,font_heading
004030,SID NACIONAL,stayed,2023,2024,0.895,4389,4138,font_heading,font_heading
004170,VALE,stayed,2015,2016,0.8461,5438,8641,font_heading,font_heading
004170,VALE,stayed,2016,2017,0.94,8641,9102,font_heading,font_heading
004170,VALE,stayed,2017,2018,0.7724,9102,4664,font_heading,font_heading
004170,VALE,stayed,2018,2019,0.3182,4664,16358,font_heading,regex_only
004170,VALE,stayed,2019,2020,0.2904,16358,11224,regex_only,font_heading
004170,VALE,stayed,2020,2021,0.9246,11224,12192,font_heading,font_heading
004170,VALE,stayed,2021,2022,0.4325,12192,2673,font_heading,font_heading
004170,VALE,stayed,2022,2023,0.0582,2673,554,font_heading,font_heading
004170,VALE,stayed,2023,2024,1.0,554,554,font_heading,font_heading
004820,BRASKEM,stayed,2017,2018,0.237,946,776,font_heading,regex_only
004820,BRASKEM,stayed,2018,2019,0.3275,776,5403,regex_only,regex_only
004820,BRASKEM,stayed,2019,2020,0.2159,5403,1044,regex_only,regex_only
004820,BRASKEM,stayed,2020,2021,0.2608,1044,11088,regex_only,regex_only
004820,BRASKEM,stayed,2021,2022,0.9576,11088,11707,regex_only,regex_only
004820,BRASKEM,stayed,2022,2024,0.339,11707,1199,regex_only,font_heading
005258,RAIADROGASIL,stayed,2015,2016,0.9758,2768,2725,regex_only,regex_only
005258,RAIADROGASIL,stayed,2016,2017,0.3017,2725,520,regex_only,regex_only
005258,RAIADROGASIL,stayed,2017,2018,0.9786,520,553,regex_only,regex_only
005258,RAIADROGASIL,stayed,2018,2019,0.1675,553,8158,regex_only,font_heading
005258,RAIADROGASIL,stayed,2019,2020,0.6231,8158,25292,font_heading,font_heading
005258,RAIADROGASIL,stayed,2020,2021,0.6337,25292,10190,font_heading,font_heading
005258,RAIADROGASIL,stayed,2021,2022,0.9058,10190,12138,font_heading,font_heading
005258,RAIADROGASIL,stayed,2022,2023,0.7706,12138,5541,font_heading,font_heading
005258,RAIADROGASIL,stayed,2023,2024,0.7619,5541,14023,font_heading,font_heading
005410,WEG,stayed,2015,2016,0.9902,2516,2501,font_heading,font_heading
005410,WEG,stayed,2016,2017,0.9843,2501,2524,font_heading,font_heading
005410,WEG,stayed,2017,2018,0.9835,2524,2615,font_heading,font_heading
005410,WEG,stayed,2018,2019,0.9791,2615,2633,font_heading,font_heading
005410,WEG,stayed,2019,2020,0.9682,2633,2695,font_heading,font_heading
005410,WEG,stayed,2020,2021,0.8889,2695,2214,font_heading,font_heading
005410,WEG,stayed,2021,2022,0.8915,2214,2482,font_heading,font_heading
005410,WEG,stayed,2022,2023,0.9749,2482,2322,font_heading,font_heading
005410,WEG,stayed,2023,2024,0.9081,2322,2484,font_heading,font_heading
006505,Grupo Casas Bahia S.A. (Via Varejo),dropped_or_delisted,2015,2016,0.8064,3122,3231,font_heading,font_heading
006505,Grupo Casas Bahia S.A. (Via Varejo),dropped_or_delisted,2016,2017,0.9089,3231,3485,font_heading,font_heading
006505,Grupo Casas Bahia S.A. (Via Varejo),dropped_or_delisted,2017,2018,0.8392,3485,3880,font_heading,font_heading
006505,Grupo Casas Bahia S.A. (Via Varejo),dropped_or_delisted,2018,2019,0.7976,3880,6079,font_heading,font_heading
006505,Grupo Casas Bahia S.A. (Via Varejo),dropped_or_delisted,2019,2020,0.167,6079,11088,font_heading,regex_only
006505,Grupo Casas Bahia S.A. (Via Varejo),dropped_or_delisted,2020,2021,0.0781,11088,533,regex_only,font_heading
006505,Grupo Casas Bahia S.A. (Via Varejo),dropped_or_delisted,2021,2022,1.0,533,533,font_heading,font_heading
006505,Grupo Casas Bahia S.A. (Via Varejo),dropped_or_delisted,2022,2023,0.3136,533,10433,font_heading,font_heading
006505,Grupo Casas Bahia S.A. (Via Varejo),dropped_or_delisted,2023,2024,0.57,10433,9969,font_heading,font_heading
008087,Lojas Americanas S.A. (pre-2021 restructuring entity),dropped_or_delisted,2015,2016,0.9801,13238,13513,font_heading,font_heading
008087,Lojas Americanas S.A. (pre-2021 restructuring entity),dropped_or_delisted,2016,2017,0.0879,13513,7885,font_heading,regex_only
008087,Lojas Americanas S.A. (pre-2021 restructuring entity),dropped_or_delisted,2017,2018,0.8929,7885,6172,regex_only,regex_only
008087,Lojas Americanas S.A. (pre-2021 restructuring entity),dropped_or_delisted,2018,2019,0.0477,6172,10978,regex_only,font_heading
008087,Lojas Americanas S.A. (pre-2021 restructuring entity),dropped_or_delisted,2019,2020,0.917,10978,14513,font_heading,font_heading
008133,LOJAS RENNER,stayed,2015,2016,0.1409,9858,1385,font_heading,font_heading
008133,LOJAS RENNER,stayed,2016,2017,0.1403,1385,6401,font_heading,font_heading
008133,LOJAS RENNER,stayed,2017,2018,0.6656,6401,4064,font_heading,font_heading
008133,LOJAS RENNER,stayed,2018,2019,0.0539,4064,647,font_heading,regex_only
008133,LOJAS RENNER,stayed,2019,2020,0.0532,647,8055,regex_only,font_heading
008133,LOJAS RENNER,stayed,2020,2021,0.1626,8055,20734,font_heading,font_heading
008133,LOJAS RENNER,stayed,2021,2022,0.1358,20734,2231,font_heading,font_heading
008133,LOJAS RENNER,stayed,2022,2023,0.0812,2231,3472,font_heading,font_heading
008133,LOJAS RENNER,stayed,2023,2024,0.0579,3472,4613,font_heading,font_heading
008451,MARCOPOLO,stayed,2015,2016,0.9435,3386,3414,font_heading,font_heading
008451,MARCOPOLO,stayed,2016,2017,0.9283,3414,3917,font_heading,font_heading
008451,MARCOPOLO,stayed,2017,2018,0.9541,3917,3504,font_heading,font_heading
008451,MARCOPOLO,stayed,2018,2019,0.8943,3504,4438,font_heading,font_heading
008451,MARCOPOLO,stayed,2019,2020,0.8974,4438,3435,font_heading,font_heading
008451,MARCOPOLO,stayed,2020,2021,0.9754,3435,3292,font_heading,font_heading
008451,MARCOPOLO,stayed,2021,2022,0.9979,3292,3267,font_heading,font_heading
008451,MARCOPOLO,stayed,2022,2023,0.9917,3267,3248,font_heading,font_heading
008451,MARCOPOLO,stayed,2023,2024,0.9738,3248,3022,font_heading,font_heading
008656,GERDAU MET,stayed,2015,2016,0.8777,8286,6643,font_heading,font_heading
008656,GERDAU MET,stayed,2016,2017,0.908,6643,6558,font_heading,font_heading
008656,GERDAU MET,stayed,2017,2018,0.921,6558,7916,font_heading,font_heading
008656,GERDAU MET,stayed,2018,2019,0.8371,7916,6858,font_heading,font_heading
008656,GERDAU MET,stayed,2019,2021,0.1686,6858,15491,font_heading,regex_only
008656,GERDAU MET,stayed,2021,2022,0.1492,15491,2538,regex_only,font_heading
008656,GERDAU MET,stayed,2022,2023,0.8357,2538,1968,font_heading,font_heading
008656,GERDAU MET,stayed,2023,2024,0.7287,1968,3969,font_heading,font_heading
008672,IGUATEMI S.A,stayed,2015,2017,0.0396,455,1727,font_heading,font_heading
008672,IGUATEMI S.A,stayed,2017,2018,0.5308,1727,1879,font_heading,font_heading
008672,IGUATEMI S.A,stayed,2018,2019,0.9659,1879,1845,font_heading,font_heading
008672,IGUATEMI S.A,stayed,2019,2021,0.0765,1845,10631,font_heading,font_heading
008672,IGUATEMI S.A,stayed,2021,2022,0.9968,10631,10800,font_heading,font_heading
008672,IGUATEMI S.A,stayed,2022,2023,0.7559,10800,23133,font_heading,font_heading
008672,IGUATEMI S.A,stayed,2023,2024,0.9252,23133,19519,font_heading,font_heading
009512,PETROBRAS,stayed,2016,2017,0.4201,23145,11894,regex_only,regex_only
009512,PETROBRAS,stayed,2017,2018,0.4636,11894,12765,regex_only,regex_only
009512,PETROBRAS,stayed,2018,2019,0.0871,12765,172,regex_only,font_heading
009512,PETROBRAS,stayed,2019,2020,0.2585,172,3255,font_heading,regex_only
009512,PETROBRAS,stayed,2020,2021,0.1776,3255,11583,regex_only,regex_only
009512,PETROBRAS,stayed,2021,2022,0.9153,11583,12686,regex_only,regex_only
009512,PETROBRAS,stayed,2022,2023,0.9448,12686,12535,regex_only,regex_only
009512,PETROBRAS,stayed,2023,2024,0.8678,12535,14601,regex_only,regex_only
010456,Alpargatas S.A.,dropped_or_delisted,2015,2016,0.7823,3926,5798,font_heading,font_heading
010456,Alpargatas S.A.,dropped_or_delisted,2016,2017,0.9194,5798,6834,font_heading,font_heading
010456,Alpargatas S.A.,dropped_or_delisted,2017,2019,0.8301,6834,5840,font_heading,font_heading
010456,Alpargatas S.A.,dropped_or_delisted,2019,2020,0.1171,5840,879,font_heading,regex_only
010456,Alpargatas S.A.,dropped_or_delisted,2020,2021,0.2186,879,1640,regex_only,regex_only
010456,Alpargatas S.A.,dropped_or_delisted,2021,2022,0.2427,1640,847,regex_only,regex_only
010456,Alpargatas S.A.,dropped_or_delisted,2022,2023,0.1156,847,404,regex_only,font_heading
010456,Alpargatas S.A.,dropped_or_delisted,2023,2024,0.0937,404,6831,font_heading,font_heading
011312,Oi S.A. - Em Recuperação Judicial,dropped_or_delisted,2015,2016,0.8664,454,581,font_heading,font_heading
011312,Oi S.A. - Em Recuperação Judicial,dropped_or_delisted,2016,2017,0.2362,581,6191,font_heading,font_heading
011312,Oi S.A. - Em Recuperação Judicial,dropped_or_delisted,2017,2018,0.4508,6191,4472,font_heading,font_heading
011312,Oi S.A. - Em Recuperação Judicial,dropped_or_delisted,2018,2019,0.1664,4472,987,font_heading,font_heading
011312,Oi S.A. - Em Recuperação Judicial,dropped_or_delisted,2019,2020,0.71,987,1600,font_heading,font_heading
011312,Oi S.A. - Em Recuperação Judicial,dropped_or_delisted,2020,2021,1.0,1600,1600,font_heading,font_heading
011312,Oi S.A. - Em Recuperação Judicial,dropped_or_delisted,2021,2022,0.71,1600,984,font_heading,font_heading
011312,Oi S.A. - Em Recuperação Judicial,dropped_or_delisted,2022,2023,0.9422,984,978,font_heading,font_heading
011312,Oi S.A. - Em Recuperação Judicial,dropped_or_delisted,2023,2024,0.9603,978,1028,font_heading,font_heading
012653,KLABIN S/A,stayed,2015,2016,0.9139,11782,13303,font_heading,font_heading
012653,KLABIN S/A,stayed,2016,2017,0.0539,13303,1166,font_heading,regex_only
012653,KLABIN S/A,stayed,2017,2018,0.4722,1166,7677,regex_only,regex_only
012653,KLABIN S/A,stayed,2018,2019,0.8319,7677,8121,regex_only,regex_only
012653,KLABIN S/A,stayed,2019,2020,0.7836,8121,11643,regex_only,regex_only
012653,KLABIN S/A,stayed,2020,2021,0.2314,11643,19829,regex_only,font_heading
012653,KLABIN S/A,stayed,2021,2022,0.8378,19829,22209,font_heading,font_heading
012653,KLABIN S/A,stayed,2022,2023,0.4898,22209,2909,font_heading,font_heading
012653,KLABIN S/A,stayed,2023,2024,0.8338,2909,2496,font_heading,font_heading
012793,Fibria Celulose S.A. (pre-Suzano-merger entity),dropped_or_delisted,2015,2016,0.1237,11338,4301,font_heading,regex_only
012793,Fibria Celulose S.A. (pre-Suzano-merger entity),dropped_or_delisted,2016,2017,0.9734,4301,4378,regex_only,regex_only
012793,Fibria Celulose S.A. (pre-Suzano-merger entity),dropped_or_delisted,2017,2018,0.0955,4378,13440,regex_only,font_heading
013986,SUZANO S.A.,stayed,2015,2016,0.0919,9391,6662,font_heading,regex_only
013986,SUZANO S.A.,stayed,2016,2017,0.0892,6662,7269,regex_only,font_heading
013986,SUZANO S.A.,stayed,2017,2018,0.6949,7269,10630,font_heading,font_heading
013986,SUZANO S.A.,stayed,2018,2019,0.4393,10630,15935,font_heading,font_heading
013986,SUZANO S.A.,stayed,2019,2020,0.0631,15935,8844,font_heading,regex_only
013986,SUZANO S.A.,stayed,2020,2021,0.7814,8844,12216,regex_only,regex_only
013986,SUZANO S.A.,stayed,2021,2022,0.888,12216,11836,regex_only,regex_only
013986,SUZANO S.A.,stayed,2022,2023,0.9375,11836,11229,regex_only,regex_only
013986,SUZANO S.A.,stayed,2023,2024,0.1822,11229,4120,regex_only,font_heading
014176,Eletropaulo Metropolitana Eletricidade de São Paulo S.A.,dropped_or_delisted,2015,2016,0.2391,1706,1530,font_heading,font_heading
014176,Eletropaulo Metropolitana Eletricidade de São Paulo S.A.,dropped_or_delisted,2016,2017,0.1143,1530,25297,font_heading,regex_only
014176,Eletropaulo Metropolitana Eletricidade de São Paulo S.A.,dropped_or_delisted,2017,2018,0.1619,25297,24995,regex_only,font_heading
014176,Eletropaulo Metropolitana Eletricidade de São Paulo S.A.,dropped_or_delisted,2018,2019,0.157,24995,17198,font_heading,regex_only
014176,Eletropaulo Metropolitana Eletricidade de São Paulo S.A.,dropped_or_delisted,2019,2020,0.8533,17198,14968,regex_only,regex_only
014176,Eletropaulo Metropolitana Eletricidade de São Paulo S.A.,dropped_or_delisted,2020,2021,0.0475,14968,226,regex_only,font_heading
014176,Eletropaulo Metropolitana Eletricidade de São Paulo S.A.,dropped_or_delisted,2021,2022,0.1996,226,18409,font_heading,font_heading
014176,Eletropaulo Metropolitana Eletricidade de São Paulo S.A.,dropped_or_delisted,2022,2023,0.9056,18409,22117,font_heading,font_heading
014176,Eletropaulo Metropolitana Eletricidade de São Paulo S.A.,dropped_or_delisted,2023,2024,0.571,22117,15608,font_heading,font_heading
014311,COPEL,stayed,2015,2016,0.4614,17420,17398,font_heading,regex_only
014311,COPEL,stayed,2016,2017,0.8729,17398,19354,regex_only,regex_only
014311,COPEL,stayed,2017,2018,0.4853,19354,22622,regex_only,font_heading
014311,COPEL,stayed,2018,2019,0.8723,22622,21372,font_heading,font_heading
014311,COPEL,stayed,2019,2020,0.9697,21372,20763,font_heading,font_heading
014311,COPEL,stayed,2020,2021,0.9604,20763,21909,font_heading,font_heading
014311,COPEL,stayed,2021,2023,0.9247,21909,25112,font_heading,font_heading
014311,COPEL,stayed,2023,2024,0.4505,25112,2548,font_heading,font_heading
014320,USIMINAS,stayed,2015,2016,0.7467,8699,10028,font_heading,font_heading
014320,USIMINAS,stayed,2016,2017,0.7305,10028,12194,font_heading,font_heading
014320,USIMINAS,stayed,2017,2018,0.6928,12194,7252,font_heading,font_heading
014320,USIMINAS,stayed,2018,2019,0.7821,7252,8049,font_heading,font_heading
014320,USIMINAS,stayed,2019,2020,0.6901,8049,4754,font_heading,font_heading
014320,USIMINAS,stayed,2020,2021,0.9796,4754,4363,font_heading,font_heading
014320,USIMINAS,stayed,2021,2022,0.9365,4363,4446,font_heading,font_heading
014320,USIMINAS,stayed,2022,2023,0.9893,4446,4175,font_heading,font_heading
014320,USIMINAS,stayed,2023,2024,0.8233,4175,6498,font_heading,font_heading
014443,SABESP,stayed,2015,2016,0.2731,14310,31964,font_heading,font_heading
014443,SABESP,stayed,2016,2017,0.214,31964,39928,font_heading,regex_only
014443,SABESP,stayed,2017,2018,0.2055,39928,34617,regex_only,font_heading
014443,SABESP,stayed,2018,2019,0.8432,34617,18892,font_heading,font_heading
014443,SABESP,stayed,2019,2020,0.1717,18892,16704,font_heading,regex_only
014443,SABESP,stayed,2020,2021,0.1242,16704,18283,regex_only,font_heading
014443,SABESP,stayed,2021,2022,0.9576,18283,20046,font_heading,font_heading
014443,SABESP,stayed,2022,2023,0.9719,20046,18555,font_heading,font_heading
014443,SABESP,stayed,2023,2024,0.9302,18555,22572,font_heading,font_heading
014460,CYRELA REALT,stayed,2015,2016,0.369,98953,8306,font_heading,font_heading
014460,CYRELA REALT,stayed,2016,2017,0.7642,8306,6450,font_heading,font_heading
014460,CYRELA REALT,stayed,2017,2018,0.7156,6450,7697,font_heading,font_heading
014460,CYRELA REALT,stayed,2018,2019,0.9559,7697,7233,font_heading,font_heading
014460,CYRELA REALT,stayed,2019,2020,0.1392,7233,8375,font_heading,regex_only
014460,CYRELA REALT,stayed,2020,2021,0.8646,8375,7038,regex_only,regex_only
014460,CYRELA REALT,stayed,2021,2022,0.9573,7038,7433,regex_only,regex_only
014460,CYRELA REALT,stayed,2022,2023,0.0431,7433,628,regex_only,font_heading
014460,CYRELA REALT,stayed,2023,2024,0.0423,628,7813,font_heading,regex_only
014761,Cia Hering,dropped_or_delisted,2015,2017,0.3155,822,1152,font_heading,font_heading
014761,Cia Hering,dropped_or_delisted,2017,2018,0.3755,1152,226,font_heading,font_heading
014761,Cia Hering,dropped_or_delisted,2018,2020,0.083,226,50769,font_heading,font_heading
014826,Companhia Brasileira de Distribuição (GPA),dropped_or_delisted,2015,2016,0.8245,7026,8890,font_heading,font_heading
014826,Companhia Brasileira de Distribuição (GPA),dropped_or_delisted,2016,2017,0.8956,8890,8070,font_heading,font_heading
014826,Companhia Brasileira de Distribuição (GPA),dropped_or_delisted,2017,2018,0.8973,8070,8590,font_heading,font_heading
014826,Companhia Brasileira de Distribuição (GPA),dropped_or_delisted,2018,2019,0.1382,8590,6367,font_heading,regex_only
014826,Companhia Brasileira de Distribuição (GPA),dropped_or_delisted,2019,2020,0.3936,6367,1093,regex_only,regex_only
014826,Companhia Brasileira de Distribuição (GPA),dropped_or_delisted,2020,2021,0.0721,1093,6845,regex_only,font_heading
014826,Companhia Brasileira de Distribuição (GPA),dropped_or_delisted,2021,2022,0.9388,6845,7065,font_heading,font_heading
014826,Companhia Brasileira de Distribuição (GPA),dropped_or_delisted,2022,2024,0.1266,7065,14904,font_heading,regex_only
015253,ENERGISA,stayed,2015,2016,0.9725,34472,34892,font_heading,font_heading
015253,ENERGISA,stayed,2016,2017,0.9397,34892,39827,font_heading,font_heading
015253,ENERGISA,stayed,2017,2018,0.9392,39827,34264,font_heading,font_heading
015253,ENERGISA,stayed,2018,2019,0.4528,34264,12980,font_heading,font_heading
015253,ENERGISA,stayed,2019,2020,0.7624,12980,16257,font_heading,font_heading
015253,ENERGISA,stayed,2020,2021,0.9566,16257,16193,font_heading,font_heading
015253,ENERGISA,stayed,2021,2022,0.9382,16193,19696,font_heading,font_heading
015253,ENERGISA,stayed,2022,2023,0.8261,19696,18983,font_heading,font_heading
015253,ENERGISA,stayed,2023,2024,0.9295,18983,17850,font_heading,font_heading
016101,Gafisa S.A.,dropped_or_delisted,2015,2016,0.8999,9999,9460,font_heading,font_heading
016101,Gafisa S.A.,dropped_or_delisted,2016,2017,0.9183,9460,9321,font_heading,font_heading
016101,Gafisa S.A.,dropped_or_delisted,2017,2018,0.9154,9321,10509,font_heading,font_heading
016101,Gafisa S.A.,dropped_or_delisted,2018,2019,0.9202,10509,7976,font_heading,font_heading
016101,Gafisa S.A.,dropped_or_delisted,2019,2020,0.9196,7976,9382,font_heading,font_heading
016101,Gafisa S.A.,dropped_or_delisted,2020,2021,0.9174,9382,9858,font_heading,font_heading
016101,Gafisa S.A.,dropped_or_delisted,2021,2022,0.8848,9858,8175,font_heading,font_heading
016101,Gafisa S.A.,dropped_or_delisted,2022,2023,0.8787,8175,8508,font_heading,font_heading
016101,Gafisa S.A.,dropped_or_delisted,2023,2024,0.0461,8508,150,font_heading,regex_only
016292,BRF S.A.,dropped_or_delisted,2015,2016,0.0417,14058,689,font_heading,regex_only
016292,BRF S.A.,dropped_or_delisted,2016,2017,0.8646,689,1305,regex_only,regex_only
016292,BRF S.A.,dropped_or_delisted,2017,2018,0.0558,1305,21724,regex_only,font_heading
016292,BRF S.A.,dropped_or_delisted,2018,2019,0.1162,21724,578,font_heading,font_heading
016292,BRF S.A.,dropped_or_delisted,2019,2020,0.0688,578,4833,font_heading,regex_only
016292,BRF S.A.,dropped_or_delisted,2020,2021,0.8263,4833,5457,regex_only,regex_only
016292,BRF S.A.,dropped_or_delisted,2021,2022,0.8387,5457,4879,regex_only,regex_only
016292,BRF S.A.,dropped_or_delisted,2022,2023,0.0866,4879,7521,regex_only,font_heading
016292,BRF S.A.,dropped_or_delisted,2023,2024,0.9445,7521,7917,font_heading,font_heading
016306,Rossi Residencial S.A. - Em Recuperação Judicial,dropped_or_delisted,2015,2016,0.2014,7447,2722,font_heading,font_heading
016306,Rossi Residencial S.A. - Em Recuperação Judicial,dropped_or_delisted,2016,2017,0.1027,2722,1551,font_heading,font_heading
016306,Rossi Residencial S.A. - Em Recuperação Judicial,dropped_or_delisted,2017,2018,0.1777,1551,4872,font_heading,regex_only
016306,Rossi Residencial S.A. - Em Recuperação Judicial,dropped_or_delisted,2018,2020,0.2024,4872,682,regex_only,font_heading
016306,Rossi Residencial S.A. - Em Recuperação Judicial,dropped_or_delisted,2020,2021,0.073,682,6777,font_heading,font_heading
016306,Rossi Residencial S.A. - Em Recuperação Judicial,dropped_or_delisted,2021,2022,0.3716,6777,592,font_heading,font_heading
016306,Rossi Residencial S.A. - Em Recuperação Judicial,dropped_or_delisted,2022,2023,0.7235,592,532,font_heading,font_heading
016306,Rossi Residencial S.A. - Em Recuperação Judicial,dropped_or_delisted,2023,2024,0.2457,532,4224,font_heading,font_heading
017329,ENGIE BRASIL,stayed,2015,2016,0.035,20039,242,regex_only,font_heading
017329,ENGIE BRASIL,stayed,2016,2017,0.1534,242,3983,font_heading,font_heading
017329,ENGIE BRASIL,stayed,2017,2018,0.9413,3983,4181,font_heading,font_heading
017329,ENGIE BRASIL,stayed,2018,2019,0.1397,4181,325,font_heading,font_heading
017329,ENGIE BRASIL,stayed,2019,2020,0.9028,325,421,font_heading,font_heading
017329,ENGIE BRASIL,stayed,2020,2021,0.2093,421,25142,font_heading,font_heading
017329,ENGIE BRASIL,stayed,2021,2022,0.1051,25142,244,font_heading,font_heading
017329,ENGIE BRASIL,stayed,2022,2023,0.0664,244,382,font_heading,font_heading
017329,ENGIE BRASIL,stayed,2023,2024,0.4075,382,1127,font_heading,font_heading
017450,RUMO S.A.,stayed,2015,2016,0.2742,3870,7952,font_heading,font_heading
017450,RUMO S.A.,stayed,2016,2017,0.2315,7952,2860,font_heading,font_heading
017450,RUMO S.A.,stayed,2017,2018,0.1468,2860,8182,font_heading,font_heading
017450,RUMO S.A.,stayed,2018,2019,0.1648,8182,3119,font_heading,font_heading
017450,RUMO S.A.,stayed,2019,2020,0.0909,3119,5555,font_heading,font_heading
017450,RUMO S.A.,stayed,2020,2021,0.1019,5555,6332,font_heading,regex_only
017450,RUMO S.A.,stayed,2021,2022,0.9952,6332,6541,regex_only,regex_only
017450,RUMO S.A.,stayed,2022,2023,0.1638,6541,35683,regex_only,font_heading
017450,RUMO S.A.,stayed,2023,2024,0.9701,35683,38856,font_heading,font_heading
017671,TELEF BRASIL,stayed,2015,2016,0.7692,28026,17162,font_heading,font_heading
017671,TELEF BRASIL,stayed,2016,2017,0.6709,17162,8175,font_heading,font_heading
017671,TELEF BRASIL,stayed,2017,2018,0.9235,8175,10249,font_heading,font_heading
017671,TELEF BRASIL,stayed,2018,2019,0.7411,10249,7547,font_heading,font_heading
017671,TELEF BRASIL,stayed,2019,2020,0.8655,7547,12121,font_heading,font_heading
017671,TELEF BRASIL,stayed,2020,2021,0.7418,12121,6982,font_heading,font_heading
017671,TELEF BRASIL,stayed,2021,2022,0.1651,6982,5949,font_heading,regex_only
017671,TELEF BRASIL,stayed,2022,2023,0.224,5949,15075,regex_only,font_heading
017671,TELEF BRASIL,stayed,2023,2024,0.8232,15075,18193,font_heading,font_heading
017892,Santos Brasil Participações S.A.,dropped_or_delisted,2015,2016,0.8233,4688,6844,font_heading,font_heading
017892,Santos Brasil Participações S.A.,dropped_or_delisted,2016,2017,0.8603,6844,6053,font_heading,font_heading
017892,Santos Brasil Participações S.A.,dropped_or_delisted,2017,2018,0.653,6053,6202,font_heading,font_heading
017892,Santos Brasil Participações S.A.,dropped_or_delisted,2018,2019,0.839,6202,8711,font_heading,font_heading
017892,Santos Brasil Participações S.A.,dropped_or_delisted,2019,2020,0.8436,8711,7312,font_heading,font_heading
017892,Santos Brasil Participações S.A.,dropped_or_delisted,2020,2021,0.9561,7312,7143,font_heading,font_heading
017892,Santos Brasil Participações S.A.,dropped_or_delisted,2021,2022,0.9587,7143,7046,font_heading,font_heading
017892,Santos Brasil Participações S.A.,dropped_or_delisted,2022,2023,0.8345,7046,5564,font_heading,font_heading
017892,Santos Brasil Participações S.A.,dropped_or_delisted,2023,2024,0.8663,5564,7757,font_heading,font_heading
017914,Massa Falida da MMX Mineração e Metálicos S.A.,dropped_or_delisted,2015,2016,0.0338,1008,296,font_heading,font_heading
017914,Massa Falida da MMX Mineração e Metálicos S.A.,dropped_or_delisted,2016,2018,0.3919,296,355,font_heading,font_heading
017914,Massa Falida da MMX Mineração e Metálicos S.A.,dropped_or_delisted,2018,2019,0.1212,355,45386,font_heading,font_heading
017914,Massa Falida da MMX Mineração e Metálicos S.A.,dropped_or_delisted,2019,2020,0.4338,45386,1405,font_heading,regex_only
017973,COGNA ON,stayed,2015,2016,0.8392,4975,3968,font_heading,font_heading
017973,COGNA ON,stayed,2016,2017,0.9773,3968,3638,font_heading,font_heading
017973,COGNA ON,stayed,2017,2018,0.4502,3638,4416,font_heading,font_heading
017973,COGNA ON,stayed,2018,2019,0.1491,4416,2791,font_heading,regex_only
017973,COGNA ON,stayed,2019,2020,0.2477,2791,2263,regex_only,regex_only
017973,COGNA ON,stayed,2020,2021,0.1411,2263,7109,regex_only,regex_only
017973,COGNA ON,stayed,2021,2022,0.164,7109,1844,regex_only,regex_only
017973,COGNA ON,stayed,2022,2023,0.1618,1844,6288,regex_only,regex_only
017973,COGNA ON,stayed,2023,2024,0.2334,6288,7370,regex_only,font_heading
018376,ISA ENERGIA,stayed,2015,2016,0.9762,11348,12544,font_heading,font_heading
018376,ISA ENERGIA,stayed,2016,2017,0.8812,12544,19250,font_heading,font_heading
018376,ISA ENERGIA,stayed,2017,2018,0.7116,19250,15529,font_heading,font_heading
018376,ISA ENERGIA,stayed,2018,2019,0.1163,15529,13122,font_heading,regex_only
018376,ISA ENERGIA,stayed,2019,2020,0.0245,13122,101,regex_only,font_heading
018376,ISA ENERGIA,stayed,2020,2021,0.0921,101,17697,font_heading,font_heading
018376,ISA ENERGIA,stayed,2021,2022,0.0635,17697,137,font_heading,font_heading
018376,ISA ENERGIA,stayed,2022,2023,0.0409,137,8302,font_heading,regex_only
018376,ISA ENERGIA,stayed,2023,2024,0.0409,8302,137,regex_only,font_heading
018465,ULTRAPAR,stayed,2015,2016,0.9473,16113,18070,font_heading,font_heading
018465,ULTRAPAR,stayed,2016,2017,0.925,18070,21145,font_heading,font_heading
018465,ULTRAPAR,stayed,2017,2018,0.9207,21145,22697,font_heading,font_heading
018465,ULTRAPAR,stayed,2018,2019,0.3152,22697,7980,font_heading,regex_only
018465,ULTRAPAR,stayed,2019,2020,0.2094,7980,7765,regex_only,font_heading
018465,ULTRAPAR,stayed,2020,2022,0.707,7765,15272,font_heading,font_heading
018465,ULTRAPAR,stayed,2022,2023,0.5077,15272,3756,font_heading,font_heading
018465,ULTRAPAR,stayed,2023,2024,0.2805,3756,1063,font_heading,font_heading
018627,Cia. de Saneamento do Paraná (Sanepar),dropped_or_delisted,2015,2016,0.7814,29849,36790,regex_only,regex_only
018627,Cia. de Saneamento do Paraná (Sanepar),dropped_or_delisted,2016,2017,0.8124,36790,18979,regex_only,regex_only
018627,Cia. de Saneamento do Paraná (Sanepar),dropped_or_delisted,2017,2018,0.3699,18979,9747,regex_only,regex_only
018627,Cia. de Saneamento do Paraná (Sanepar),dropped_or_delisted,2018,2019,0.392,9747,12165,regex_only,regex_only
018627,Cia. de Saneamento do Paraná (Sanepar),dropped_or_delisted,2019,2020,0.8212,12165,14409,regex_only,regex_only
018627,Cia. de Saneamento do Paraná (Sanepar),dropped_or_delisted,2020,2021,0.1299,14409,19434,regex_only,font_heading
018627,Cia. de Saneamento do Paraná (Sanepar),dropped_or_delisted,2021,2022,0.9868,19434,20248,font_heading,font_heading
018627,Cia. de Saneamento do Paraná (Sanepar),dropped_or_delisted,2022,2023,0.9923,20248,19989,font_heading,font_heading
018627,Cia. de Saneamento do Paraná (Sanepar),dropped_or_delisted,2023,2024,0.8452,19989,16772,font_heading,font_heading
018660,CPFL ENERGIA,stayed,2015,2016,0.9124,4678,4904,font_heading,font_heading
018660,CPFL ENERGIA,stayed,2016,2017,0.4947,4904,19138,font_heading,font_heading
018660,CPFL ENERGIA,stayed,2017,2018,0.5767,19138,10117,font_heading,font_heading
018660,CPFL ENERGIA,stayed,2018,2019,0.9015,10117,7733,font_heading,font_heading
018660,CPFL ENERGIA,stayed,2019,2020,0.927,7733,7737,font_heading,font_heading
018660,CPFL ENERGIA,stayed,2020,2021,0.5958,7737,1691,font_heading,font_heading
018660,CPFL ENERGIA,stayed,2021,2022,0.6389,1691,9052,font_heading,font_heading
018660,CPFL ENERGIA,stayed,2022,2023,0.9726,9052,8482,font_heading,font_heading
018660,CPFL ENERGIA,stayed,2023,2024,0.4554,8482,4118,font_heading,font_heading
018724,BRADESPAR,stayed,2015,2016,0.4702,11722,43152,regex_only,font_heading
018724,BRADESPAR,stayed,2016,2017,0.9152,43152,58200,font_heading,font_heading
018724,BRADESPAR,stayed,2017,2018,0.8307,58200,63961,font_heading,font_heading
018724,BRADESPAR,stayed,2018,2019,0.4,63961,2393,font_heading,font_heading
018724,BRADESPAR,stayed,2019,2020,0.8759,2393,2468,font_heading,font_heading
018724,BRADESPAR,stayed,2020,2021,0.1162,2468,24268,font_heading,regex_only
018821,MOTIVA SA,stayed,2015,2016,0.9298,9423,13449,font_heading,font_heading
018821,MOTIVA SA,stayed,2016,2017,0.9204,13449,11710,font_heading,font_heading
018821,MOTIVA SA,stayed,2017,2018,0.9447,11710,9348,font_heading,font_heading
018821,MOTIVA SA,stayed,2018,2019,0.3003,9348,4644,font_heading,font_heading
018821,MOTIVA SA,stayed,2019,2020,0.5728,4644,31458,font_heading,font_heading
018821,MOTIVA SA,stayed,2020,2021,0.8276,31458,54787,font_heading,font_heading
018821,MOTIVA SA,stayed,2021,2022,0.6759,54787,13867,font_heading,font_heading
018821,MOTIVA SA,stayed,2022,2023,0.939,13867,12155,font_heading,font_heading
018821,MOTIVA SA,stayed,2023,2024,0.0574,12155,2349,font_heading,regex_only
019445,COPASA,stayed,2015,2016,0.8357,16283,10847,font_heading,font_heading
019445,COPASA,stayed,2016,2017,0.7504,10847,8160,font_heading,font_heading
019445,COPASA,stayed,2017,2018,0.791,8160,11609,font_heading,font_heading
019445,COPASA,stayed,2018,2019,0.128,11609,2137,font_heading,font_heading
019445,COPASA,stayed,2019,2020,0.9377,2137,1778,font_heading,font_heading
019445,COPASA,stayed,2020,2021,0.1754,1778,11512,font_heading,font_heading
019445,COPASA,stayed,2021,2022,0.8162,11512,8878,font_heading,font_heading
019445,COPASA,stayed,2022,2023,0.2128,8878,1971,font_heading,font_heading
019445,COPASA,stayed,2023,2024,0.1879,1971,9557,font_heading,font_heading
019453,Ecorodovias Infraestrutura e Logística S.A.,dropped_or_delisted,2015,2016,0.9329,15235,14580,font_heading,font_heading
019453,Ecorodovias Infraestrutura e Logística S.A.,dropped_or_delisted,2016,2017,0.482,14580,25398,font_heading,font_heading
019453,Ecorodovias Infraestrutura e Logística S.A.,dropped_or_delisted,2017,2018,0.8879,25398,30686,font_heading,font_heading
019453,Ecorodovias Infraestrutura e Logística S.A.,dropped_or_delisted,2018,2019,0.9842,30686,36829,font_heading,font_heading
019453,Ecorodovias Infraestrutura e Logística S.A.,dropped_or_delisted,2019,2020,0.3809,36829,8710,font_heading,font_heading
019453,Ecorodovias Infraestrutura e Logística S.A.,dropped_or_delisted,2020,2021,0.3318,8710,23998,font_heading,regex_only
019453,Ecorodovias Infraestrutura e Logística S.A.,dropped_or_delisted,2021,2022,0.2191,23998,13937,regex_only,font_heading
019453,Ecorodovias Infraestrutura e Logística S.A.,dropped_or_delisted,2022,2023,0.7688,13937,9155,font_heading,font_heading
019453,Ecorodovias Infraestrutura e Logística S.A.,dropped_or_delisted,2023,2024,0.3764,9155,10653,font_heading,font_heading
019550,NATURA,stayed,2015,2016,0.4103,9237,5875,font_heading,regex_only
019550,NATURA,stayed,2016,2017,0.4155,5875,15583,regex_only,font_heading
019550,NATURA,stayed,2017,2018,0.0904,15583,357,font_heading,font_heading
019550,NATURA,stayed,2018,2019,0.1401,357,128,font_heading,font_heading
019550,NATURA,stayed,2019,2020,1.0,128,189,font_heading,font_heading
019550,NATURA,stayed,2020,2021,1.0,189,177,font_heading,font_heading
019550,NATURA,stayed,2021,2022,1.0,177,177,font_heading,font_heading
019550,NATURA,stayed,2022,2024,1.0,177,171,font_heading,font_heading
019569,Gol Linhas Aéreas Inteligentes S.A.,dropped_or_delisted,2015,2016,0.8184,12418,6087,font_heading,font_heading
019569,Gol Linhas Aéreas Inteligentes S.A.,dropped_or_delisted,2016,2017,0.8744,6087,15564,font_heading,font_heading
019569,Gol Linhas Aéreas Inteligentes S.A.,dropped_or_delisted,2017,2018,0.8767,15564,15388,font_heading,font_heading
019569,Gol Linhas Aéreas Inteligentes S.A.,dropped_or_delisted,2018,2019,0.7721,15388,13222,font_heading,font_heading
019569,Gol Linhas Aéreas Inteligentes S.A.,dropped_or_delisted,2019,2020,0.6834,13222,17146,font_heading,font_heading
019569,Gol Linhas Aéreas Inteligentes S.A.,dropped_or_delisted,2020,2021,0.843,17146,14631,font_heading,font_heading
019569,Gol Linhas Aéreas Inteligentes S.A.,dropped_or_delisted,2021,2022,0.8924,14631,15643,font_heading,font_heading
019569,Gol Linhas Aéreas Inteligentes S.A.,dropped_or_delisted,2022,2023,0.1755,15643,868,font_heading,font_heading
019569,Gol Linhas Aéreas Inteligentes S.A.,dropped_or_delisted,2023,2024,0.0259,868,382,font_heading,font_heading
019623,Diagnósticos da América S.A. (Dasa),dropped_or_delisted,2015,2016,0.9359,14621,15689,font_heading,font_heading
019623,Diagnósticos da América S.A. (Dasa),dropped_or_delisted,2016,2017,0.5718,15689,7299,font_heading,font_heading
019623,Diagnósticos da América S.A. (Dasa),dropped_or_delisted,2017,2018,0.7454,7299,4634,font_heading,font_heading
019623,Diagnósticos da América S.A. (Dasa),dropped_or_delisted,2018,2019,0.8994,4634,3530,font_heading,font_heading
019623,Diagnósticos da América S.A. (Dasa),dropped_or_delisted,2019,2020,0.9084,3530,5414,font_heading,font_heading
019623,Diagnósticos da América S.A. (Dasa),dropped_or_delisted,2020,2021,0.7251,5414,9547,font_heading,font_heading
019623,Diagnósticos da América S.A. (Dasa),dropped_or_delisted,2021,2022,0.8289,9547,5936,font_heading,font_heading
019623,Diagnósticos da América S.A. (Dasa),dropped_or_delisted,2022,2023,0.4304,5936,1547,font_heading,font_heading
019623,Diagnósticos da América S.A. (Dasa),dropped_or_delisted,2023,2024,0.2539,1547,10077,font_heading,font_heading
019739,LOCALIZA,stayed,2015,2016,0.1449,23783,830,regex_only,font_heading
019739,LOCALIZA,stayed,2016,2017,0.8097,830,439,font_heading,font_heading
019739,LOCALIZA,stayed,2017,2018,0.6085,439,1012,font_heading,font_heading
019739,LOCALIZA,stayed,2018,2019,0.9875,1012,1108,font_heading,font_heading
019739,LOCALIZA,stayed,2019,2020,0.7844,1108,10470,font_heading,font_heading
019739,LOCALIZA,stayed,2020,2021,0.9816,10470,11718,font_heading,font_heading
019739,LOCALIZA,stayed,2021,2022,0.7651,11718,22520,font_heading,font_heading
019739,LOCALIZA,stayed,2022,2023,0.9444,22520,24362,font_heading,font_heading
019739,LOCALIZA,stayed,2023,2024,0.9533,24362,27006,font_heading,font_heading
019763,EDP Energias do Brasil S/A,dropped_or_delisted,2015,2016,0.9217,687,707,font_heading,font_heading
019763,EDP Energias do Brasil S/A,dropped_or_delisted,2016,2017,0.9866,707,709,font_heading,font_heading
019763,EDP Energias do Brasil S/A,dropped_or_delisted,2017,2018,0.0035,709,904,font_heading,font_heading
019763,EDP Energias do Brasil S/A,dropped_or_delisted,2018,2019,0.0035,904,776,font_heading,font_heading
019763,EDP Energias do Brasil S/A,dropped_or_delisted,2019,2020,1.0,776,756,font_heading,font_heading
019763,EDP Energias do Brasil S/A,dropped_or_delisted,2020,2021,0.9374,756,872,font_heading,font_heading
019763,EDP Energias do Brasil S/A,dropped_or_delisted,2021,2022,1.0,872,790,font_heading,font_heading
019763,EDP Energias do Brasil S/A,dropped_or_delisted,2022,2023,0.9374,790,765,font_heading,font_heading
019763,EDP Energias do Brasil S/A,dropped_or_delisted,2023,2024,0.9241,765,643,font_heading,font_heading
019836,COSAN,stayed,2015,2016,0.4037,43724,11221,font_heading,font_heading
019836,COSAN,stayed,2016,2017,0.1314,11221,2447,font_heading,font_heading
019836,COSAN,stayed,2017,2018,0.0388,2447,4903,font_heading,font_heading
019836,COSAN,stayed,2018,2019,0.8055,4903,4560,font_heading,font_heading
019836,COSAN,stayed,2019,2020,0.6413,4560,10620,font_heading,font_heading
019836,COSAN,stayed,2020,2021,0.7974,10620,12354,font_heading,font_heading
019836,COSAN,stayed,2021,2022,0.7305,12354,10560,font_heading,font_heading
019836,COSAN,stayed,2022,2023,0.5765,10560,15390,font_heading,font_heading
019836,COSAN,stayed,2023,2024,0.1241,15390,1530,font_heading,font_heading
019879,Light S.A. - Em Recuperação Judicial,dropped_or_delisted,2017,2018,0.3836,14242,30379,regex_only,font_heading
019879,Light S.A. - Em Recuperação Judicial,dropped_or_delisted,2018,2019,0.9943,30379,27401,font_heading,font_heading
019879,Light S.A. - Em Recuperação Judicial,dropped_or_delisted,2019,2021,0.9637,27401,2874,font_heading,font_heading
019879,Light S.A. - Em Recuperação Judicial,dropped_or_delisted,2021,2022,0.9177,2874,16761,font_heading,font_heading
019879,Light S.A. - Em Recuperação Judicial,dropped_or_delisted,2022,2023,0.8953,16761,7503,font_heading,font_heading
019879,Light S.A. - Em Recuperação Judicial,dropped_or_delisted,2023,2024,0.7616,7503,16450,font_heading,font_heading
019909,BR Malls Participações S.A.,dropped_or_delisted,2015,2016,0.1126,168,137,font_heading,font_heading
019909,BR Malls Participações S.A.,dropped_or_delisted,2016,2017,0.1126,137,168,font_heading,font_heading
019909,BR Malls Participações S.A.,dropped_or_delisted,2017,2019,0.0436,168,991,font_heading,font_heading
019909,BR Malls Participações S.A.,dropped_or_delisted,2019,2020,0.3758,991,1505,font_heading,font_heading
019909,BR Malls Participações S.A.,dropped_or_delisted,2020,2021,0.1412,1505,5319,font_heading,font_heading
019909,BR Malls Participações S.A.,dropped_or_delisted,2021,2022,0.8106,5319,5606,font_heading,font_heading
019909,BR Malls Participações S.A.,dropped_or_delisted,2022,2023,0.8162,5606,4244,font_heading,font_heading
019909,BR Malls Participações S.A.,dropped_or_delisted,2023,2024,0.3252,4244,6967,font_heading,font_heading
019925,BR Properties S.A.,dropped_or_delisted,2015,2016,0.7125,6506,15592,font_heading,font_heading
019925,BR Properties S.A.,dropped_or_delisted,2016,2017,0.9247,15592,12223,font_heading,font_heading
019925,BR Properties S.A.,dropped_or_delisted,2017,2018,0.6725,12223,11005,font_heading,font_heading
019925,BR Properties S.A.,dropped_or_delisted,2018,2019,0.9663,11005,11809,font_heading,font_heading
019925,BR Properties S.A.,dropped_or_delisted,2019,2020,0.8949,11809,12403,font_heading,font_heading
019925,BR Properties S.A.,dropped_or_delisted,2020,2021,0.9758,12403,14446,font_heading,font_heading
019925,BR Properties S.A.,dropped_or_delisted,2021,2022,0.5113,14446,7339,font_heading,font_heading
019992,TOTVS,stayed,2015,2016,0.9131,6249,6499,font_heading,font_heading
019992,TOTVS,stayed,2016,2017,0.8754,6499,6265,font_heading,font_heading
019992,TOTVS,stayed,2017,2018,0.9328,6265,5505,font_heading,font_heading
019992,TOTVS,stayed,2018,2019,0.8803,5505,5432,font_heading,font_heading
019992,TOTVS,stayed,2019,2020,0.2001,5432,3835,font_heading,regex_only
019992,TOTVS,stayed,2020,2021,0.2903,3835,2439,regex_only,font_heading
019992,TOTVS,stayed,2021,2022,0.8614,2439,2561,font_heading,font_heading
019992,TOTVS,stayed,2022,2023,0.9277,2561,2132,font_heading,font_heading
019992,TOTVS,stayed,2023,2024,0.8773,2132,2914,font_heading,font_heading
020010,EQUATORIAL,stayed,2015,2016,0.3088,2225,11692,font_heading,font_heading
020010,EQUATORIAL,stayed,2016,2017,0.9076,11692,14847,font_heading,font_heading
020010,EQUATORIAL,stayed,2017,2018,0.9185,14847,20180,font_heading,font_heading
020010,EQUATORIAL,stayed,2018,2020,0.4116,20180,8046,font_heading,font_heading
020010,EQUATORIAL,stayed,2020,2021,0.6737,8046,10833,font_heading,font_heading
020010,EQUATORIAL,stayed,2021,2022,0.3111,10833,2725,font_heading,font_heading
020010,EQUATORIAL,stayed,2022,2024,0.2235,2725,7485,font_heading,regex_only
020087,EMBRAER,stayed,2016,2017,0.9687,8126,8610,font_heading,font_heading
020087,EMBRAER,stayed,2017,2019,0.1283,8610,14862,font_heading,regex_only
020087,EMBRAER,stayed,2019,2021,0.1057,14862,18619,regex_only,regex_only
020087,EMBRAER,stayed,2021,2023,0.0875,18619,5696,regex_only,font_heading
020087,EMBRAER,stayed,2023,2024,0.6579,5696,4372,font_heading,font_heading
020257,TAESA,stayed,2015,2017,0.6821,17590,11617,font_heading,font_heading
020257,TAESA,stayed,2017,2018,0.2487,11617,62673,font_heading,font_heading
020257,TAESA,stayed,2018,2019,0.2455,62673,2580,font_heading,font_heading
020257,TAESA,stayed,2019,2020,0.1988,2580,10742,font_heading,regex_only
020257,TAESA,stayed,2020,2021,0.0347,10742,2365,regex_only,regex_only
020257,TAESA,stayed,2021,2022,0.0771,2365,83109,regex_only,font_heading
020257,TAESA,stayed,2022,2023,0.5005,83109,12343,font_heading,font_heading
020257,TAESA,stayed,2023,2024,0.5553,12343,84843,font_heading,font_heading
020362,Positivo Tecnologia S.A.,dropped_or_delisted,2015,2016,0.9349,10028,11128,regex_only,regex_only
020362,Positivo Tecnologia S.A.,dropped_or_delisted,2016,2017,0.2095,11128,6002,regex_only,regex_only
020362,Positivo Tecnologia S.A.,dropped_or_delisted,2017,2018,0.0404,6002,5713,regex_only,regex_only
020362,Positivo Tecnologia S.A.,dropped_or_delisted,2018,2019,0.0539,5713,6062,regex_only,regex_only
020362,Positivo Tecnologia S.A.,dropped_or_delisted,2019,2020,0.0014,6062,140,regex_only,regex_only
020362,Positivo Tecnologia S.A.,dropped_or_delisted,2020,2021,0.04,140,5757,regex_only,font_heading
020362,Positivo Tecnologia S.A.,dropped_or_delisted,2021,2022,0.112,5757,116,font_heading,font_heading
020362,Positivo Tecnologia S.A.,dropped_or_delisted,2022,2023,0.1788,116,5059,font_heading,font_heading
020478,PDG Realty S.A. Empreendimentos e Participações,dropped_or_delisted,2015,2016,0.5326,2925,14388,font_heading,font_heading
020478,PDG Realty S.A. Empreendimentos e Participações,dropped_or_delisted,2016,2017,0.8328,14388,12479,font_heading,font_heading
020478,PDG Realty S.A. Empreendimentos e Participações,dropped_or_delisted,2017,2018,0.0933,12479,1862,font_heading,regex_only
020478,PDG Realty S.A. Empreendimentos e Participações,dropped_or_delisted,2018,2019,0.8291,1862,2566,regex_only,regex_only
020478,PDG Realty S.A. Empreendimentos e Participações,dropped_or_delisted,2019,2020,0.4897,2566,5103,regex_only,regex_only
020478,PDG Realty S.A. Empreendimentos e Participações,dropped_or_delisted,2020,2021,0.4587,5103,1127,regex_only,regex_only
020478,PDG Realty S.A. Empreendimentos e Participações,dropped_or_delisted,2021,2022,0.4159,1127,2405,regex_only,regex_only
020478,PDG Realty S.A. Empreendimentos e Participações,dropped_or_delisted,2022,2023,0.2743,2405,3332,regex_only,regex_only
020478,PDG Realty S.A. Empreendimentos e Participações,dropped_or_delisted,2023,2024,0.2352,3332,2258,regex_only,regex_only
020494,Iguatemi Empresa de Shopping Centers S/A (pre-restructuring entity),dropped_or_delisted,2015,2016,0.9731,23831,22208,font_heading,font_heading
020494,Iguatemi Empresa de Shopping Centers S/A (pre-restructuring entity),dropped_or_delisted,2016,2017,0.8464,22208,18088,font_heading,font_heading
020494,Iguatemi Empresa de Shopping Centers S/A (pre-restructuring entity),dropped_or_delisted,2017,2018,0.927,18088,19235,font_heading,font_heading
020494,Iguatemi Empresa de Shopping Centers S/A (pre-restructuring entity),dropped_or_delisted,2018,2020,0.214,19235,9194,font_heading,regex_only
020494,Iguatemi Empresa de Shopping Centers S/A (pre-restructuring entity),dropped_or_delisted,2020,2021,0.1119,9194,10693,regex_only,font_heading
020494,Iguatemi Empresa de Shopping Centers S/A (pre-restructuring entity),dropped_or_delisted,2021,2022,0.8202,10693,18986,font_heading,font_heading
020494,Iguatemi Empresa de Shopping Centers S/A (pre-restructuring entity),dropped_or_delisted,2022,2023,0.9824,18986,18890,font_heading,font_heading
020494,Iguatemi Empresa de Shopping Centers S/A (pre-restructuring entity),dropped_or_delisted,2023,2024,0.9335,18890,15286,font_heading,font_heading
020516,São Martinho S.A.,dropped_or_delisted,2015,2016,0.9446,4492,4593,regex_only,regex_only
020516,São Martinho S.A.,dropped_or_delisted,2016,2017,0.962,4593,4899,regex_only,regex_only
020516,São Martinho S.A.,dropped_or_delisted,2017,2018,0.9868,4899,3809,regex_only,regex_only
020516,São Martinho S.A.,dropped_or_delisted,2018,2019,0.1375,3809,4267,regex_only,font_heading
020516,São Martinho S.A.,dropped_or_delisted,2019,2020,0.1204,4267,1388,font_heading,regex_only
020516,São Martinho S.A.,dropped_or_delisted,2020,2021,0.069,1388,1615,regex_only,font_heading
020516,São Martinho S.A.,dropped_or_delisted,2021,2022,0.3674,1615,6928,font_heading,font_heading
020516,São Martinho S.A.,dropped_or_delisted,2022,2023,0.9233,6928,6211,font_heading,font_heading
020516,São Martinho S.A.,dropped_or_delisted,2023,2024,0.2473,6211,14850,font_heading,regex_only
020524,Even Construtora e Incorporadora S/A,dropped_or_delisted,2015,2016,0.1488,4881,3990,font_heading,font_heading
020524,Even Construtora e Incorporadora S/A,dropped_or_delisted,2016,2017,0.8291,3990,3584,font_heading,font_heading
020524,Even Construtora e Incorporadora S/A,dropped_or_delisted,2017,2018,0.0118,3584,5385,font_heading,regex_only
020524,Even Construtora e Incorporadora S/A,dropped_or_delisted,2018,2019,0.0135,5385,3346,regex_only,font_heading
020524,Even Construtora e Incorporadora S/A,dropped_or_delisted,2019,2020,0.0267,3346,4582,font_heading,regex_only
020524,Even Construtora e Incorporadora S/A,dropped_or_delisted,2020,2021,0.3935,4582,4366,regex_only,regex_only
020524,Even Construtora e Incorporadora S/A,dropped_or_delisted,2021,2022,0.8667,4366,6542,regex_only,regex_only
020524,Even Construtora e Incorporadora S/A,dropped_or_delisted,2022,2023,0.1019,6542,3659,regex_only,font_heading
020524,Even Construtora e Incorporadora S/A,dropped_or_delisted,2023,2024,0.1699,3659,983,font_heading,font_heading
020605,JHSF Participações S.A.,dropped_or_delisted,2015,2016,0.9489,2678,2137,regex_only,regex_only
020605,JHSF Participações S.A.,dropped_or_delisted,2016,2017,0.9644,2137,1857,regex_only,regex_only
020605,JHSF Participações S.A.,dropped_or_delisted,2017,2019,0.9797,1857,2011,regex_only,regex_only
020605,JHSF Participações S.A.,dropped_or_delisted,2019,2020,0.2452,2011,1102,regex_only,regex_only
020605,JHSF Participações S.A.,dropped_or_delisted,2020,2021,0.0537,1102,266,regex_only,regex_only
020605,JHSF Participações S.A.,dropped_or_delisted,2021,2022,0.0488,266,3312,regex_only,regex_only
020605,JHSF Participações S.A.,dropped_or_delisted,2022,2023,0.7901,3312,4764,regex_only,regex_only
020605,JHSF Participações S.A.,dropped_or_delisted,2023,2024,0.043,4764,394,regex_only,regex_only
020745,SLC AGRICOLA,stayed,2020,2021,0.9373,7972,6226,font_heading,font_heading
020745,SLC AGRICOLA,stayed,2021,2022,0.8416,6226,4527,font_heading,font_heading
020745,SLC AGRICOLA,stayed,2022,2023,0.7277,4527,4229,font_heading,font_heading
020745,SLC AGRICOLA,stayed,2023,2024,0.5878,4229,12758,font_heading,font_heading
020770,EZ Tec Empreendimentos e Participações S/A,dropped_or_delisted,2015,2016,0.9928,1160,1169,font_heading,font_heading
020770,EZ Tec Empreendimentos e Participações S/A,dropped_or_delisted,2016,2017,0.9956,1169,1170,font_heading,font_heading
020770,EZ Tec Empreendimentos e Participações S/A,dropped_or_delisted,2017,2018,0.9933,1170,1144,font_heading,font_heading
020770,EZ Tec Empreendimentos e Participações S/A,dropped_or_delisted,2018,2019,0.938,1144,1276,font_heading,font_heading
020770,EZ Tec Empreendimentos e Participações S/A,dropped_or_delisted,2019,2021,0.9072,1276,1276,font_heading,font_heading
020770,EZ Tec Empreendimentos e Participações S/A,dropped_or_delisted,2021,2022,0.6849,1276,3322,font_heading,font_heading
020770,EZ Tec Empreendimentos e Participações S/A,dropped_or_delisted,2022,2023,0.9762,3322,3631,font_heading,font_heading
020770,EZ Tec Empreendimentos e Participações S/A,dropped_or_delisted,2023,2024,0.8848,3631,4384,font_heading,font_heading
020788,MARFRIG,stayed,2015,2016,0.9705,16520,20447,font_heading,font_heading
020788,MARFRIG,stayed,2016,2017,0.0613,20447,117,font_heading,font_heading
020788,MARFRIG,stayed,2017,2019,1.0,117,117,font_heading,font_heading
020788,MARFRIG,stayed,2019,2020,1.0,117,117,font_heading,font_heading
020788,MARFRIG,stayed,2020,2021,0.1905,117,7719,font_heading,font_heading
020788,MARFRIG,stayed,2021,2022,0.6442,7719,8859,font_heading,font_heading
020788,MARFRIG,stayed,2022,2023,0.656,8859,9363,font_heading,font_heading
020788,MARFRIG,stayed,2023,2024,0.4985,9363,2978,font_heading,font_heading
020915,MRV,stayed,2015,2016,0.7608,5979,7654,regex_only,regex_only
020915,MRV,stayed,2016,2017,0.8,7654,5438,regex_only,regex_only
020915,MRV,stayed,2017,2018,0.6138,5438,3261,regex_only,regex_only
020915,MRV,stayed,2018,2019,0.1356,3261,12970,regex_only,regex_only
020915,MRV,stayed,2019,2021,0.1609,12970,19037,regex_only,font_heading
020915,MRV,stayed,2021,2022,0.7926,19037,21706,font_heading,font_heading
020915,MRV,stayed,2022,2023,0.9789,21706,22888,font_heading,font_heading
020915,MRV,stayed,2023,2024,0.9719,22888,21203,font_heading,font_heading
020931,MINERVA,stayed,2015,2016,0.9678,661,718,regex_only,regex_only
020931,MINERVA,stayed,2016,2017,0.0552,718,5027,regex_only,font_heading
020931,MINERVA,stayed,2017,2018,0.0233,5027,1152,font_heading,regex_only
020931,MINERVA,stayed,2018,2019,0.0487,1152,4213,regex_only,font_heading
020931,MINERVA,stayed,2019,2020,0.0442,4213,1667,font_heading,regex_only
020931,MINERVA,stayed,2020,2021,0.0752,1667,19117,regex_only,font_heading
020931,MINERVA,stayed,2021,2022,0.9715,19117,20738,font_heading,font_heading
020931,MINERVA,stayed,2022,2023,0.9771,20738,22809,font_heading,font_heading
020931,MINERVA,stayed,2023,2024,0.9635,22809,27384,font_heading,font_heading
020982,MULTIPLAN,stayed,2015,2016,0.9099,24248,20028,font_heading,font_heading
020982,MULTIPLAN,stayed,2016,2017,0.9743,20028,23411,font_heading,font_heading
020982,MULTIPLAN,stayed,2017,2018,0.8968,23411,28237,font_heading,font_heading
020982,MULTIPLAN,stayed,2018,2019,0.4713,28237,116107,font_heading,font_heading
020982,MULTIPLAN,stayed,2019,2020,0.4708,116107,28421,font_heading,font_heading
020982,MULTIPLAN,stayed,2020,2021,0.9717,28421,26955,font_heading,font_heading
020982,MULTIPLAN,stayed,2021,2022,0.9533,26955,22429,font_heading,font_heading
020982,MULTIPLAN,stayed,2022,2023,0.6168,22429,51456,font_heading,font_heading
020982,MULTIPLAN,stayed,2023,2024,0.8632,51456,42626,font_heading,font_heading
020990,Americanas S.A. - Em Recuperação Judicial,dropped_or_delisted,2015,2016,0.7636,12599,19484,regex_only,regex_only
020990,Americanas S.A. - Em Recuperação Judicial,dropped_or_delisted,2016,2017,0.6305,19484,9601,regex_only,regex_only
020990,Americanas S.A. - Em Recuperação Judicial,dropped_or_delisted,2017,2020,0.1397,9601,12966,regex_only,regex_only
020990,Americanas S.A. - Em Recuperação Judicial,dropped_or_delisted,2020,2021,0.1358,12966,8891,regex_only,font_heading
020990,Americanas S.A. - Em Recuperação Judicial,dropped_or_delisted,2021,2022,0.9303,8891,10154,font_heading,font_heading
020990,Americanas S.A. - Em Recuperação Judicial,dropped_or_delisted,2022,2023,0.783,10154,10059,font_heading,font_heading
020990,Americanas S.A. - Em Recuperação Judicial,dropped_or_delisted,2023,2024,0.5458,10059,2897,font_heading,font_heading
021016,YDUQS PART,stayed,2015,2016,0.6239,8768,4243,font_heading,font_heading
021016,YDUQS PART,stayed,2016,2017,0.0834,4243,648,font_heading,font_heading
021016,YDUQS PART,stayed,2017,2018,1.0,648,648,font_heading,font_heading
021016,YDUQS PART,stayed,2018,2019,1.0,648,648,font_heading,font_heading
021016,YDUQS PART,stayed,2019,2020,0.0912,648,1983,font_heading,regex_only
021016,YDUQS PART,stayed,2020,2021,0.0625,1983,9829,regex_only,regex_only
021016,YDUQS PART,stayed,2021,2022,0.9862,9829,10726,regex_only,regex_only
021016,YDUQS PART,stayed,2022,2023,0.0736,10726,396,regex_only,regex_only
021016,YDUQS PART,stayed,2023,2024,0.0391,396,9001,regex_only,regex_only
021091,Dexco S.A. (formerly Duratex),dropped_or_delisted,2015,2016,0.9325,43581,48409,font_heading,font_heading
021091,Dexco S.A. (formerly Duratex),dropped_or_delisted,2016,2017,0.9333,48409,53197,font_heading,font_heading
021091,Dexco S.A. (formerly Duratex),dropped_or_delisted,2017,2018,0.9523,53197,54652,font_heading,font_heading
021091,Dexco S.A. (formerly Duratex),dropped_or_delisted,2018,2019,0.9167,54652,59065,font_heading,font_heading
021091,Dexco S.A. (formerly Duratex),dropped_or_delisted,2019,2020,0.9469,59065,65472,font_heading,font_heading
021091,Dexco S.A. (formerly Duratex),dropped_or_delisted,2020,2021,0.8475,65472,57020,font_heading,font_heading
021091,Dexco S.A. (formerly Duratex),dropped_or_delisted,2021,2022,0.9325,57020,67805,font_heading,font_heading
021091,Dexco S.A. (formerly Duratex),dropped_or_delisted,2022,2023,0.9729,67805,66623,font_heading,font_heading
021091,Dexco S.A. (formerly Duratex),dropped_or_delisted,2023,2024,0.4454,66623,11764,font_heading,font_heading
021237,ENEVA,stayed,2015,2016,0.5526,23415,7861,font_heading,font_heading
021237,ENEVA,stayed,2016,2017,0.1911,7861,1422,font_heading,font_heading
021237,ENEVA,stayed,2017,2018,0.2342,1422,14344,font_heading,font_heading
021237,ENEVA,stayed,2018,2019,0.1237,14344,332,font_heading,font_heading
021237,ENEVA,stayed,2019,2020,0.1904,332,3836,font_heading,font_heading
021237,ENEVA,stayed,2020,2021,0.9462,3836,4039,font_heading,font_heading
021237,ENEVA,stayed,2021,2022,0.0125,4039,51,font_heading,regex_only
021237,ENEVA,stayed,2022,2023,0.0776,51,16722,regex_only,font_heading
021237,ENEVA,stayed,2023,2024,0.3988,16722,18082,font_heading,regex_only
021350,DIRECIONAL,stayed,2015,2016,0.829,2774,2119,font_heading,font_heading
021350,DIRECIONAL,stayed,2016,2017,0.0833,2119,1256,font_heading,font_heading
021350,DIRECIONAL,stayed,2017,2018,0.0829,1256,5846,font_heading,regex_only
021350,DIRECIONAL,stayed,2018,2019,0.8483,5846,5405,regex_only,regex_only
021350,DIRECIONAL,stayed,2019,2020,0.4862,5405,2565,regex_only,regex_only
021350,DIRECIONAL,stayed,2020,2021,0.0712,2565,7530,regex_only,regex_only
021350,DIRECIONAL,stayed,2021,2022,0.8934,7530,12101,regex_only,regex_only
021350,DIRECIONAL,stayed,2022,2023,0.8738,12101,7639,regex_only,regex_only
021350,DIRECIONAL,stayed,2023,2024,0.0083,7639,222,regex_only,regex_only
021431,HYPERA,stayed,2015,2016,0.8288,7145,4386,font_heading,font_heading
021431,HYPERA,stayed,2016,2017,0.4829,4386,7971,font_heading,font_heading
021431,HYPERA,stayed,2017,2018,0.9203,7971,7263,font_heading,font_heading
021431,HYPERA,stayed,2018,2019,0.9187,7263,10966,font_heading,font_heading
021431,HYPERA,stayed,2019,2020,0.9197,10966,12912,font_heading,font_heading
021431,HYPERA,stayed,2020,2021,0.9463,12912,14355,font_heading,font_heading
021431,HYPERA,stayed,2021,2022,0.9355,14355,17498,font_heading,font_heading
021431,HYPERA,stayed,2022,2023,0.9643,17498,18355,font_heading,font_heading
021431,HYPERA,stayed,2023,2024,0.9656,18355,19434,font_heading,font_heading
021881,FLEURY,stayed,2015,2016,0.0521,3076,1847,font_heading,regex_only
021881,FLEURY,stayed,2016,2017,0.0514,1847,757,regex_only,regex_only
021881,FLEURY,stayed,2017,2018,0.0578,757,4237,regex_only,font_heading
021881,FLEURY,stayed,2018,2019,0.8922,4237,4042,font_heading,font_heading
021881,FLEURY,stayed,2019,2020,0.1092,4042,617,font_heading,regex_only
021881,FLEURY,stayed,2020,2021,0.1216,617,4983,regex_only,font_heading
021881,FLEURY,stayed,2021,2022,0.9845,4983,5456,font_heading,font_heading
021881,FLEURY,stayed,2022,2023,0.9057,5456,6469,font_heading,font_heading
021881,FLEURY,stayed,2023,2024,0.6994,6469,4716,font_heading,font_heading
022187,PRIO,stayed,2015,2016,0.0533,3533,3128,font_heading,regex_only
022187,PRIO,stayed,2016,2017,0.1352,3128,4238,regex_only,regex_only
022187,PRIO,stayed,2017,2018,0.0858,4238,3027,regex_only,regex_only
022187,PRIO,stayed,2018,2019,0.0787,3027,6934,regex_only,font_heading
022187,PRIO,stayed,2019,2020,0.0046,6934,39,font_heading,font_heading
022187,PRIO,stayed,2020,2021,0.0038,39,7693,font_heading,regex_only
022349,AZZAS 2154,stayed,2015,2016,0.9553,3375,3226,font_heading,font_heading
022349,AZZAS 2154,stayed,2016,2017,0.8956,3226,4863,font_heading,font_heading
022349,AZZAS 2154,stayed,2017,2018,0.858,4863,6709,font_heading,font_heading
022349,AZZAS 2154,stayed,2018,2019,0.9304,6709,5976,font_heading,font_heading
022349,AZZAS 2154,stayed,2019,2021,0.8685,5976,6852,font_heading,font_heading
022349,AZZAS 2154,stayed,2021,2022,0.9598,6852,6314,font_heading,font_heading
022349,AZZAS 2154,stayed,2022,2023,0.9704,6314,6276,font_heading,font_heading
022349,AZZAS 2154,stayed,2023,2024,0.7836,6276,7794,font_heading,font_heading
022357,ALLOS,stayed,2015,2016,0.7593,8449,5021,font_heading,font_heading
022357,ALLOS,stayed,2016,2017,0.9295,5021,6107,font_heading,font_heading
022357,ALLOS,stayed,2017,2018,0.9668,6107,6544,font_heading,font_heading
022357,ALLOS,stayed,2018,2020,0.0843,6544,219,font_heading,regex_only
022357,ALLOS,stayed,2020,2022,0.1121,219,9626,regex_only,font_heading
022357,ALLOS,stayed,2022,2023,0.6085,9626,8340,font_heading,font_heading
022357,ALLOS,stayed,2023,2024,0.8833,8340,11962,font_heading,font_heading
022470,MAGAZ LUIZA,stayed,2015,2016,0.4065,2390,2794,regex_only,regex_only
022470,MAGAZ LUIZA,stayed,2016,2017,0.3059,2794,5080,regex_only,regex_only
022470,MAGAZ LUIZA,stayed,2017,2018,0.1363,5080,3489,regex_only,font_heading
022470,MAGAZ LUIZA,stayed,2018,2019,0.1311,3489,8540,font_heading,regex_only
022470,MAGAZ LUIZA,stayed,2019,2020,0.1025,8540,2709,regex_only,regex_only
022470,MAGAZ LUIZA,stayed,2020,2021,0.0966,2709,3599,regex_only,font_heading
022470,MAGAZ LUIZA,stayed,2021,2022,0.1077,3599,6769,font_heading,regex_only
022470,MAGAZ LUIZA,stayed,2022,2023,0.983,6769,7978,regex_only,regex_only
022470,MAGAZ LUIZA,stayed,2023,2024,0.9419,7978,8837,regex_only,regex_only
022691,Companhia de Locação das Américas (Locamerica),dropped_or_delisted,2015,2016,0.9443,5294,5539,font_heading,font_heading
022691,Companhia de Locação das Américas (Locamerica),dropped_or_delisted,2016,2017,0.9481,5539,7316,font_heading,font_heading
022691,Companhia de Locação das Américas (Locamerica),dropped_or_delisted,2017,2018,0.1548,7316,1448,font_heading,regex_only
022691,Companhia de Locação das Américas (Locamerica),dropped_or_delisted,2018,2019,0.9553,1448,1533,regex_only,regex_only
022691,Companhia de Locação das Américas (Locamerica),dropped_or_delisted,2019,2020,0.0659,1533,1056,regex_only,regex_only
022691,Companhia de Locação das Américas (Locamerica),dropped_or_delisted,2020,2021,0.1014,1056,15139,regex_only,regex_only
022691,Companhia de Locação das Américas (Locamerica),dropped_or_delisted,2021,2022,0.1274,15139,12373,regex_only,font_heading
022691,Companhia de Locação das Américas (Locamerica),dropped_or_delisted,2022,2023,0.9117,12373,12467,font_heading,font_heading
022691,Companhia de Locação das Américas (Locamerica),dropped_or_delisted,2023,2024,0.0682,12467,4902,font_heading,regex_only
023140,Smiles S.A.,dropped_or_delisted,2015,2016,0.9783,10693,9715,regex_only,regex_only
023264,AMBEV S/A,stayed,2015,2016,0.9471,1633,1715,font_heading,font_heading
023264,AMBEV S/A,stayed,2016,2017,0.9997,1715,1712,font_heading,font_heading
023264,AMBEV S/A,stayed,2017,2018,0.9486,1712,2042,font_heading,font_heading
023264,AMBEV S/A,stayed,2018,2019,0.9257,2042,2143,font_heading,font_heading
023264,AMBEV S/A,stayed,2019,2020,0.7946,2143,4024,font_heading,font_heading
023264,AMBEV S/A,stayed,2020,2021,0.0953,4024,24896,font_heading,regex_only
023264,AMBEV S/A,stayed,2021,2022,0.0752,24896,3299,regex_only,font_heading
023264,AMBEV S/A,stayed,2022,2023,0.9683,3299,3718,font_heading,font_heading
023264,AMBEV S/A,stayed,2023,2024,0.9836,3718,3657,font_heading,font_heading
023272,LOG Commercial Properties e Participações,dropped_or_delisted,2015,2016,0.9352,11052,12814,font_heading,font_heading
023272,LOG Commercial Properties e Participações,dropped_or_delisted,2016,2017,0.8174,12814,11956,font_heading,font_heading
023272,LOG Commercial Properties e Participações,dropped_or_delisted,2017,2021,0.2912,11956,1338,font_heading,font_heading
023272,LOG Commercial Properties e Participações,dropped_or_delisted,2021,2022,0.0025,1338,68,font_heading,font_heading
023272,LOG Commercial Properties e Participações,dropped_or_delisted,2022,2023,0.026,68,660,font_heading,font_heading
023272,LOG Commercial Properties e Participações,dropped_or_delisted,2023,2024,0.0525,660,1262,font_heading,regex_only
023310,CVC Brasil Operadora e Agência de Viagens S.A.,dropped_or_delisted,2015,2016,0.8317,932,1779,font_heading,font_heading
023310,CVC Brasil Operadora e Agência de Viagens S.A.,dropped_or_delisted,2016,2017,0.0492,1779,6383,font_heading,regex_only
023310,CVC Brasil Operadora e Agência de Viagens S.A.,dropped_or_delisted,2017,2018,0.2793,6383,11313,regex_only,font_heading
023310,CVC Brasil Operadora e Agência de Viagens S.A.,dropped_or_delisted,2018,2019,0.5653,11313,69472,font_heading,font_heading
023310,CVC Brasil Operadora e Agência de Viagens S.A.,dropped_or_delisted,2019,2020,0.1353,69472,1518,font_heading,regex_only
023310,CVC Brasil Operadora e Agência de Viagens S.A.,dropped_or_delisted,2020,2021,0.0985,1518,9375,regex_only,font_heading
023310,CVC Brasil Operadora e Agência de Viagens S.A.,dropped_or_delisted,2021,2022,0.0491,9375,520,font_heading,regex_only
023310,CVC Brasil Operadora e Agência de Viagens S.A.,dropped_or_delisted,2022,2023,0.1921,520,8866,regex_only,font_heading
023310,CVC Brasil Operadora e Agência de Viagens S.A.,dropped_or_delisted,2023,2024,0.7723,8866,7691,font_heading,font_heading
024112,Azul S.A.,dropped_or_delisted,2016,2017,0.6175,6218,5593,font_heading,font_heading
024112,Azul S.A.,dropped_or_delisted,2017,2018,0.8454,5593,6330,font_heading,font_heading
024112,Azul S.A.,dropped_or_delisted,2018,2019,0.8056,6330,5506,font_heading,font_heading
024112,Azul S.A.,dropped_or_delisted,2019,2020,0.3816,5506,7808,font_heading,font_heading
024112,Azul S.A.,dropped_or_delisted,2020,2021,0.7616,7808,11428,font_heading,font_heading
024112,Azul S.A.,dropped_or_delisted,2021,2022,0.6494,11428,8098,font_heading,font_heading
024112,Azul S.A.,dropped_or_delisted,2022,2023,0.5806,8098,8617,font_heading,font_heading
024112,Azul S.A.,dropped_or_delisted,2023,2024,0.9006,8617,6714,font_heading,font_heading
024171,Atacadão S.A.,dropped_or_delisted,2016,2017,0.0888,4497,7763,regex_only,regex_only
024171,Atacadão S.A.,dropped_or_delisted,2017,2018,0.012,7763,591,regex_only,font_heading
024171,Atacadão S.A.,dropped_or_delisted,2018,2019,0.115,591,10917,font_heading,regex_only
024171,Atacadão S.A.,dropped_or_delisted,2019,2020,0.1831,10917,7779,regex_only,regex_only
024171,Atacadão S.A.,dropped_or_delisted,2020,2021,0.1171,7779,3251,regex_only,font_heading
024171,Atacadão S.A.,dropped_or_delisted,2021,2022,0.738,3251,6919,font_heading,font_heading
024171,Atacadão S.A.,dropped_or_delisted,2022,2023,0.742,6919,5723,font_heading,font_heading
024171,Atacadão S.A.,dropped_or_delisted,2023,2024,0.3325,5723,8781,font_heading,regex_only
024252,Smiles Fidelidade S.A.,dropped_or_delisted,2016,2017,0.5869,904,655,font_heading,font_heading
024252,Smiles Fidelidade S.A.,dropped_or_delisted,2017,2018,0.0893,655,12053,font_heading,regex_only
024252,Smiles Fidelidade S.A.,dropped_or_delisted,2018,2019,0.5322,12053,12712,regex_only,regex_only
024252,Smiles Fidelidade S.A.,dropped_or_delisted,2019,2020,0.9378,12712,13325,regex_only,regex_only
024260,SMART FIT,stayed,2016,2017,0.9431,8802,14198,font_heading,font_heading
024260,SMART FIT,stayed,2017,2018,0.0646,14198,1238,font_heading,regex_only
024260,SMART FIT,stayed,2018,2019,0.135,1238,5566,regex_only,font_heading
024260,SMART FIT,stayed,2019,2020,0.6914,5566,5934,font_heading,font_heading
024260,SMART FIT,stayed,2020,2021,0.6635,5934,11623,font_heading,font_heading
024260,SMART FIT,stayed,2021,2022,0.6172,11623,3416,font_heading,font_heading
024260,SMART FIT,stayed,2022,2023,0.1746,3416,818,font_heading,font_heading
024260,SMART FIT,stayed,2023,2024,0.3768,818,939,font_heading,font_heading
024295,VIBRA,stayed,2016,2017,0.8832,26906,24992,regex_only,regex_only
024295,VIBRA,stayed,2017,2018,0.3268,24992,10466,regex_only,regex_only
024295,VIBRA,stayed,2018,2019,0.3604,10466,2193,regex_only,regex_only
024295,VIBRA,stayed,2019,2020,0.1055,2193,2917,regex_only,font_heading
024295,VIBRA,stayed,2020,2021,0.2199,2917,4518,font_heading,font_heading
024295,VIBRA,stayed,2021,2022,0.3509,4518,2209,font_heading,font_heading
024295,VIBRA,stayed,2022,2024,0.1585,2209,7551,font_heading,regex_only
024384,Notre Dame Intermédica Participações S.A.,dropped_or_delisted,2017,2018,0.037,6756,692,font_heading,regex_only
024384,Notre Dame Intermédica Participações S.A.,dropped_or_delisted,2018,2019,0.8201,692,594,regex_only,regex_only
024392,HAPVIDA,stayed,2018,2019,0.0245,5167,901,regex_only,regex_only
024392,HAPVIDA,stayed,2019,2020,0.1302,901,5592,regex_only,font_heading
024392,HAPVIDA,stayed,2020,2021,0.8307,5592,8286,font_heading,font_heading
024392,HAPVIDA,stayed,2021,2022,0.0462,8286,632,font_heading,regex_only
024392,HAPVIDA,stayed,2022,2023,0.0298,632,14431,regex_only,font_heading
024392,HAPVIDA,stayed,2023,2024,0.9489,14431,16114,font_heading,font_heading
024716,VAMOS,stayed,2018,2019,0.6983,7425,11240,font_heading,font_heading
024716,VAMOS,stayed,2019,2020,0.8581,11240,14101,font_heading,font_heading
024716,VAMOS,stayed,2020,2021,0.9129,14101,15688,font_heading,font_heading
024716,VAMOS,stayed,2021,2022,0.2257,15688,4613,font_heading,regex_only
024716,VAMOS,stayed,2022,2023,0.1967,4613,26838,regex_only,font_heading
024716,VAMOS,stayed,2023,2024,0.2268,26838,6304,font_heading,regex_only
024783,Natura & Co Holding S.A. (pre-restructuring parent entity),dropped_or_delisted,2019,2020,0.0106,9909,179,regex_only,font_heading
024783,Natura & Co Holding S.A. (pre-restructuring parent entity),dropped_or_delisted,2020,2021,1.0,179,167,font_heading,font_heading
024783,Natura & Co Holding S.A. (pre-restructuring parent entity),dropped_or_delisted,2021,2022,1.0,167,106,font_heading,font_heading
024783,Natura & Co Holding S.A. (pre-restructuring parent entity),dropped_or_delisted,2022,2023,1.0,106,167,font_heading,font_heading
024783,Natura & Co Holding S.A. (pre-restructuring parent entity),dropped_or_delisted,2023,2024,1.0,167,167,font_heading,font_heading
024805,VIVARA S.A.,stayed,2019,2020,0.573,4384,3098,font_heading,font_heading
024805,VIVARA S.A.,stayed,2020,2021,0.9392,3098,2655,font_heading,font_heading
024805,VIVARA S.A.,stayed,2021,2022,0.8723,2655,2651,font_heading,font_heading
024805,VIVARA S.A.,stayed,2022,2023,0.951,2651,2599,font_heading,font_heading
024805,VIVARA S.A.,stayed,2023,2024,0.8355,2599,2468,font_heading,font_heading
024821,REDE D OR,stayed,2018,2019,0.8773,9155,11336,regex_only,regex_only
024821,REDE D OR,stayed,2019,2020,0.2002,11336,34318,regex_only,font_heading
024821,REDE D OR,stayed,2020,2021,0.9286,34318,36125,font_heading,font_heading
024821,REDE D OR,stayed,2021,2022,0.8731,36125,42204,font_heading,font_heading
024821,REDE D OR,stayed,2022,2023,0.6992,42204,16114,font_heading,font_heading
024821,REDE D OR,stayed,2023,2024,0.193,16114,1006,font_heading,regex_only
024848,CEA MODAS,stayed,2018,2019,0.1567,5575,12509,regex_only,regex_only
024848,CEA MODAS,stayed,2019,2020,0.7048,12509,8566,regex_only,regex_only
024848,CEA MODAS,stayed,2020,2021,0.1833,8566,4690,regex_only,regex_only
024848,CEA MODAS,stayed,2021,2023,0.1064,4690,3117,regex_only,regex_only
024910,LWSA S/A (Locaweb),dropped_or_delisted,2018,2019,0.2589,67958,2969,font_heading,font_heading
024910,LWSA S/A (Locaweb),dropped_or_delisted,2019,2020,0.5278,2969,5682,font_heading,font_heading
024910,LWSA S/A (Locaweb),dropped_or_delisted,2020,2021,0.9365,5682,5423,font_heading,font_heading
024910,LWSA S/A (Locaweb),dropped_or_delisted,2021,2022,0.9497,5423,4388,font_heading,font_heading
024910,LWSA S/A (Locaweb),dropped_or_delisted,2022,2023,0.9364,4388,4513,font_heading,font_heading
024910,LWSA S/A (Locaweb),dropped_or_delisted,2023,2024,0.978,4513,4671,font_heading,font_heading
024929,TIM,stayed,2018,2019,0.8805,6181,6103,font_heading,font_heading
024929,TIM,stayed,2019,2020,0.6937,6103,7270,font_heading,font_heading
024929,TIM,stayed,2020,2021,0.7912,7270,6616,font_heading,font_heading
024929,TIM,stayed,2021,2022,0.8397,6616,4707,font_heading,font_heading
024929,TIM,stayed,2022,2023,0.8811,4707,3885,font_heading,font_heading
024929,TIM,stayed,2023,2024,0.9036,3885,3870,font_heading,font_heading
025011,Grupo de Moda Soma S.A.,dropped_or_delisted,2021,2022,0.0606,5675,6068,regex_only,regex_only
025100,CURY S/A,stayed,2019,2020,0.9397,4120,4327,font_heading,font_heading
025100,CURY S/A,stayed,2020,2021,0.0853,4327,1984,font_heading,regex_only
025100,CURY S/A,stayed,2021,2022,0.0935,1984,7435,regex_only,font_heading
025100,CURY S/A,stayed,2022,2023,0.3655,7435,44162,font_heading,font_heading
025100,CURY S/A,stayed,2023,2024,0.1468,44162,940,font_heading,regex_only
025232,Meliuz S.A.,dropped_or_delisted,2021,2022,0.7891,5482,5858,regex_only,regex_only
025232,Meliuz S.A.,dropped_or_delisted,2022,2023,0.8548,5858,5196,regex_only,regex_only
025291,BRAVA,stayed,2020,2021,0.8283,1860,3944,font_heading,font_heading
025291,BRAVA,stayed,2021,2022,0.0642,3944,3720,font_heading,regex_only
025291,BRAVA,stayed,2022,2023,0.0888,3720,775,regex_only,regex_only
025291,BRAVA,stayed,2023,2024,0.0056,775,475,regex_only,font_heading
025372,ASSAI,stayed,2019,2020,0.0164,93,8890,font_heading,regex_only
025372,ASSAI,stayed,2020,2021,0.0247,8890,60,regex_only,font_heading
025372,ASSAI,stayed,2021,2022,0.1988,60,368,font_heading,font_heading
025372,ASSAI,stayed,2022,2023,0.0545,368,4153,font_heading,font_heading
025372,ASSAI,stayed,2023,2024,0.753,4153,6212,font_heading,font_heading
025585,CSNMINERACAO,stayed,2020,2021,0.1432,639,3901,regex_only,font_heading
025585,CSNMINERACAO,stayed,2021,2022,0.4705,3901,1047,font_heading,font_heading
025585,CSNMINERACAO,stayed,2022,2023,0.4419,1047,3366,font_heading,font_heading
025585,CSNMINERACAO,stayed,2023,2024,0.7578,3366,2724,font_heading,font_heading
025780,PETRORECSA,stayed,2020,2021,0.2583,7853,7351,regex_only,font_heading
025780,PETRORECSA,stayed,2021,2022,0.6113,7351,4742,font_heading,font_heading
025780,PETRORECSA,stayed,2022,2023,0.1969,4742,1694,font_heading,regex_only
025780,PETRORECSA,stayed,2023,2024,0.1354,1694,9797,regex_only,font_heading
025917,Raízen S.A.,dropped_or_delisted,2020,2021,0.1829,4966,1964,font_heading,regex_only
025917,Raízen S.A.,dropped_or_delisted,2021,2022,0.3066,1964,1483,regex_only,regex_only
025917,Raízen S.A.,dropped_or_delisted,2022,2023,0.0344,1483,459,regex_only,regex_only
025917,Raízen S.A.,dropped_or_delisted,2023,2024,0.3714,459,14625,regex_only,font_heading
026620,AUREN,stayed,2021,2022,0.1014,14836,7412,regex_only,font_heading
026620,AUREN,stayed,2022,2023,0.5039,7412,7899,font_heading,font_heading
026620,AUREN,stayed,2023,2024,0.6489,7899,11325,font_heading,font_heading
027707,Automob Participações S.A.,dropped_or_delisted,2023,2024,0.1662,8497,5514,regex_only,regex_only
