cd_cvm,year_prev,year_curr,cosine_similarity,chars_prev,chars_curr,group,prev_bad,curr_bad,either_bad
2437,2015,2016,0.9441,369414,320795,stayed,False,False,False
2437,2016,2017,0.9492,320795,326087,stayed,False,False,False
2437,2017,2018,0.9313,326087,312934,stayed,False,False,False
2437,2018,2019,0.8618,312934,692624,stayed,False,False,False
2437,2019,2020,0.9297,692624,640997,stayed,False,False,False
2437,2020,2021,0.8941,640997,388979,stayed,False,False,False
2437,2021,2022,0.902,388979,267385,stayed,False,False,False
2437,2022,2023,0.8666,267385,237349,stayed,False,False,False
2437,2023,2024,0.8724,237349,251026,stayed,False,False,False
2453,2015,2016,0.9798,360670,363606,stayed,False,False,False
2453,2016,2017,0.9651,363606,357785,stayed,False,False,False
2453,2017,2018,0.9727,357785,421356,stayed,False,False,False
2453,2018,2019,0.9777,421356,419576,stayed,False,False,False
2453,2019,2020,0.9624,419576,490324,stayed,False,False,False
2453,2020,2021,0.9734,490324,466601,stayed,False,False,False
2453,2021,2022,0.9772,466601,430756,stayed,False,False,False
2453,2022,2023,0.9693,430756,405851,stayed,False,False,False
2453,2023,2024,0.9686,405851,412561,stayed,False,False,False
2577,2015,2016,0.9647,208879,214624,dropped_or_delisted,False,False,False
2577,2016,2017,0.9695,214624,255415,dropped_or_delisted,False,False,False
2577,2017,2018,0.9615,255415,235309,dropped_or_delisted,False,False,False
2577,2018,2019,0.8204,235309,134950,dropped_or_delisted,False,False,False
2577,2019,2020,0.8674,134950,154352,dropped_or_delisted,False,False,False
2577,2020,2021,0.0069,154352,161841,dropped_or_delisted,False,False,False
2577,2021,2022,0.0075,161841,134711,dropped_or_delisted,False,False,False
2577,2022,2023,0.7919,134711,124831,dropped_or_delisted,False,False,False
2577,2023,2024,0.9125,124831,138135,dropped_or_delisted,False,False,False
3980,2015,2016,0.991,203796,201424,stayed,False,False,False
3980,2016,2017,0.9829,201424,211551,stayed,False,False,False
3980,2017,2018,0.9855,211551,220360,stayed,False,False,False
3980,2018,2019,0.5646,220360,39264,stayed,False,False,False
3980,2019,2020,0.7778,39264,39883,stayed,False,False,False
3980,2020,2021,0.5008,39883,221121,stayed,False,False,False
3980,2021,2022,0.9839,221121,226913,stayed,False,False,False
3980,2022,2023,0.9869,226913,225135,stayed,False,False,False
3980,2023,2024,0.9726,225135,239444,stayed,False,False,False
4030,2015,2016,0.917,285063,323662,stayed,False,False,False
4030,2016,2017,0.9262,323662,271289,stayed,False,False,False
4030,2017,2018,0.9792,271289,273985,stayed,False,False,False
4030,2018,2019,0.9764,273985,274698,stayed,False,False,False
4030,2019,2020,0.7701,274698,108318,stayed,False,False,False
4030,2020,2021,0.7728,108318,277847,stayed,False,False,False
4030,2021,2022,0.9608,277847,286438,stayed,False,False,False
4030,2022,2023,0.9668,286438,247953,stayed,False,False,False
4030,2023,2024,0.9658,247953,276107,stayed,False,False,False
4170,2015,2016,0.9052,224509,237390,stayed,False,False,False
4170,2016,2017,0.9392,237390,227057,stayed,False,False,False
4170,2017,2018,0.8964,227057,248583,stayed,False,False,False
4170,2018,2019,0.579,248583,90315,stayed,False,False,False
4170,2019,2020,0.5645,90315,274603,stayed,False,False,False
4170,2020,2021,0.9428,274603,306915,stayed,False,False,False
4170,2021,2022,0.9321,306915,323774,stayed,False,False,False
4170,2022,2023,0.939,323774,344928,stayed,False,False,False
4170,2023,2024,0.9444,344928,322916,stayed,False,False,False
4820,2015,2016,0.8039,64386,296557,stayed,False,False,False
4820,2016,2017,0.9885,296557,279551,stayed,False,False,False
4820,2017,2018,0.8387,279551,93770,stayed,False,False,False
4820,2018,2019,0.8316,93770,315972,stayed,False,False,False
4820,2019,2020,0.7571,315972,133746,stayed,False,False,False
4820,2020,2021,0.7773,133746,343707,stayed,False,False,False
4820,2021,2022,0.9889,343707,308708,stayed,False,False,False
4820,2022,2023,0.8016,308708,109681,stayed,False,False,False
4820,2023,2024,0.7925,109681,260453,stayed,False,False,False
5258,2017,2018,0.7994,43769,48943,stayed,False,False,False
5258,2018,2019,0.2671,48943,166326,stayed,False,False,False
5258,2019,2020,0.9354,166326,182671,stayed,False,False,False
5258,2020,2021,0.5221,182671,251661,stayed,False,False,False
5258,2021,2022,0.9492,251661,242447,stayed,False,False,False
5258,2022,2023,0.9479,242447,249418,stayed,False,False,False
5258,2023,2024,0.9618,249418,249898,stayed,False,False,False
5410,2015,2016,0.9873,89851,91393,stayed,False,False,False
5410,2016,2017,0.9833,91393,94422,stayed,False,False,False
5410,2017,2018,0.9814,94422,100991,stayed,False,False,False
5410,2018,2019,0.9844,100991,96003,stayed,False,False,False
5410,2019,2020,0.9854,96003,96144,stayed,False,False,False
5410,2020,2021,0.9819,96144,98694,stayed,False,False,False
5410,2021,2022,0.9764,98694,99119,stayed,False,False,False
5410,2022,2023,0.9767,99119,103611,stayed,False,False,False
5410,2023,2024,0.9627,103611,112878,stayed,False,False,False
6505,2015,2016,0.8717,140191,143638,dropped_or_delisted,False,False,False
6505,2016,2017,0.9138,143638,142991,dropped_or_delisted,False,False,False
6505,2017,2018,0.8055,142991,158243,dropped_or_delisted,False,False,False
6505,2018,2019,0.7641,158243,166276,dropped_or_delisted,False,False,False
6505,2019,2020,0.7428,166276,165875,dropped_or_delisted,False,False,False
6505,2020,2021,0.7945,165875,164701,dropped_or_delisted,False,False,False
6505,2021,2022,0.9027,164701,164368,dropped_or_delisted,False,False,False
6505,2022,2023,0.8896,164368,153589,dropped_or_delisted,False,False,False
6505,2023,2024,0.9063,153589,162067,dropped_or_delisted,False,False,False
8087,2015,2016,0.8802,181928,166065,dropped_or_delisted,False,False,False
8087,2016,2017,0.5655,166065,81852,dropped_or_delisted,False,False,False
8087,2017,2018,0.871,81852,87315,dropped_or_delisted,False,False,False
8087,2018,2019,0.2698,87315,170120,dropped_or_delisted,False,False,False
8087,2019,2020,0.8584,170120,206208,dropped_or_delisted,False,False,False
8133,2015,2016,0.6631,157314,44337,stayed,False,False,False
8133,2016,2017,0.6852,44337,153830,stayed,False,False,False
8133,2017,2018,0.8929,153830,160225,stayed,False,False,False
8133,2018,2019,0.8952,160225,139213,stayed,False,False,False
8133,2019,2020,0.7729,139213,180180,stayed,False,False,False
8133,2020,2021,0.6466,180180,150743,stayed,False,False,False
8133,2021,2022,0.9279,150743,143572,stayed,False,False,False
8133,2022,2023,0.9495,143572,138987,stayed,False,False,False
8133,2023,2024,0.945,138987,150333,stayed,False,False,False
8451,2015,2016,0.9828,136443,141275,stayed,False,False,False
8451,2016,2017,0.9861,141275,148495,stayed,False,False,False
8451,2017,2018,0.9573,148495,144360,stayed,False,False,False
8451,2018,2019,0.9799,144360,148462,stayed,False,False,False
8451,2019,2020,0.8842,148462,164141,stayed,False,False,False
8451,2020,2021,0.994,164141,161223,stayed,False,False,False
8451,2021,2022,0.9912,161223,154805,stayed,False,False,False
8451,2022,2023,0.9914,154805,153494,stayed,False,False,False
8451,2023,2024,0.9847,153494,155281,stayed,False,False,False
8656,2015,2016,0.9921,205024,204140,stayed,False,False,False
8656,2016,2017,0.9872,204140,216159,stayed,False,False,False
8656,2017,2018,0.9861,216159,218055,stayed,False,False,False
8656,2018,2019,0.9854,218055,200372,stayed,False,False,False
8656,2019,2020,0.5159,200372,31584,stayed,False,False,False
8656,2020,2021,0.53,31584,209428,stayed,False,False,False
8656,2021,2022,0.9864,209428,214736,stayed,False,False,False
8656,2022,2023,0.9908,214736,211253,stayed,False,False,False
8656,2023,2024,0.9838,211253,223354,stayed,False,False,False
8672,2015,2016,0.5959,230573,10759,stayed,False,False,False
8672,2016,2017,0.5831,10759,194357,stayed,False,False,False
8672,2017,2018,0.8209,194357,187960,stayed,False,False,False
8672,2018,2019,0.9631,187960,160307,stayed,False,False,False
8672,2019,2020,0.5713,160307,7559,stayed,False,False,False
8672,2020,2021,0.5093,7559,177847,stayed,False,False,False
8672,2021,2022,0.916,177847,165828,stayed,False,False,False
8672,2022,2023,0.979,165828,172585,stayed,False,False,False
8672,2023,2024,0.9735,172585,168304,stayed,False,False,False
9512,2016,2017,0.7963,244209,296098,stayed,False,False,False
9512,2017,2018,0.943,296098,305009,stayed,False,False,False
9512,2018,2019,0.6325,305009,74579,stayed,False,False,False
9512,2019,2020,0.6792,74579,114397,stayed,False,False,False
9512,2020,2021,0.5674,114397,463618,stayed,False,False,False
9512,2021,2022,0.9741,463618,450628,stayed,False,False,False
9512,2022,2023,0.9749,450628,456996,stayed,False,False,False
9512,2023,2024,0.9843,456996,441047,stayed,False,False,False
10456,2015,2016,0.9687,135754,126096,dropped_or_delisted,False,False,False
10456,2016,2017,0.9638,126096,144787,dropped_or_delisted,False,False,False
10456,2017,2018,0.3964,144787,25477,dropped_or_delisted,False,False,False
10456,2018,2019,0.4137,25477,179658,dropped_or_delisted,False,False,False
10456,2019,2020,0.2073,179658,41079,dropped_or_delisted,False,False,False
10456,2020,2021,0.7181,41079,39036,dropped_or_delisted,False,False,False
10456,2021,2022,0.8914,39036,37426,dropped_or_delisted,False,False,False
11312,2015,2016,0.9003,270734,251041,dropped_or_delisted,False,False,False
11312,2016,2017,0.8814,251041,336336,dropped_or_delisted,False,False,False
11312,2017,2018,0.8981,336336,330557,dropped_or_delisted,False,False,False
11312,2018,2019,0.8938,330557,265247,dropped_or_delisted,False,False,False
11312,2019,2020,0.7396,265247,351663,dropped_or_delisted,False,False,False
11312,2020,2021,0.9207,351663,336104,dropped_or_delisted,False,False,False
11312,2021,2022,0.8889,336104,304047,dropped_or_delisted,False,False,False
11312,2022,2023,0.8777,304047,270375,dropped_or_delisted,False,False,False
11312,2023,2024,0.7865,270375,288892,dropped_or_delisted,False,False,False
12653,2015,2016,0.9317,150235,148000,stayed,False,False,False
12653,2016,2017,0.9055,148000,157955,stayed,False,False,False
12653,2017,2018,0.8965,157955,173194,stayed,False,False,False
12653,2018,2019,0.8324,173194,150741,stayed,False,False,False
12653,2019,2020,0.8276,150741,210003,stayed,False,False,False
12653,2020,2021,0.4171,210003,239679,stayed,False,False,False
12653,2021,2022,0.4079,239679,270436,stayed,False,False,False
12653,2022,2023,0.9788,270436,252669,stayed,False,False,False
12653,2023,2024,0.989,252669,269977,stayed,False,False,False
12793,2015,2016,0.551,224345,64818,dropped_or_delisted,False,False,False
12793,2016,2017,0.9342,64818,66755,dropped_or_delisted,False,False,False
12793,2017,2018,0.5613,66755,221183,dropped_or_delisted,False,False,False
13986,2015,2016,0.4688,162228,59750,stayed,False,False,False
13986,2016,2017,0.4367,59750,166321,stayed,False,False,False
13986,2017,2018,0.8249,166321,215584,stayed,False,False,False
13986,2018,2019,0.8582,215584,271462,stayed,False,False,False
13986,2019,2020,0.9244,271462,298348,stayed,False,False,False
13986,2020,2021,0.9513,298348,290070,stayed,False,False,False
13986,2021,2022,0.9632,290070,278350,stayed,False,False,False
13986,2022,2023,0.9591,278350,273650,stayed,False,False,False
13986,2023,2024,0.9751,273650,274607,stayed,False,False,False
14176,2015,2016,0.9403,283551,322686,dropped_or_delisted,False,False,False
14176,2016,2017,0.3384,322686,81966,dropped_or_delisted,False,False,False
14176,2017,2018,0.3451,81966,392012,dropped_or_delisted,False,False,False
14176,2018,2019,0.7375,392012,286573,dropped_or_delisted,False,False,False
14176,2019,2020,0.833,286573,281455,dropped_or_delisted,False,False,False
14176,2020,2021,0.8868,281455,191653,dropped_or_delisted,False,False,False
14176,2021,2022,0.83,191653,282719,dropped_or_delisted,False,False,False
14176,2022,2023,0.9529,282719,288120,dropped_or_delisted,False,False,False
14176,2023,2024,0.8222,288120,293315,dropped_or_delisted,False,False,False
14311,2015,2016,0.8136,289123,163642,stayed,False,False,False
14311,2016,2017,0.9624,163642,139503,stayed,False,False,False
14311,2017,2018,0.7334,139503,325757,stayed,False,False,False
14311,2018,2019,0.9865,325757,308157,stayed,False,False,False
14311,2019,2020,0.981,308157,350652,stayed,False,False,False
14311,2020,2021,0.9775,350652,334303,stayed,False,False,False
14311,2023,2024,0.9803,326092,277416,stayed,False,False,False
14320,2015,2016,0.9822,200762,219603,stayed,False,False,False
14320,2016,2017,0.9797,219603,214206,stayed,False,False,False
14320,2017,2018,0.9804,214206,203967,stayed,False,False,False
14320,2018,2019,0.9887,203967,204148,stayed,False,False,False
14320,2019,2020,0.9777,204148,200997,stayed,False,False,False
14320,2020,2021,0.936,200997,202683,stayed,False,False,False
14320,2021,2022,0.9691,202683,220649,stayed,False,False,False
14320,2022,2023,0.9752,220649,217795,stayed,False,False,False
14320,2023,2024,0.9891,217795,215483,stayed,False,False,False
14443,2015,2016,0.7174,168528,263570,stayed,False,False,False
14443,2016,2017,0.7655,263570,146834,stayed,False,False,False
14443,2017,2018,0.7256,146834,282037,stayed,False,False,False
14443,2018,2019,0.9855,282037,242449,stayed,False,False,False
14443,2019,2020,0.6132,242449,176912,stayed,False,False,False
14443,2020,2021,0.6004,176912,223209,stayed,False,False,False
14443,2021,2022,0.9884,223209,218593,stayed,False,False,False
14443,2022,2023,0.9849,218593,244365,stayed,False,False,False
14443,2023,2024,0.955,244365,261497,stayed,False,False,False
14460,2015,2016,0.8731,206885,213748,stayed,False,False,False
14460,2016,2017,0.9823,213748,181084,stayed,False,False,False
14460,2017,2018,0.9503,181084,189467,stayed,False,False,False
14460,2018,2019,0.9483,189467,193192,stayed,False,False,False
14460,2019,2020,0.9463,193192,229511,stayed,False,False,False
14460,2020,2021,0.9902,229511,233137,stayed,False,False,False
14460,2021,2022,0.9847,233137,247734,stayed,False,False,False
14460,2022,2023,0.9907,247734,262016,stayed,False,False,False
14460,2023,2024,0.9056,262016,236999,stayed,False,False,False
14761,2015,2016,0.3939,149789,28216,dropped_or_delisted,False,False,False
14761,2016,2017,0.3285,28216,140746,dropped_or_delisted,False,False,False
14761,2017,2018,0.941,140746,134950,dropped_or_delisted,False,False,False
14761,2018,2019,0.3325,134950,22168,dropped_or_delisted,False,False,False
14761,2019,2020,0.3077,22168,156132,dropped_or_delisted,False,False,False
14826,2015,2016,0.8945,303950,263729,dropped_or_delisted,False,False,False
14826,2016,2017,0.9509,263729,254081,dropped_or_delisted,False,False,False
14826,2017,2018,0.934,254081,252055,dropped_or_delisted,False,False,False
14826,2020,2021,0.5226,42389,232095,dropped_or_delisted,False,False,False
14826,2021,2022,0.9353,232095,223447,dropped_or_delisted,False,False,False
15253,2015,2016,0.978,313688,361711,stayed,False,False,False
15253,2016,2017,0.969,361711,397685,stayed,False,False,False
15253,2017,2018,0.9608,397685,417774,stayed,False,False,False
15253,2018,2019,0.958,417774,438958,stayed,False,False,False
15253,2019,2020,0.9786,438958,468736,stayed,False,False,False
15253,2020,2021,0.9838,468736,529082,stayed,False,False,False
15253,2021,2022,0.9736,529082,514305,stayed,False,False,False
15253,2022,2023,0.809,514305,478573,stayed,False,False,False
15253,2023,2024,0.9692,478573,449191,stayed,False,False,False
16101,2015,2016,0.9889,179342,191039,dropped_or_delisted,False,False,False
16101,2016,2017,0.9865,191039,186811,dropped_or_delisted,False,False,False
16101,2017,2018,0.9797,186811,195820,dropped_or_delisted,False,False,False
16101,2018,2019,0.9688,195820,175093,dropped_or_delisted,False,False,False
16101,2019,2020,0.9545,175093,172530,dropped_or_delisted,False,False,False
16101,2020,2021,0.9731,172530,181063,dropped_or_delisted,False,False,False
16101,2021,2022,0.9579,181063,180001,dropped_or_delisted,False,False,False
16101,2022,2023,0.9269,180001,180774,dropped_or_delisted,False,False,False
16101,2023,2024,0.9211,180774,141451,dropped_or_delisted,False,False,False
16292,2018,2019,0.9261,289781,247396,dropped_or_delisted,False,False,False
16292,2019,2020,0.9298,247396,241315,dropped_or_delisted,False,False,False
16292,2020,2021,0.9571,241315,251167,dropped_or_delisted,False,False,False
16292,2021,2022,0.9819,251167,237963,dropped_or_delisted,False,False,False
16292,2022,2023,0.8657,237963,209387,dropped_or_delisted,False,False,False
16292,2023,2024,0.9498,209387,218105,dropped_or_delisted,False,False,False
16306,2015,2016,0.9904,264786,292443,dropped_or_delisted,False,False,False
16306,2016,2017,0.9987,292443,292066,dropped_or_delisted,False,False,False
16306,2017,2018,0.9972,292066,306559,dropped_or_delisted,False,False,False
16306,2020,2021,0.9609,206373,188488,dropped_or_delisted,False,False,False
16306,2021,2022,0.9805,188488,154882,dropped_or_delisted,False,False,False
16306,2022,2023,0.9864,154882,159421,dropped_or_delisted,False,False,False
16306,2023,2024,0.984,159421,200560,dropped_or_delisted,False,False,False
17329,2015,2016,0.4058,108677,187641,stayed,False,False,False
17329,2016,2017,0.9093,187641,214485,stayed,False,False,False
17329,2017,2018,0.9355,214485,226464,stayed,False,False,False
17329,2018,2019,0.9447,226464,274580,stayed,False,False,False
17329,2019,2020,0.9322,274580,311859,stayed,False,False,False
17329,2020,2021,0.9692,311859,317252,stayed,False,False,False
17329,2021,2022,0.9521,317252,292847,stayed,False,False,False
17329,2022,2023,0.9768,292847,296163,stayed,False,False,False
17329,2023,2024,0.9455,296163,304430,stayed,False,False,False
17450,2015,2016,0.3248,60747,168388,stayed,False,False,False
17450,2016,2017,0.3367,168388,77564,stayed,False,False,False
17450,2017,2018,0.497,77564,162549,stayed,False,False,False
17450,2018,2019,0.435,162549,49476,stayed,False,False,False
17450,2019,2020,0.4361,49476,173524,stayed,False,False,False
17450,2020,2021,0.9364,173524,161513,stayed,False,False,False
17450,2021,2022,0.9525,161513,176536,stayed,False,False,False
17450,2022,2023,0.9863,176536,182700,stayed,False,False,False
17450,2023,2024,0.9747,182700,192670,stayed,False,False,False
17671,2015,2016,0.9404,286341,271106,stayed,False,False,False
17671,2016,2017,0.9096,271106,243541,stayed,False,False,False
17671,2017,2018,0.9044,243541,221548,stayed,False,False,False
17671,2018,2019,0.9299,221548,204525,stayed,False,False,False
17671,2019,2020,0.8619,204525,308808,stayed,False,False,False
17671,2020,2021,0.847,308808,322303,stayed,False,False,False
17671,2021,2022,0.8872,322303,353605,stayed,False,False,False
17671,2022,2023,0.9017,353605,362155,stayed,False,False,False
17671,2023,2024,0.8985,362155,341933,stayed,False,False,False
17892,2015,2016,0.9384,169631,164826,dropped_or_delisted,False,False,False
17892,2016,2017,0.9064,164826,193960,dropped_or_delisted,False,False,False
17892,2017,2018,0.823,193960,197219,dropped_or_delisted,False,False,False
17892,2018,2019,0.9847,197219,209175,dropped_or_delisted,False,False,False
17892,2019,2020,0.9797,209175,222689,dropped_or_delisted,False,False,False
17892,2020,2021,0.9741,222689,231887,dropped_or_delisted,False,False,False
17892,2021,2022,0.8717,231887,222476,dropped_or_delisted,False,False,False
17892,2022,2023,0.9467,222476,196734,dropped_or_delisted,False,False,False
17892,2023,2024,0.9412,196734,206047,dropped_or_delisted,False,False,False
17914,2015,2016,0.9464,145676,119815,dropped_or_delisted,False,False,False
17914,2016,2017,0.0,119815,4193,dropped_or_delisted,False,False,False
17914,2017,2018,0.0,4193,97711,dropped_or_delisted,False,False,False
17914,2018,2019,0.9709,97711,84725,dropped_or_delisted,False,False,False
17914,2019,2020,0.9893,84725,90205,dropped_or_delisted,False,False,False
17973,2015,2016,0.9269,147610,129151,stayed,False,False,False
17973,2016,2017,0.9534,129151,141798,stayed,False,False,False
17973,2017,2018,0.8588,141798,191150,stayed,False,False,False
17973,2018,2019,0.5455,191150,214057,stayed,False,False,False
17973,2019,2020,0.8961,214057,267371,stayed,False,False,False
17973,2020,2021,0.9657,267371,230733,stayed,False,False,False
17973,2021,2022,0.958,230733,216974,stayed,False,False,False
17973,2022,2023,0.9741,216974,237067,stayed,False,False,False
17973,2023,2024,0.9728,237067,226329,stayed,False,False,False
18376,2015,2016,0.9755,173691,180812,stayed,False,False,False
18376,2016,2017,0.9275,180812,205636,stayed,False,False,False
18376,2017,2018,0.8138,205636,214509,stayed,False,False,False
18376,2018,2019,0.7198,214509,191584,stayed,False,False,False
18376,2019,2020,0.7348,191584,215040,stayed,False,False,False
18376,2020,2021,0.933,215040,219262,stayed,False,False,False
18376,2021,2022,0.9363,219262,204761,stayed,False,False,False
18376,2022,2023,0.3901,204761,60635,stayed,False,False,False
18376,2023,2024,0.4025,60635,218668,stayed,False,False,False
18465,2015,2016,0.9776,194813,199554,stayed,False,False,False
18465,2016,2017,0.9748,199554,223219,stayed,False,False,False
18465,2017,2018,0.9772,223219,249965,stayed,False,False,False
18465,2018,2019,0.9645,249965,238178,stayed,False,False,False
18465,2019,2020,0.9684,238178,262783,stayed,False,False,False
18465,2022,2023,0.9442,261976,247201,stayed,False,False,False
18465,2023,2024,0.9453,247201,195504,stayed,False,False,False
18627,2015,2016,0.9236,103568,88783,dropped_or_delisted,False,False,False
18627,2016,2017,0.927,88783,120542,dropped_or_delisted,False,False,False
18627,2017,2018,0.9425,120542,132989,dropped_or_delisted,False,False,False
18627,2018,2019,0.9323,132989,143652,dropped_or_delisted,False,False,False
18627,2019,2020,0.935,143652,180534,dropped_or_delisted,False,False,False
18627,2020,2021,0.4667,180534,159993,dropped_or_delisted,False,False,False
18627,2021,2022,0.8774,159993,149783,dropped_or_delisted,False,False,False
18627,2022,2023,0.9194,149783,152867,dropped_or_delisted,False,False,False
18627,2023,2024,0.8573,152867,133998,dropped_or_delisted,False,False,False
18660,2015,2016,0.9557,197873,204333,stayed,False,False,False
18660,2016,2017,0.9632,204333,193962,stayed,False,False,False
18660,2017,2018,0.9387,193962,187251,stayed,False,False,False
18660,2018,2019,0.9593,187251,179949,stayed,False,False,False
18660,2019,2020,0.9497,179949,203980,stayed,False,False,False
18660,2020,2021,0.9231,203980,224367,stayed,False,False,False
18660,2021,2022,0.9068,224367,230608,stayed,False,False,False
18660,2022,2023,0.8542,230608,218410,stayed,False,False,False
18660,2023,2024,0.9631,218410,217483,stayed,False,False,False
18724,2015,2016,0.6122,17727,69869,stayed,False,False,False
18724,2016,2017,0.9367,69869,90033,stayed,False,False,False
18724,2017,2018,0.8036,90033,92344,stayed,False,False,False
18724,2018,2019,0.8158,92344,76006,stayed,False,False,False
18724,2019,2020,0.8867,76006,69329,stayed,False,False,False
18724,2020,2021,0.9452,69329,64339,stayed,False,False,False
18724,2021,2022,0.9589,64339,64426,stayed,False,False,False
18724,2022,2023,0.5236,64426,12052,stayed,False,False,False
18724,2023,2024,0.9308,12052,11290,stayed,False,False,False
18821,2015,2016,0.979,304976,325975,stayed,False,False,False
18821,2016,2017,0.9524,325975,366236,stayed,False,False,False
18821,2017,2018,0.954,366236,390017,stayed,False,False,False
18821,2018,2019,0.9666,390017,397076,stayed,False,False,False
18821,2019,2020,0.9837,397076,457410,stayed,False,False,False
18821,2020,2021,0.8968,457410,453105,stayed,False,False,False
18821,2021,2022,0.9266,453105,362083,stayed,False,False,False
18821,2022,2023,0.8915,362083,236187,stayed,False,False,False
18821,2023,2024,0.8475,236187,232622,stayed,False,False,False
19445,2015,2016,0.941,168385,162910,stayed,False,False,False
19445,2016,2017,0.9347,162910,164794,stayed,False,False,False
19445,2017,2018,0.9258,164794,187088,stayed,False,False,False
19445,2018,2019,0.9016,187088,222334,stayed,False,False,False
19445,2019,2020,0.9399,222334,204242,stayed,False,False,False
19445,2020,2021,0.9455,204242,210979,stayed,False,False,False
19445,2021,2022,0.9606,210979,196766,stayed,False,False,False
19445,2022,2023,0.6791,196766,123009,stayed,False,False,False
19445,2023,2024,0.6659,123009,218255,stayed,False,False,False
19453,2015,2016,0.9923,197825,215135,dropped_or_delisted,False,False,False
19453,2016,2017,0.8193,215135,196690,dropped_or_delisted,False,False,False
19453,2017,2018,0.945,196690,219762,dropped_or_delisted,False,False,False
19453,2018,2019,0.8833,219762,248648,dropped_or_delisted,False,False,False
19453,2019,2020,0.9559,248648,233061,dropped_or_delisted,False,False,False
19453,2020,2021,0.6522,233061,28545,dropped_or_delisted,False,False,False
19453,2021,2022,0.6485,28545,275777,dropped_or_delisted,False,False,False
19453,2022,2023,0.8965,275777,245155,dropped_or_delisted,False,False,False
19453,2023,2024,0.9217,245155,277132,dropped_or_delisted,False,False,False
19550,2015,2016,0.4694,197284,103103,stayed,False,False,False
19550,2016,2017,0.4381,103103,255327,stayed,False,False,False
19550,2017,2018,0.9648,255327,259633,stayed,False,False,False
19550,2018,2019,0.9384,259633,254576,stayed,False,False,False
19550,2019,2020,0.8813,254576,279718,stayed,False,False,False
19550,2020,2021,0.9817,279718,280814,stayed,False,False,False
19550,2021,2022,0.9842,280814,263936,stayed,False,False,False
19550,2022,2024,0.9189,263936,281121,stayed,False,False,False
19569,2015,2016,0.7615,149530,149472,dropped_or_delisted,False,False,False
19569,2016,2017,0.9474,149472,164907,dropped_or_delisted,False,False,False
19569,2017,2018,0.9268,164907,185512,dropped_or_delisted,False,False,False
19569,2018,2019,0.9379,185512,193337,dropped_or_delisted,False,False,False
19569,2019,2020,0.931,193337,202699,dropped_or_delisted,False,False,False
19569,2020,2021,0.9522,202699,182755,dropped_or_delisted,False,False,False
19569,2021,2022,0.8463,182755,200096,dropped_or_delisted,False,False,False
19569,2022,2023,0.9106,200096,197717,dropped_or_delisted,False,False,False
19569,2023,2024,0.9094,197717,209006,dropped_or_delisted,False,False,False
19623,2015,2016,0.7347,165243,180133,dropped_or_delisted,False,False,False
19623,2016,2017,0.8344,180133,218100,dropped_or_delisted,False,False,False
19623,2017,2018,0.8005,218100,151096,dropped_or_delisted,False,False,False
19623,2018,2019,0.7925,151096,164240,dropped_or_delisted,False,False,False
19623,2019,2020,0.7543,164240,283469,dropped_or_delisted,False,False,False
19623,2020,2021,0.6423,283469,254133,dropped_or_delisted,False,False,False
19623,2021,2022,0.9431,254133,243593,dropped_or_delisted,False,False,False
19623,2022,2023,0.6895,243593,179270,dropped_or_delisted,False,False,False
19623,2023,2024,0.7946,179270,182936,dropped_or_delisted,False,False,False
19739,2020,2021,0.9898,193243,175865,stayed,False,False,False
19739,2021,2022,0.7725,175865,237155,stayed,False,False,False
19739,2022,2023,0.8911,237155,260488,stayed,False,False,False
19739,2023,2024,0.968,260488,251631,stayed,False,False,False
19763,2015,2016,0.9825,418696,476064,dropped_or_delisted,False,False,False
19763,2016,2017,0.906,476064,493059,dropped_or_delisted,False,False,False
19763,2017,2018,0.9893,493059,532834,dropped_or_delisted,False,False,False
19763,2018,2019,0.9863,532834,547244,dropped_or_delisted,False,False,False
19763,2019,2020,0.9924,547244,599606,dropped_or_delisted,False,False,False
19763,2020,2021,0.9863,599606,670871,dropped_or_delisted,False,False,False
19763,2021,2022,0.9898,670871,667055,dropped_or_delisted,False,False,False
19763,2022,2023,0.9891,667055,649477,dropped_or_delisted,False,False,False
19763,2023,2024,0.9932,649477,593041,dropped_or_delisted,False,False,False
19836,2015,2016,0.9749,207365,214117,stayed,False,False,False
19836,2016,2017,0.6343,214117,93932,stayed,False,False,False
19836,2017,2018,0.6476,93932,179425,stayed,False,False,False
19836,2018,2019,0.9645,179425,193087,stayed,False,False,False
19836,2019,2020,0.9229,193087,207729,stayed,False,False,False
19836,2020,2021,0.8857,207729,303881,stayed,False,False,False
19836,2021,2022,0.8689,303881,309670,stayed,False,False,False
19836,2022,2023,0.8756,309670,367080,stayed,False,False,False
19836,2023,2024,0.9289,367080,354216,stayed,False,False,False
19879,2015,2016,0.8919,36945,48065,dropped_or_delisted,False,False,False
19879,2016,2017,0.9202,48065,52340,dropped_or_delisted,False,False,False
19879,2017,2018,0.7296,52340,291970,dropped_or_delisted,False,False,False
19879,2018,2019,0.9851,291970,286237,dropped_or_delisted,False,False,False
19879,2019,2020,0.6085,286237,54255,dropped_or_delisted,False,False,False
19879,2020,2021,0.6179,54255,238176,dropped_or_delisted,False,False,False
19879,2021,2022,0.9878,238176,240364,dropped_or_delisted,False,False,False
19879,2022,2023,0.9797,240364,264764,dropped_or_delisted,False,False,False
19879,2023,2024,0.961,264764,379991,dropped_or_delisted,False,False,False
19909,2015,2016,0.9103,68857,72525,dropped_or_delisted,False,False,False
19909,2016,2017,0.8776,72525,78982,dropped_or_delisted,False,False,False
19909,2019,2020,0.9109,126529,159034,dropped_or_delisted,False,False,False
19909,2020,2021,0.3044,159034,180865,dropped_or_delisted,False,False,False
19909,2021,2022,0.9545,180865,189247,dropped_or_delisted,False,False,False
19909,2022,2023,0.8872,189247,212084,dropped_or_delisted,False,False,False
19909,2023,2024,0.7841,212084,210623,dropped_or_delisted,False,False,False
19925,2015,2016,0.9565,185705,195355,dropped_or_delisted,False,False,False
19925,2016,2017,0.9106,195355,171812,dropped_or_delisted,False,False,False
19925,2017,2018,0.886,171812,175512,dropped_or_delisted,False,False,False
19925,2018,2019,0.9707,175512,187308,dropped_or_delisted,False,False,False
19925,2019,2020,0.9533,187308,199594,dropped_or_delisted,False,False,False
19925,2020,2021,0.9425,199594,209941,dropped_or_delisted,False,False,False
19925,2021,2022,0.9283,209941,214302,dropped_or_delisted,False,False,False
19992,2015,2016,0.9514,109906,116359,stayed,False,False,False
19992,2016,2017,0.9596,116359,116957,stayed,False,False,False
19992,2017,2018,0.9584,116957,128921,stayed,False,False,False
19992,2018,2019,0.8989,128921,123534,stayed,False,False,False
19992,2019,2020,0.8872,123534,213703,stayed,False,False,False
19992,2020,2021,0.9359,213703,181205,stayed,False,False,False
19992,2021,2022,0.818,181205,172361,stayed,False,False,False
19992,2022,2023,0.9534,172361,170859,stayed,False,False,False
19992,2023,2024,0.9128,170859,168984,stayed,False,False,False
20010,2015,2016,0.7845,278708,284258,stayed,False,False,False
20010,2016,2017,0.9496,284258,325960,stayed,False,False,False
20010,2017,2018,0.8742,325960,340185,stayed,False,False,False
20010,2018,2019,0.609,340185,52219,stayed,False,False,False
20010,2019,2020,0.8083,52219,427087,stayed,False,False,False
20010,2020,2021,0.9737,427087,621707,stayed,False,False,False
20010,2021,2022,0.9614,621707,530309,stayed,False,False,False
20010,2022,2023,0.6795,530309,50012,stayed,False,False,False
20010,2023,2024,0.6783,50012,557233,stayed,False,False,False
20087,2015,2016,0.8457,65992,322208,stayed,False,False,False
20087,2016,2017,0.9963,322208,316644,stayed,False,False,False
20087,2017,2018,0.8548,316644,78964,stayed,False,False,False
20087,2018,2019,0.8671,78964,330717,stayed,False,False,False
20087,2019,2020,0.8691,330717,101068,stayed,False,False,False
20087,2020,2021,0.8645,101068,340386,stayed,False,False,False
20087,2021,2022,0.8502,340386,129294,stayed,False,False,False
20087,2022,2023,0.8257,129294,257269,stayed,False,False,False
20087,2023,2024,0.9868,257269,269817,stayed,False,False,False
20257,2015,2016,0.0003,258604,249428,stayed,False,False,False
20257,2016,2017,0.0005,249428,227939,stayed,False,False,False
20257,2017,2018,0.9466,227939,248703,stayed,False,False,False
20257,2018,2019,0.9426,248703,263475,stayed,False,False,False
20257,2019,2020,0.9076,263475,254827,stayed,False,False,False
20257,2020,2021,0.933,254827,224490,stayed,False,False,False
20257,2021,2022,0.9642,224490,224521,stayed,False,False,False
20257,2022,2023,0.9649,224521,228647,stayed,False,False,False
20257,2023,2024,0.9616,228647,241460,stayed,False,False,False
20362,2015,2016,0.9168,169940,187744,dropped_or_delisted,False,False,False
20362,2016,2017,0.8598,187744,166518,dropped_or_delisted,False,False,False
20362,2017,2018,0.0728,166518,204393,dropped_or_delisted,False,False,False
20362,2018,2019,0.0619,204393,248272,dropped_or_delisted,False,False,False
20362,2019,2020,0.7523,248272,198095,dropped_or_delisted,False,False,False
20362,2020,2021,0.8942,198095,204073,dropped_or_delisted,False,False,False
20362,2021,2022,0.9241,204073,206706,dropped_or_delisted,False,False,False
20362,2022,2023,0.8781,206706,237076,dropped_or_delisted,False,False,False
20362,2023,2024,0.0069,237076,277669,dropped_or_delisted,False,False,False
20478,2015,2016,0.9596,175852,159590,dropped_or_delisted,False,False,False
20478,2016,2017,0.965,159590,170759,dropped_or_delisted,False,False,False
20478,2017,2018,0.9698,170759,162950,dropped_or_delisted,False,False,False
20478,2018,2019,0.9919,162950,166430,dropped_or_delisted,False,False,False
20478,2019,2020,0.9866,166430,173827,dropped_or_delisted,False,False,False
20478,2020,2021,0.9848,173827,176677,dropped_or_delisted,False,False,False
20478,2021,2022,0.9942,176677,176737,dropped_or_delisted,False,False,False
20478,2022,2023,0.9601,176737,191672,dropped_or_delisted,False,False,False
20478,2023,2024,0.9909,191672,190729,dropped_or_delisted,False,False,False
20494,2015,2016,0.9907,146982,149845,dropped_or_delisted,False,False,False
20494,2016,2017,0.9496,149845,164337,dropped_or_delisted,False,False,False
20494,2017,2018,0.951,164337,172716,dropped_or_delisted,False,False,False
20494,2018,2019,0.6071,172716,36811,dropped_or_delisted,False,False,False
20494,2019,2020,0.9428,36811,40877,dropped_or_delisted,False,False,False
20494,2020,2021,0.6415,40877,181579,dropped_or_delisted,False,False,False
20494,2021,2022,0.9086,181579,158171,dropped_or_delisted,False,False,False
20494,2022,2023,0.9786,158171,165412,dropped_or_delisted,False,False,False
20494,2023,2024,0.9691,165412,161489,dropped_or_delisted,False,False,False
20516,2017,2018,0.9388,57811,51169,dropped_or_delisted,False,False,False
20516,2018,2019,0.4746,51169,158268,dropped_or_delisted,False,False,False
20516,2019,2020,0.4836,158268,70500,dropped_or_delisted,False,False,False
20516,2020,2021,0.4578,70500,106939,dropped_or_delisted,False,False,False
20516,2021,2022,0.3423,106939,115479,dropped_or_delisted,False,False,False
20516,2022,2023,0.603,115479,114906,dropped_or_delisted,False,False,False
20516,2023,2024,0.3593,114906,92379,dropped_or_delisted,False,False,False
20524,2015,2016,0.7477,87446,231817,dropped_or_delisted,False,False,False
20524,2016,2017,0.9145,231817,119962,dropped_or_delisted,False,False,False
20524,2017,2018,0.5221,119962,75383,dropped_or_delisted,False,False,False
20524,2018,2019,0.5445,75383,129701,dropped_or_delisted,False,False,False
20524,2023,2024,0.8706,154492,170053,dropped_or_delisted,False,False,False
20605,2017,2018,0.8289,46042,40187,dropped_or_delisted,False,False,False
20605,2018,2019,0.8615,40187,51367,dropped_or_delisted,False,False,False
20605,2019,2020,0.6711,51367,51548,dropped_or_delisted,False,False,False
20605,2020,2021,0.5781,51548,165459,dropped_or_delisted,False,False,False
20605,2023,2024,0.6512,74304,160511,dropped_or_delisted,False,False,False
20745,2015,2016,0.9423,75713,83581,stayed,False,False,False
20745,2016,2017,0.9232,83581,95561,stayed,False,False,False
20745,2017,2018,0.8788,95561,85476,stayed,False,False,False
20745,2018,2019,0.8598,85476,97670,stayed,False,False,False
20745,2019,2020,0.4126,97670,193645,stayed,False,False,False
20745,2020,2021,0.9389,193645,227183,stayed,False,False,False
20745,2021,2022,0.9209,227183,203893,stayed,False,False,False
20745,2022,2023,0.9635,203893,204503,stayed,False,False,False
20745,2023,2024,0.9795,204503,236835,stayed,False,False,False
20770,2015,2016,0.9745,76418,78661,dropped_or_delisted,False,False,False
20770,2016,2017,0.9854,78661,83838,dropped_or_delisted,False,False,False
20770,2017,2018,0.9087,83838,82093,dropped_or_delisted,False,False,False
20770,2018,2019,0.9267,82093,94406,dropped_or_delisted,False,False,False
20770,2021,2022,0.9529,79578,82585,dropped_or_delisted,False,False,False
20770,2022,2023,0.9464,82585,80812,dropped_or_delisted,False,False,False
20770,2023,2024,0.9517,80812,86871,dropped_or_delisted,False,False,False
20788,2015,2016,0.9816,285466,325031,stayed,False,False,False
20788,2016,2017,0.9669,325031,265489,stayed,False,False,False
20788,2017,2018,0.5382,265489,54605,stayed,False,False,False
20788,2018,2019,0.5457,54605,218863,stayed,False,False,False
20788,2019,2020,0.9757,218863,233895,stayed,False,False,False
20788,2020,2021,0.972,233895,242469,stayed,False,False,False
20788,2021,2022,0.8915,242469,305067,stayed,False,False,False
20788,2022,2023,0.9668,305067,312502,stayed,False,False,False
20788,2023,2024,0.9791,312502,305504,stayed,False,False,False
20915,2015,2016,0.6752,22403,36039,stayed,False,False,False
20915,2016,2017,0.7648,36039,38207,stayed,False,False,False
20915,2017,2018,0.662,38207,30012,stayed,False,False,False
20915,2018,2019,0.3238,30012,188638,stayed,False,False,False
20915,2019,2020,0.4505,188638,30164,stayed,False,False,False
20915,2020,2021,0.4928,30164,228525,stayed,False,False,False
20915,2021,2022,0.847,228525,244689,stayed,False,False,False
20915,2022,2023,0.9587,244689,230464,stayed,False,False,False
20915,2023,2024,0.9656,230464,230495,stayed,False,False,False
20931,2015,2016,0.8942,66599,60951,stayed,False,False,False
20931,2016,2017,0.3658,60951,175902,stayed,False,False,False
20931,2017,2018,0.4026,175902,50551,stayed,False,False,False
20931,2018,2019,0.4812,50551,182346,stayed,False,False,False
20931,2019,2020,0.4642,182346,54110,stayed,False,False,False
20931,2020,2021,0.4837,54110,201620,stayed,False,False,False
20931,2021,2022,0.9841,201620,209217,stayed,False,False,False
20931,2022,2023,0.989,209217,213742,stayed,False,False,False
20931,2023,2024,0.9763,213742,233879,stayed,False,False,False
20982,2015,2016,0.9434,250686,228745,stayed,False,False,False
20982,2016,2017,0.9941,228745,247081,stayed,False,False,False
20982,2017,2018,0.9188,247081,345172,stayed,False,False,False
20982,2018,2019,0.9972,345172,353296,stayed,False,False,False
20982,2019,2020,0.9966,353296,353263,stayed,False,False,False
20982,2020,2021,0.9986,353263,355992,stayed,False,False,False
20982,2021,2022,0.9969,355992,341236,stayed,False,False,False
20982,2022,2023,0.997,341236,324339,stayed,False,False,False
20982,2023,2024,0.9973,324339,325936,stayed,False,False,False
20990,2015,2016,0.8748,68155,60601,dropped_or_delisted,False,False,False
20990,2016,2017,0.8849,60601,67102,dropped_or_delisted,False,False,False
20990,2017,2018,0.8527,67102,74164,dropped_or_delisted,False,False,False
20990,2018,2019,0.8604,74164,70868,dropped_or_delisted,False,False,False
20990,2019,2020,0.3329,70868,148405,dropped_or_delisted,False,False,False
20990,2020,2021,0.7195,148405,207710,dropped_or_delisted,False,False,False
20990,2021,2022,0.7884,207710,291459,dropped_or_delisted,False,False,False
20990,2022,2023,0.7909,291459,263890,dropped_or_delisted,False,False,False
20990,2023,2024,0.8707,263890,220497,dropped_or_delisted,False,False,False
21016,2015,2016,0.9455,186174,196865,stayed,False,False,False
21016,2016,2017,0.849,196865,162509,stayed,False,False,False
21016,2017,2018,0.8071,162509,171186,stayed,False,False,False
21016,2018,2019,0.9602,171186,159441,stayed,False,False,False
21016,2019,2020,0.6137,159441,184640,stayed,False,False,False
21016,2020,2021,0.9621,184640,183354,stayed,False,False,False
21016,2021,2022,0.9371,183354,175955,stayed,False,False,False
21016,2022,2023,0.9689,175955,177752,stayed,False,False,False
21016,2023,2024,0.9551,177752,186030,stayed,False,False,False
21091,2015,2016,0.9825,139892,150339,dropped_or_delisted,False,False,False
21091,2016,2017,0.9773,150339,168382,dropped_or_delisted,False,False,False
21091,2017,2018,0.9854,168382,178255,dropped_or_delisted,False,False,False
21091,2018,2019,0.9513,178255,173990,dropped_or_delisted,False,False,False
21091,2019,2020,0.9885,173990,180750,dropped_or_delisted,False,False,False
21091,2020,2021,0.2604,180750,171055,dropped_or_delisted,False,False,False
21091,2021,2022,0.9857,171055,187329,dropped_or_delisted,False,False,False
21091,2022,2023,0.9929,187329,193791,dropped_or_delisted,False,False,False
21091,2023,2024,0.9914,193791,217643,dropped_or_delisted,False,False,False
21237,2015,2016,0.9354,199633,210225,stayed,False,False,False
21237,2016,2017,0.668,210225,122755,stayed,False,False,False
21237,2017,2018,0.7018,122755,202899,stayed,False,False,False
21237,2018,2019,0.9048,202899,193041,stayed,False,False,False
21237,2019,2020,0.8604,193041,172423,stayed,False,False,False
21237,2020,2021,0.9744,172423,195513,stayed,False,False,False
21237,2021,2022,0.7096,195513,68956,stayed,False,False,False
21237,2022,2023,0.7637,68956,222673,stayed,False,False,False
21237,2023,2024,0.7255,222673,180557,stayed,False,False,False
21350,2021,2022,0.8724,167901,216253,stayed,False,False,False
21350,2022,2023,0.5173,216253,169927,stayed,False,False,False
21350,2023,2024,0.8706,169927,184632,stayed,False,False,False
21431,2015,2016,0.9646,163056,167185,stayed,False,False,False
21431,2016,2017,0.7905,167185,190590,stayed,False,False,False
21431,2017,2018,0.7408,190590,187252,stayed,False,False,False
21431,2018,2019,0.9499,187252,168298,stayed,False,False,False
21431,2019,2020,0.9733,168298,175869,stayed,False,False,False
21431,2020,2021,0.9468,175869,188192,stayed,False,False,False
21431,2021,2022,0.9626,188192,187877,stayed,False,False,False
21431,2022,2023,0.964,187877,188791,stayed,False,False,False
21431,2023,2024,0.9753,188791,189007,stayed,False,False,False
21881,2015,2016,0.336,113258,51699,stayed,False,False,False
21881,2016,2017,0.4438,51699,44536,stayed,False,False,False
21881,2017,2018,0.6636,44536,134395,stayed,False,False,False
21881,2018,2019,0.8572,134395,114204,stayed,False,False,False
21881,2019,2020,0.5273,114204,58419,stayed,False,False,False
21881,2020,2021,0.5768,58419,125812,stayed,False,False,False
21881,2021,2022,0.8953,125812,134847,stayed,False,False,False
21881,2022,2023,0.7913,134847,134524,stayed,False,False,False
21881,2023,2024,0.9088,134524,130569,stayed,False,False,False
22187,2015,2016,0.5389,97150,28834,stayed,False,False,False
22187,2016,2017,0.6098,28834,102212,stayed,False,False,False
22187,2019,2020,0.5666,143567,30212,stayed,False,False,False
22187,2020,2021,0.7308,30212,131354,stayed,False,False,False
22349,2015,2016,0.9602,125951,119775,stayed,False,False,False
22349,2016,2017,0.7327,119775,155461,stayed,False,False,False
22349,2017,2018,0.4923,155461,155515,stayed,False,False,False
22349,2018,2019,0.9885,155515,158551,stayed,False,False,False
22349,2021,2022,0.9266,240208,250988,stayed,False,False,False
22349,2022,2023,0.9079,250988,242411,stayed,False,False,False
22349,2023,2024,0.7206,242411,233116,stayed,False,False,False
22357,2015,2016,0.8613,98021,91451,stayed,False,False,False
22357,2016,2017,0.9938,91451,90656,stayed,False,False,False
22357,2017,2018,0.9787,90656,89188,stayed,False,False,False
22357,2020,2022,0.6638,28077,230787,stayed,False,False,False
22357,2022,2023,0.8726,230787,259183,stayed,False,False,False
22357,2023,2024,0.7487,259183,249913,stayed,False,False,False
22470,2020,2021,0.8512,202003,205280,stayed,False,False,False
22691,2015,2016,0.7868,124315,120297,dropped_or_delisted,False,False,False
22691,2016,2017,0.7923,120297,157621,dropped_or_delisted,False,False,False
22691,2017,2018,0.3109,157621,75399,dropped_or_delisted,False,False,False
22691,2018,2019,0.8969,75399,67035,dropped_or_delisted,False,False,False
22691,2019,2020,0.3611,67035,189782,dropped_or_delisted,False,False,False
22691,2020,2021,0.3919,189782,223887,dropped_or_delisted,False,False,False
22691,2021,2022,0.3022,223887,201606,dropped_or_delisted,False,False,False
22691,2022,2023,0.7983,201606,220995,dropped_or_delisted,False,False,False
22691,2023,2024,0.9397,220995,188736,dropped_or_delisted,False,False,False
23264,2015,2016,0.952,246094,247864,stayed,False,False,False
23264,2016,2017,0.9701,247864,246386,stayed,False,False,False
23264,2017,2018,0.9565,246386,266938,stayed,False,False,False
23264,2018,2019,0.8826,266938,298503,stayed,False,False,False
23264,2019,2020,0.9521,298503,307327,stayed,False,False,False
23264,2020,2021,0.9915,307327,309775,stayed,False,False,False
23264,2021,2022,0.9904,309775,334134,stayed,False,False,False
23264,2022,2023,0.9814,334134,333729,stayed,False,False,False
23264,2023,2024,0.903,333729,330195,stayed,False,False,False
23272,2015,2016,0.973,99236,108879,dropped_or_delisted,False,False,False
23272,2016,2017,0.9792,108879,110783,dropped_or_delisted,False,False,False
23272,2017,2018,0.3983,110783,17499,dropped_or_delisted,False,False,False
23272,2018,2019,0.7726,17499,17921,dropped_or_delisted,False,False,False
23272,2019,2020,0.6161,17921,11443,dropped_or_delisted,False,False,False
23310,2015,2016,0.9517,134257,160177,dropped_or_delisted,False,False,False
23310,2016,2017,0.1782,160177,27424,dropped_or_delisted,False,False,False
23310,2017,2018,0.6233,27424,194984,dropped_or_delisted,False,False,False
23310,2018,2019,0.8582,194984,254857,dropped_or_delisted,False,False,False
23310,2019,2020,0.7503,254857,186458,dropped_or_delisted,False,False,False
23310,2020,2021,0.9591,186458,160966,dropped_or_delisted,False,False,False
23310,2021,2022,0.9528,160966,148084,dropped_or_delisted,False,False,False
23310,2022,2023,0.9688,148084,153258,dropped_or_delisted,False,False,False
23310,2023,2024,0.9012,153258,130346,dropped_or_delisted,False,False,False
24112,2016,2017,0.9295,199157,179544,dropped_or_delisted,False,False,False
24112,2017,2018,0.9521,179544,199390,dropped_or_delisted,False,False,False
24112,2018,2019,0.9365,199390,215354,dropped_or_delisted,False,False,False
24112,2019,2020,0.6857,215354,160088,dropped_or_delisted,False,False,False
24112,2020,2021,0.8574,160088,160079,dropped_or_delisted,False,False,False
24112,2021,2022,0.7544,160079,155717,dropped_or_delisted,False,False,False
24112,2022,2023,0.8001,155717,183417,dropped_or_delisted,False,False,False
24112,2023,2024,0.8414,183417,173230,dropped_or_delisted,False,False,False
24171,2016,2017,0.7062,199136,62227,dropped_or_delisted,False,False,False
24171,2017,2018,0.7134,62227,211126,dropped_or_delisted,False,False,False
24171,2018,2019,0.9796,211126,193692,dropped_or_delisted,False,False,False
24171,2019,2020,0.6501,193692,70443,dropped_or_delisted,False,False,False
24171,2020,2021,0.6471,70443,249861,dropped_or_delisted,False,False,False
24171,2021,2022,0.9503,249861,281343,dropped_or_delisted,False,False,False
24171,2022,2023,0.9801,281343,278051,dropped_or_delisted,False,False,False
24171,2023,2024,0.9635,278051,273149,dropped_or_delisted,False,False,False
24252,2016,2017,0.2985,23874,63993,dropped_or_delisted,False,False,False
24252,2017,2018,0.9609,63993,85016,dropped_or_delisted,False,False,False
24252,2018,2019,0.9194,85016,98857,dropped_or_delisted,False,False,False
24252,2019,2020,0.9272,98857,91159,dropped_or_delisted,False,False,False
24260,2016,2017,0.9849,144683,148703,stayed,False,False,False
24260,2017,2018,0.1695,148703,33846,stayed,False,False,False
24260,2018,2019,0.2161,33846,141456,stayed,False,False,False
24260,2019,2020,0.706,141456,144285,stayed,False,False,False
24260,2020,2021,0.7476,144285,185825,stayed,False,False,False
24260,2021,2022,0.9384,185825,159384,stayed,False,False,False
24260,2022,2023,0.9263,159384,187207,stayed,False,False,False
24260,2023,2024,0.9653,187207,191667,stayed,False,False,False
24295,2016,2017,0.8197,134333,136177,stayed,False,False,False
24295,2017,2018,0.8079,136177,156458,stayed,False,False,False
24295,2018,2019,0.9598,156458,142984,stayed,False,False,False
24295,2019,2020,0.8445,142984,158698,stayed,False,False,False
24295,2020,2021,0.6528,158698,164019,stayed,False,False,False
24295,2021,2022,0.822,164019,195753,stayed,False,False,False
24295,2022,2024,0.9268,195753,210145,stayed,False,False,False
24392,2020,2021,0.8378,209059,217573,stayed,False,False,False
24392,2021,2022,0.7781,217573,264223,stayed,False,False,False
24392,2022,2023,0.8746,264223,324172,stayed,False,False,False
24392,2023,2024,0.9527,324172,281857,stayed,False,False,False
24716,2018,2019,0.937,246585,211781,stayed,False,False,False
24716,2019,2020,0.8816,211781,212272,stayed,False,False,False
24716,2020,2021,0.9729,212272,253353,stayed,False,False,False
24716,2021,2022,0.9775,253353,285198,stayed,False,False,False
24716,2022,2023,0.9822,285198,299377,stayed,False,False,False
24716,2023,2024,0.9628,299377,260804,stayed,False,False,False
24783,2019,2020,0.6923,91418,309845,dropped_or_delisted,False,False,False
24783,2020,2021,0.9852,309845,308690,dropped_or_delisted,False,False,False
24783,2021,2022,0.9687,308690,285316,dropped_or_delisted,False,False,False
24783,2022,2023,0.9775,285316,281191,dropped_or_delisted,False,False,False
24783,2023,2024,0.9238,281191,321132,dropped_or_delisted,False,False,False
24805,2019,2020,0.7618,84383,91199,stayed,False,False,False
24805,2020,2021,0.9157,91199,86379,stayed,False,False,False
24805,2021,2022,0.962,86379,90197,stayed,False,False,False
24805,2022,2023,0.9678,90197,88530,stayed,False,False,False
24805,2023,2024,0.9216,88530,104463,stayed,False,False,False
24821,2018,2019,0.861,22045,25550,stayed,False,False,False
24821,2019,2020,0.5385,25550,229665,stayed,False,False,False
24821,2020,2021,0.9631,229665,229826,stayed,False,False,False
24821,2021,2022,0.9201,229826,288032,stayed,False,False,False
24821,2022,2023,0.9641,288032,329875,stayed,False,False,False
24821,2023,2024,0.9914,329875,346702,stayed,False,False,False
24848,2018,2019,0.9068,170491,158338,stayed,False,False,False
24848,2019,2020,0.9705,158338,166342,stayed,False,False,False
24848,2020,2021,0.9528,166342,189802,stayed,False,False,False
24848,2021,2022,0.1027,189802,39205,stayed,False,False,False
24848,2022,2023,0.781,39205,34509,stayed,False,False,False
24910,2018,2019,0.9697,184589,136793,dropped_or_delisted,False,False,False
24910,2019,2020,0.9494,136793,152848,dropped_or_delisted,False,False,False
24910,2020,2021,0.8221,152848,182097,dropped_or_delisted,False,False,False
24910,2021,2022,0.969,182097,162672,dropped_or_delisted,False,False,False
24910,2022,2023,0.9633,162672,161548,dropped_or_delisted,False,False,False
24910,2023,2024,0.7823,161548,151375,dropped_or_delisted,False,False,False
24929,2018,2019,0.9493,168632,181852,stayed,False,False,False
24929,2019,2020,0.9422,181852,199087,stayed,False,False,False
24929,2020,2021,0.9349,199087,214990,stayed,False,False,False
24929,2021,2022,0.9061,214990,241664,stayed,False,False,False
24929,2022,2023,0.9615,241664,238813,stayed,False,False,False
24929,2023,2024,0.9749,238813,213057,stayed,False,False,False
25011,2021,2022,0.4256,75044,130962,dropped_or_delisted,False,False,False
25100,2019,2020,0.9534,125374,142105,stayed,False,False,False
25100,2020,2021,0.9849,142105,141395,stayed,False,False,False
25100,2021,2022,0.9983,141395,148302,stayed,False,False,False
25100,2022,2023,0.9974,148302,149829,stayed,False,False,False
25100,2023,2024,0.9951,149829,154169,stayed,False,False,False
25232,2019,2020,0.9766,20429,17776,dropped_or_delisted,False,False,False
25232,2020,2021,0.4175,17776,131926,dropped_or_delisted,False,False,False
25232,2021,2022,0.8961,131926,147919,dropped_or_delisted,False,False,False
25232,2022,2023,0.9772,147919,130876,dropped_or_delisted,False,False,False
25291,2019,2020,0.4381,155584,126181,stayed,False,False,False
25291,2020,2021,0.715,126181,161236,stayed,False,False,False
25291,2021,2022,0.4343,161236,65214,stayed,False,False,False
25291,2022,2023,0.7331,65214,110820,stayed,False,False,False
25291,2023,2024,0.3089,110820,256422,stayed,False,False,False
25372,2021,2022,0.9266,156737,140481,stayed,False,False,False
25372,2022,2023,0.7968,140481,139138,stayed,False,False,False
25372,2023,2024,0.9025,139138,151774,stayed,False,False,False
25585,2019,2020,0.9583,62793,98335,stayed,False,False,False
25585,2020,2021,0.529,98335,150295,stayed,False,False,False
25585,2021,2022,0.9198,150295,160295,stayed,False,False,False
25585,2022,2023,0.978,160295,154934,stayed,False,False,False
25585,2023,2024,0.9212,154934,170870,stayed,False,False,False
25780,2020,2021,0.6147,25473,138681,stayed,False,False,False
25780,2021,2022,0.8069,138681,142183,stayed,False,False,False
25917,2020,2021,0.9874,228709,232901,dropped_or_delisted,False,False,False
25917,2021,2022,0.736,232901,286328,dropped_or_delisted,False,False,False
25917,2022,2023,0.9177,286328,316716,dropped_or_delisted,False,False,False
25917,2023,2024,0.9869,316716,332149,dropped_or_delisted,False,False,False
26620,2021,2022,0.7263,240293,249732,stayed,False,False,False
26620,2022,2023,0.944,249732,202714,stayed,False,False,False
26620,2023,2024,0.8918,202714,236611,stayed,False,False,False
27707,2023,2024,0.5388,182887,268218,dropped_or_delisted,False,False,False
