cd_cvm,year_prev,year_curr,cosine_similarity,chars_prev,chars_curr
002437,2015,2016,0.9441,369414,320795
002437,2016,2017,0.9492,320795,326087
002437,2017,2018,0.9313,326087,312934
002437,2018,2019,0.8618,312934,692624
002437,2019,2020,0.9297,692624,640997
002437,2020,2021,0.8941,640997,388979
002437,2021,2022,0.902,388979,267385
002437,2022,2023,0.8666,267385,237349
002437,2023,2024,0.8724,237349,251026
002453,2015,2016,0.9798,360670,363606
002453,2016,2017,0.9651,363606,357785
002453,2017,2018,0.9727,357785,421356
002453,2018,2019,0.9777,421356,419576
002453,2019,2020,0.9624,419576,490324
002453,2020,2021,0.9734,490324,466601
002453,2021,2022,0.9772,466601,430756
002453,2022,2023,0.9693,430756,405851
002453,2023,2024,0.9686,405851,412561
002577,2015,2016,0.9647,208879,214624
002577,2016,2017,0.9695,214624,255415
002577,2017,2018,0.9615,255415,235309
002577,2018,2019,0.8204,235309,134950
002577,2019,2020,0.8674,134950,154352
002577,2020,2021,0.0069,154352,161841
002577,2021,2022,0.0075,161841,134711
002577,2022,2023,0.7919,134711,124831
002577,2023,2024,0.9125,124831,138135
003980,2015,2016,0.991,203796,201424
003980,2016,2017,0.9829,201424,211551
003980,2017,2018,0.9855,211551,220360
003980,2018,2019,0.5646,220360,39264
003980,2019,2020,0.7778,39264,39883
003980,2020,2021,0.5008,39883,221121
003980,2021,2022,0.9839,221121,226913
003980,2022,2023,0.9869,226913,225135
003980,2023,2024,0.9726,225135,239444
004030,2015,2016,0.917,285063,323662
004030,2016,2017,0.9262,323662,271289
004030,2017,2018,0.9792,271289,273985
004030,2018,2019,0.9764,273985,274698
004030,2019,2020,0.7701,274698,108318
004030,2020,2021,0.7728,108318,277847
004030,2021,2022,0.9608,277847,286438
004030,2022,2023,0.9668,286438,247953
004030,2023,2024,0.9658,247953,276107
004170,2015,2016,0.9052,224509,237390
004170,2016,2017,0.9392,237390,227057
004170,2017,2018,0.8964,227057,248583
004170,2018,2019,0.579,248583,90315
004170,2019,2020,0.5645,90315,274603
004170,2020,2021,0.9428,274603,306915
004170,2021,2022,0.9321,306915,323774
004170,2022,2023,0.939,323774,344928
004170,2023,2024,0.9444,344928,322916
004820,2015,2016,0.8039,64386,296557
004820,2016,2017,0.9885,296557,279551
004820,2017,2018,0.8387,279551,93770
004820,2018,2019,0.8316,93770,315972
004820,2019,2020,0.7571,315972,133746
004820,2020,2021,0.7773,133746,343707
004820,2021,2022,0.9889,343707,308708
004820,2022,2023,0.8016,308708,109681
004820,2023,2024,0.7925,109681,260453
005258,2015,2016,0.8694,50853,41986
005258,2016,2017,0.7544,41986,43769
005258,2017,2018,0.7994,43769,48943
005258,2018,2019,0.2671,48943,166326
005258,2019,2020,0.9354,166326,182671
005258,2020,2021,0.5221,182671,251661
005258,2021,2022,0.9492,251661,242447
005258,2022,2023,0.9479,242447,249418
005258,2023,2024,0.9618,249418,249898
005410,2015,2016,0.9873,89851,91393
005410,2016,2017,0.9833,91393,94422
005410,2017,2018,0.9814,94422,100991
005410,2018,2019,0.9844,100991,96003
005410,2019,2020,0.9854,96003,96144
005410,2020,2021,0.9819,96144,98694
005410,2021,2022,0.9764,98694,99119
005410,2022,2023,0.9767,99119,103611
005410,2023,2024,0.9627,103611,112878
006505,2015,2016,0.8717,140191,143638
006505,2016,2017,0.9138,143638,142991
006505,2017,2018,0.8055,142991,158243
006505,2018,2019,0.7641,158243,166276
006505,2019,2020,0.7428,166276,165875
006505,2020,2021,0.7945,165875,164701
006505,2021,2022,0.9027,164701,164368
006505,2022,2023,0.8896,164368,153589
006505,2023,2024,0.9063,153589,162067
008087,2015,2016,0.8802,181928,166065
008087,2016,2017,0.5655,166065,81852
008087,2017,2018,0.871,81852,87315
008087,2018,2019,0.2698,87315,170120
008087,2019,2020,0.8584,170120,206208
008133,2015,2016,0.6631,157314,44337
008133,2016,2017,0.6852,44337,153830
008133,2017,2018,0.8929,153830,160225
008133,2018,2019,0.8952,160225,139213
008133,2019,2020,0.7729,139213,180180
008133,2020,2021,0.6466,180180,150743
008133,2021,2022,0.9279,150743,143572
008133,2022,2023,0.9495,143572,138987
008133,2023,2024,0.945,138987,150333
008451,2015,2016,0.9828,136443,141275
008451,2016,2017,0.9861,141275,148495
008451,2017,2018,0.9573,148495,144360
008451,2018,2019,0.9799,144360,148462
008451,2019,2020,0.8842,148462,164141
008451,2020,2021,0.994,164141,161223
008451,2021,2022,0.9912,161223,154805
008451,2022,2023,0.9914,154805,153494
008451,2023,2024,0.9847,153494,155281
008656,2015,2016,0.9921,205024,204140
008656,2016,2017,0.9872,204140,216159
008656,2017,2018,0.9861,216159,218055
008656,2018,2019,0.9854,218055,200372
008656,2019,2020,0.5159,200372,31584
008656,2020,2021,0.53,31584,209428
008656,2021,2022,0.9864,209428,214736
008656,2022,2023,0.9908,214736,211253
008656,2023,2024,0.9838,211253,223354
008672,2015,2016,0.5959,230573,10759
008672,2016,2017,0.5831,10759,194357
008672,2017,2018,0.8209,194357,187960
008672,2018,2019,0.9631,187960,160307
008672,2019,2020,0.5713,160307,7559
008672,2020,2021,0.5093,7559,177847
008672,2021,2022,0.916,177847,165828
008672,2022,2023,0.979,165828,172585
008672,2023,2024,0.9735,172585,168304
009512,2016,2017,0.7963,244209,296098
009512,2017,2018,0.943,296098,305009
009512,2018,2019,0.6325,305009,74579
009512,2019,2020,0.6792,74579,114397
009512,2020,2021,0.5674,114397,463618
009512,2021,2022,0.9741,463618,450628
009512,2022,2023,0.9749,450628,456996
009512,2023,2024,0.9843,456996,441047
010456,2015,2016,0.9687,135754,126096
010456,2016,2017,0.9638,126096,144787
010456,2017,2018,0.3964,144787,25477
010456,2018,2019,0.4137,25477,179658
010456,2019,2020,0.2073,179658,41079
010456,2020,2021,0.7181,41079,39036
010456,2021,2022,0.8914,39036,37426
010456,2022,2023,0.6996,37426,50057
010456,2023,2024,0.1123,50057,153837
011312,2015,2016,0.9003,270734,251041
011312,2016,2017,0.8814,251041,336336
011312,2017,2018,0.8981,336336,330557
011312,2018,2019,0.8938,330557,265247
011312,2019,2020,0.7396,265247,351663
011312,2020,2021,0.9207,351663,336104
011312,2021,2022,0.8889,336104,304047
011312,2022,2023,0.8777,304047,270375
011312,2023,2024,0.7865,270375,288892
012653,2015,2016,0.9317,150235,148000
012653,2016,2017,0.9055,148000,157955
012653,2017,2018,0.8965,157955,173194
012653,2018,2019,0.8324,173194,150741
012653,2019,2020,0.8276,150741,210003
012653,2020,2021,0.4171,210003,239679
012653,2021,2022,0.4079,239679,270436
012653,2022,2023,0.9788,270436,252669
012653,2023,2024,0.989,252669,269977
012793,2015,2016,0.551,224345,64818
012793,2016,2017,0.9342,64818,66755
012793,2017,2018,0.5613,66755,221183
013986,2015,2016,0.4688,162228,59750
013986,2016,2017,0.4367,59750,166321
013986,2017,2018,0.8249,166321,215584
013986,2018,2019,0.8582,215584,271462
013986,2019,2020,0.9244,271462,298348
013986,2020,2021,0.9513,298348,290070
013986,2021,2022,0.9632,290070,278350
013986,2022,2023,0.9591,278350,273650
013986,2023,2024,0.9751,273650,274607
014176,2015,2016,0.9403,283551,322686
014176,2016,2017,0.3384,322686,81966
014176,2017,2018,0.3451,81966,392012
014176,2018,2019,0.7375,392012,286573
014176,2019,2020,0.833,286573,281455
014176,2020,2021,0.8868,281455,191653
014176,2021,2022,0.83,191653,282719
014176,2022,2023,0.9529,282719,288120
014176,2023,2024,0.8222,288120,293315
014311,2015,2016,0.8136,289123,163642
014311,2016,2017,0.9624,163642,139503
014311,2017,2018,0.7334,139503,325757
014311,2018,2019,0.9865,325757,308157
014311,2019,2020,0.981,308157,350652
014311,2020,2021,0.9775,350652,334303
014311,2021,2022,0.3424,334303,1082
014311,2022,2023,0.3424,1082,326092
014311,2023,2024,0.9803,326092,277416
014320,2015,2016,0.9822,200762,219603
014320,2016,2017,0.9797,219603,214206
014320,2017,2018,0.9804,214206,203967
014320,2018,2019,0.9887,203967,204148
014320,2019,2020,0.9777,204148,200997
014320,2020,2021,0.936,200997,202683
014320,2021,2022,0.9691,202683,220649
014320,2022,2023,0.9752,220649,217795
014320,2023,2024,0.9891,217795,215483
014443,2015,2016,0.7174,168528,263570
014443,2016,2017,0.7655,263570,146834
014443,2017,2018,0.7256,146834,282037
014443,2018,2019,0.9855,282037,242449
014443,2019,2020,0.6132,242449,176912
014443,2020,2021,0.6004,176912,223209
014443,2021,2022,0.9884,223209,218593
014443,2022,2023,0.9849,218593,244365
014443,2023,2024,0.955,244365,261497
014460,2015,2016,0.8731,206885,213748
014460,2016,2017,0.9823,213748,181084
014460,2017,2018,0.9503,181084,189467
014460,2018,2019,0.9483,189467,193192
014460,2019,2020,0.9463,193192,229511
014460,2020,2021,0.9902,229511,233137
014460,2021,2022,0.9847,233137,247734
014460,2022,2023,0.9907,247734,262016
014460,2023,2024,0.9056,262016,236999
014761,2015,2016,0.3939,149789,28216
014761,2016,2017,0.3285,28216,140746
014761,2017,2018,0.941,140746,134950
014761,2018,2019,0.3325,134950,22168
014761,2019,2020,0.3077,22168,156132
014826,2015,2016,0.8945,303950,263729
014826,2016,2017,0.9509,263729,254081
014826,2017,2018,0.934,254081,252055
014826,2018,2019,0.2347,252055,64569
014826,2019,2020,0.8285,64569,42389
014826,2020,2021,0.5226,42389,232095
014826,2021,2022,0.9353,232095,223447
014826,2022,2023,0.1056,223447,865
014826,2023,2024,0.078,865,221104
015253,2015,2016,0.978,313688,361711
015253,2016,2017,0.969,361711,397685
015253,2017,2018,0.9608,397685,417774
015253,2018,2019,0.958,417774,438958
015253,2019,2020,0.9786,438958,468736
015253,2020,2021,0.9838,468736,529082
015253,2021,2022,0.9736,529082,514305
015253,2022,2023,0.809,514305,478573
015253,2023,2024,0.9692,478573,449191
016101,2015,2016,0.9889,179342,191039
016101,2016,2017,0.9865,191039,186811
016101,2017,2018,0.9797,186811,195820
016101,2018,2019,0.9688,195820,175093
016101,2019,2020,0.9545,175093,172530
016101,2020,2021,0.9731,172530,181063
016101,2021,2022,0.9579,181063,180001
016101,2022,2023,0.9269,180001,180774
016101,2023,2024,0.9211,180774,141451
016292,2015,2016,0.2132,268972,58216
016292,2016,2017,0.7789,58216,74516
016292,2017,2018,0.185,74516,289781
016292,2018,2019,0.9261,289781,247396
016292,2019,2020,0.9298,247396,241315
016292,2020,2021,0.9571,241315,251167
016292,2021,2022,0.9819,251167,237963
016292,2022,2023,0.8657,237963,209387
016292,2023,2024,0.9498,209387,218105
016306,2015,2016,0.9904,264786,292443
016306,2016,2017,0.9987,292443,292066
016306,2017,2018,0.9972,292066,306559
016306,2018,2019,0.1023,306559,50422
016306,2019,2020,0.7452,50422,206373
016306,2020,2021,0.9609,206373,188488
016306,2021,2022,0.9805,188488,154882
016306,2022,2023,0.9864,154882,159421
016306,2023,2024,0.984,159421,200560
017329,2015,2016,0.4058,108677,187641
017329,2016,2017,0.9093,187641,214485
017329,2017,2018,0.9355,214485,226464
017329,2018,2019,0.9447,226464,274580
017329,2019,2020,0.9322,274580,311859
017329,2020,2021,0.9692,311859,317252
017329,2021,2022,0.9521,317252,292847
017329,2022,2023,0.9768,292847,296163
017329,2023,2024,0.9455,296163,304430
017450,2015,2016,0.3248,60747,168388
017450,2016,2017,0.3367,168388,77564
017450,2017,2018,0.497,77564,162549
017450,2018,2019,0.435,162549,49476
017450,2019,2020,0.4361,49476,173524
017450,2020,2021,0.9364,173524,161513
017450,2021,2022,0.9525,161513,176536
017450,2022,2023,0.9863,176536,182700
017450,2023,2024,0.9747,182700,192670
017671,2015,2016,0.9404,286341,271106
017671,2016,2017,0.9096,271106,243541
017671,2017,2018,0.9044,243541,221548
017671,2018,2019,0.9299,221548,204525
017671,2019,2020,0.8619,204525,308808
017671,2020,2021,0.847,308808,322303
017671,2021,2022,0.8872,322303,353605
017671,2022,2023,0.9017,353605,362155
017671,2023,2024,0.8985,362155,341933
017892,2015,2016,0.9384,169631,164826
017892,2016,2017,0.9064,164826,193960
017892,2017,2018,0.823,193960,197219
017892,2018,2019,0.9847,197219,209175
017892,2019,2020,0.9797,209175,222689
017892,2020,2021,0.9741,222689,231887
017892,2021,2022,0.8717,231887,222476
017892,2022,2023,0.9467,222476,196734
017892,2023,2024,0.9412,196734,206047
017914,2015,2016,0.9464,145676,119815
017914,2016,2017,0.0,119815,4193
017914,2017,2018,0.0,4193,97711
017914,2018,2019,0.9709,97711,84725
017914,2019,2020,0.9893,84725,90205
017973,2015,2016,0.9269,147610,129151
017973,2016,2017,0.9534,129151,141798
017973,2017,2018,0.8588,141798,191150
017973,2018,2019,0.5455,191150,214057
017973,2019,2020,0.8961,214057,267371
017973,2020,2021,0.9657,267371,230733
017973,2021,2022,0.958,230733,216974
017973,2022,2023,0.9741,216974,237067
017973,2023,2024,0.9728,237067,226329
018376,2015,2016,0.9755,173691,180812
018376,2016,2017,0.9275,180812,205636
018376,2017,2018,0.8138,205636,214509
018376,2018,2019,0.7198,214509,191584
018376,2019,2020,0.7348,191584,215040
018376,2020,2021,0.933,215040,219262
018376,2021,2022,0.9363,219262,204761
018376,2022,2023,0.3901,204761,60635
018376,2023,2024,0.4025,60635,218668
018465,2015,2016,0.9776,194813,199554
018465,2016,2017,0.9748,199554,223219
018465,2017,2018,0.9772,223219,249965
018465,2018,2019,0.9645,249965,238178
018465,2019,2020,0.9684,238178,262783
018465,2020,2021,0.4037,262783,2869
018465,2021,2022,0.5425,2869,261976
018465,2022,2023,0.9442,261976,247201
018465,2023,2024,0.9453,247201,195504
018627,2015,2016,0.9236,103568,88783
018627,2016,2017,0.927,88783,120542
018627,2017,2018,0.9425,120542,132989
018627,2018,2019,0.9323,132989,143652
018627,2019,2020,0.935,143652,180534
018627,2020,2021,0.4667,180534,159993
018627,2021,2022,0.8774,159993,149783
018627,2022,2023,0.9194,149783,152867
018627,2023,2024,0.8573,152867,133998
018660,2015,2016,0.9557,197873,204333
018660,2016,2017,0.9632,204333,193962
018660,2017,2018,0.9387,193962,187251
018660,2018,2019,0.9593,187251,179949
018660,2019,2020,0.9497,179949,203980
018660,2020,2021,0.9231,203980,224367
018660,2021,2022,0.9068,224367,230608
018660,2022,2023,0.8542,230608,218410
018660,2023,2024,0.9631,218410,217483
018724,2015,2016,0.6122,17727,69869
018724,2016,2017,0.9367,69869,90033
018724,2017,2018,0.8036,90033,92344
018724,2018,2019,0.8158,92344,76006
018724,2019,2020,0.8867,76006,69329
018724,2020,2021,0.9452,69329,64339
018724,2021,2022,0.9589,64339,64426
018724,2022,2023,0.5236,64426,12052
018724,2023,2024,0.9308,12052,11290
018821,2015,2016,0.979,304976,325975
018821,2016,2017,0.9524,325975,366236
018821,2017,2018,0.954,366236,390017
018821,2018,2019,0.9666,390017,397076
018821,2019,2020,0.9837,397076,457410
018821,2020,2021,0.8968,457410,453105
018821,2021,2022,0.9266,453105,362083
018821,2022,2023,0.8915,362083,236187
018821,2023,2024,0.8475,236187,232622
019445,2015,2016,0.941,168385,162910
019445,2016,2017,0.9347,162910,164794
019445,2017,2018,0.9258,164794,187088
019445,2018,2019,0.9016,187088,222334
019445,2019,2020,0.9399,222334,204242
019445,2020,2021,0.9455,204242,210979
019445,2021,2022,0.9606,210979,196766
019445,2022,2023,0.6791,196766,123009
019445,2023,2024,0.6659,123009,218255
019453,2015,2016,0.9923,197825,215135
019453,2016,2017,0.8193,215135,196690
019453,2017,2018,0.945,196690,219762
019453,2018,2019,0.8833,219762,248648
019453,2019,2020,0.9559,248648,233061
019453,2020,2021,0.6522,233061,28545
019453,2021,2022,0.6485,28545,275777
019453,2022,2023,0.8965,275777,245155
019453,2023,2024,0.9217,245155,277132
019550,2015,2016,0.4694,197284,103103
019550,2016,2017,0.4381,103103,255327
019550,2017,2018,0.9648,255327,259633
019550,2018,2019,0.9384,259633,254576
019550,2019,2020,0.8813,254576,279718
019550,2020,2021,0.9817,279718,280814
019550,2021,2022,0.9842,280814,263936
019550,2022,2024,0.9189,263936,281121
019569,2015,2016,0.7615,149530,149472
019569,2016,2017,0.9474,149472,164907
019569,2017,2018,0.9268,164907,185512
019569,2018,2019,0.9379,185512,193337
019569,2019,2020,0.931,193337,202699
019569,2020,2021,0.9522,202699,182755
019569,2021,2022,0.8463,182755,200096
019569,2022,2023,0.9106,200096,197717
019569,2023,2024,0.9094,197717,209006
019623,2015,2016,0.7347,165243,180133
019623,2016,2017,0.8344,180133,218100
019623,2017,2018,0.8005,218100,151096
019623,2018,2019,0.7925,151096,164240
019623,2019,2020,0.7543,164240,283469
019623,2020,2021,0.6423,283469,254133
019623,2021,2022,0.9431,254133,243593
019623,2022,2023,0.6895,243593,179270
019623,2023,2024,0.7946,179270,182936
019739,2015,2016,0.6455,45030,62237
019739,2016,2017,0.9546,62237,78585
019739,2017,2018,0.9832,78585,63486
019739,2018,2019,0.9801,63486,71966
019739,2019,2020,0.5169,71966,193243
019739,2020,2021,0.9898,193243,175865
019739,2021,2022,0.7725,175865,237155
019739,2022,2023,0.8911,237155,260488
019739,2023,2024,0.968,260488,251631
019763,2015,2016,0.9825,418696,476064
019763,2016,2017,0.906,476064,493059
019763,2017,2018,0.9893,493059,532834
019763,2018,2019,0.9863,532834,547244
019763,2019,2020,0.9924,547244,599606
019763,2020,2021,0.9863,599606,670871
019763,2021,2022,0.9898,670871,667055
019763,2022,2023,0.9891,667055,649477
019763,2023,2024,0.9932,649477,593041
019836,2015,2016,0.9749,207365,214117
019836,2016,2017,0.6343,214117,93932
019836,2017,2018,0.6476,93932,179425
019836,2018,2019,0.9645,179425,193087
019836,2019,2020,0.9229,193087,207729
019836,2020,2021,0.8857,207729,303881
019836,2021,2022,0.8689,303881,309670
019836,2022,2023,0.8756,309670,367080
019836,2023,2024,0.9289,367080,354216
019879,2015,2016,0.8919,36945,48065
019879,2016,2017,0.9202,48065,52340
019879,2017,2018,0.7296,52340,291970
019879,2018,2019,0.9851,291970,286237
019879,2019,2020,0.6085,286237,54255
019879,2020,2021,0.6179,54255,238176
019879,2021,2022,0.9878,238176,240364
019879,2022,2023,0.9797,240364,264764
019879,2023,2024,0.961,264764,379991
019909,2015,2016,0.9103,68857,72525
019909,2016,2017,0.8776,72525,78982
019909,2017,2018,0.0,78982,254
019909,2018,2019,0.0,254,126529
019909,2019,2020,0.9109,126529,159034
019909,2020,2021,0.3044,159034,180865
019909,2021,2022,0.9545,180865,189247
019909,2022,2023,0.8872,189247,212084
019909,2023,2024,0.7841,212084,210623
019925,2015,2016,0.9565,185705,195355
019925,2016,2017,0.9106,195355,171812
019925,2017,2018,0.886,171812,175512
019925,2018,2019,0.9707,175512,187308
019925,2019,2020,0.9533,187308,199594
019925,2020,2021,0.9425,199594,209941
019925,2021,2022,0.9283,209941,214302
019992,2015,2016,0.9514,109906,116359
019992,2016,2017,0.9596,116359,116957
019992,2017,2018,0.9584,116957,128921
019992,2018,2019,0.8989,128921,123534
019992,2019,2020,0.8872,123534,213703
019992,2020,2021,0.9359,213703,181205
019992,2021,2022,0.818,181205,172361
019992,2022,2023,0.9534,172361,170859
019992,2023,2024,0.9128,170859,168984
020010,2015,2016,0.7845,278708,284258
020010,2016,2017,0.9496,284258,325960
020010,2017,2018,0.8742,325960,340185
020010,2018,2019,0.609,340185,52219
020010,2019,2020,0.8083,52219,427087
020010,2020,2021,0.9737,427087,621707
020010,2021,2022,0.9614,621707,530309
020010,2022,2023,0.6795,530309,50012
020010,2023,2024,0.6783,50012,557233
020087,2015,2016,0.8457,65992,322208
020087,2016,2017,0.9963,322208,316644
020087,2017,2018,0.8548,316644,78964
020087,2018,2019,0.8671,78964,330717
020087,2019,2020,0.8691,330717,101068
020087,2020,2021,0.8645,101068,340386
020087,2021,2022,0.8502,340386,129294
020087,2022,2023,0.8257,129294,257269
020087,2023,2024,0.9868,257269,269817
020257,2015,2016,0.0003,258604,249428
020257,2016,2017,0.0005,249428,227939
020257,2017,2018,0.9466,227939,248703
020257,2018,2019,0.9426,248703,263475
020257,2019,2020,0.9076,263475,254827
020257,2020,2021,0.933,254827,224490
020257,2021,2022,0.9642,224490,224521
020257,2022,2023,0.9649,224521,228647
020257,2023,2024,0.9616,228647,241460
020362,2015,2016,0.9168,169940,187744
020362,2016,2017,0.8598,187744,166518
020362,2017,2018,0.0728,166518,204393
020362,2018,2019,0.0619,204393,248272
020362,2019,2020,0.7523,248272,198095
020362,2020,2021,0.8942,198095,204073
020362,2021,2022,0.9241,204073,206706
020362,2022,2023,0.8781,206706,237076
020362,2023,2024,0.0069,237076,277669
020478,2015,2016,0.9596,175852,159590
020478,2016,2017,0.965,159590,170759
020478,2017,2018,0.9698,170759,162950
020478,2018,2019,0.9919,162950,166430
020478,2019,2020,0.9866,166430,173827
020478,2020,2021,0.9848,173827,176677
020478,2021,2022,0.9942,176677,176737
020478,2022,2023,0.9601,176737,191672
020478,2023,2024,0.9909,191672,190729
020494,2015,2016,0.9907,146982,149845
020494,2016,2017,0.9496,149845,164337
020494,2017,2018,0.951,164337,172716
020494,2018,2019,0.6071,172716,36811
020494,2019,2020,0.9428,36811,40877
020494,2020,2021,0.6415,40877,181579
020494,2021,2022,0.9086,181579,158171
020494,2022,2023,0.9786,158171,165412
020494,2023,2024,0.9691,165412,161489
020516,2015,2016,0.9679,56482,54281
020516,2016,2017,0.7684,54281,57811
020516,2017,2018,0.9388,57811,51169
020516,2018,2019,0.4746,51169,158268
020516,2019,2020,0.4836,158268,70500
020516,2020,2021,0.4578,70500,106939
020516,2021,2022,0.3423,106939,115479
020516,2022,2023,0.603,115479,114906
020516,2023,2024,0.3593,114906,92379
020524,2015,2016,0.7477,87446,231817
020524,2016,2017,0.9145,231817,119962
020524,2017,2018,0.5221,119962,75383
020524,2018,2019,0.5445,75383,129701
020524,2019,2020,0.6911,129701,55452
020524,2020,2021,0.9547,55452,51598
020524,2021,2022,0.964,51598,75018
020524,2022,2023,0.5171,75018,154492
020524,2023,2024,0.8706,154492,170053
020575,2023,2024,0.7596,260897,82030
020605,2015,2016,0.8449,61320,48163
020605,2016,2017,0.8447,48163,46042
020605,2017,2018,0.8289,46042,40187
020605,2018,2019,0.8615,40187,51367
020605,2019,2020,0.6711,51367,51548
020605,2020,2021,0.5781,51548,165459
020605,2021,2022,0.4086,165459,59415
020605,2022,2023,0.7488,59415,74304
020605,2023,2024,0.6512,74304,160511
020745,2015,2016,0.9423,75713,83581
020745,2016,2017,0.9232,83581,95561
020745,2017,2018,0.8788,95561,85476
020745,2018,2019,0.8598,85476,97670
020745,2019,2020,0.4126,97670,193645
020745,2020,2021,0.9389,193645,227183
020745,2021,2022,0.9209,227183,203893
020745,2022,2023,0.9635,203893,204503
020745,2023,2024,0.9795,204503,236835
020770,2015,2016,0.9745,76418,78661
020770,2016,2017,0.9854,78661,83838
020770,2017,2018,0.9087,83838,82093
020770,2018,2019,0.9267,82093,94406
020770,2019,2020,0.0366,94406,8776
020770,2020,2021,0.0547,8776,79578
020770,2021,2022,0.9529,79578,82585
020770,2022,2023,0.9464,82585,80812
020770,2023,2024,0.9517,80812,86871
020788,2015,2016,0.9816,285466,325031
020788,2016,2017,0.9669,325031,265489
020788,2017,2018,0.5382,265489,54605
020788,2018,2019,0.5457,54605,218863
020788,2019,2020,0.9757,218863,233895
020788,2020,2021,0.972,233895,242469
020788,2021,2022,0.8915,242469,305067
020788,2022,2023,0.9668,305067,312502
020788,2023,2024,0.9791,312502,305504
020915,2015,2016,0.6752,22403,36039
020915,2016,2017,0.7648,36039,38207
020915,2017,2018,0.662,38207,30012
020915,2018,2019,0.3238,30012,188638
020915,2019,2020,0.4505,188638,30164
020915,2020,2021,0.4928,30164,228525
020915,2021,2022,0.847,228525,244689
020915,2022,2023,0.9587,244689,230464
020915,2023,2024,0.9656,230464,230495
020931,2015,2016,0.8942,66599,60951
020931,2016,2017,0.3658,60951,175902
020931,2017,2018,0.4026,175902,50551
020931,2018,2019,0.4812,50551,182346
020931,2019,2020,0.4642,182346,54110
020931,2020,2021,0.4837,54110,201620
020931,2021,2022,0.9841,201620,209217
020931,2022,2023,0.989,209217,213742
020931,2023,2024,0.9763,213742,233879
020982,2015,2016,0.9434,250686,228745
020982,2016,2017,0.9941,228745,247081
020982,2017,2018,0.9188,247081,345172
020982,2018,2019,0.9972,345172,353296
020982,2019,2020,0.9966,353296,353263
020982,2020,2021,0.9986,353263,355992
020982,2021,2022,0.9969,355992,341236
020982,2022,2023,0.997,341236,324339
020982,2023,2024,0.9973,324339,325936
020990,2015,2016,0.8748,68155,60601
020990,2016,2017,0.8849,60601,67102
020990,2017,2018,0.8527,67102,74164
020990,2018,2019,0.8604,74164,70868
020990,2019,2020,0.3329,70868,148405
020990,2020,2021,0.7195,148405,207710
020990,2021,2022,0.7884,207710,291459
020990,2022,2023,0.7909,291459,263890
020990,2023,2024,0.8707,263890,220497
021016,2015,2016,0.9455,186174,196865
021016,2016,2017,0.849,196865,162509
021016,2017,2018,0.8071,162509,171186
021016,2018,2019,0.9602,171186,159441
021016,2019,2020,0.6137,159441,184640
021016,2020,2021,0.9621,184640,183354
021016,2021,2022,0.9371,183354,175955
021016,2022,2023,0.9689,175955,177752
021016,2023,2024,0.9551,177752,186030
021091,2015,2016,0.9825,139892,150339
021091,2016,2017,0.9773,150339,168382
021091,2017,2018,0.9854,168382,178255
021091,2018,2019,0.9513,178255,173990
021091,2019,2020,0.9885,173990,180750
021091,2020,2021,0.2604,180750,171055
021091,2021,2022,0.9857,171055,187329
021091,2022,2023,0.9929,187329,193791
021091,2023,2024,0.9914,193791,217643
021237,2015,2016,0.9354,199633,210225
021237,2016,2017,0.668,210225,122755
021237,2017,2018,0.7018,122755,202899
021237,2018,2019,0.9048,202899,193041
021237,2019,2020,0.8604,193041,172423
021237,2020,2021,0.9744,172423,195513
021237,2021,2022,0.7096,195513,68956
021237,2022,2023,0.7637,68956,222673
021237,2023,2024,0.7255,222673,180557
021350,2015,2016,0.9575,82902,83855
021350,2016,2017,0.3021,83855,229567
021350,2017,2018,0.2191,229567,69039
021350,2018,2019,0.9468,69039,47490
021350,2019,2020,0.4956,47490,63909
021350,2020,2021,0.3238,63909,167901
021350,2021,2022,0.8724,167901,216253
021350,2022,2023,0.5173,216253,169927
021350,2023,2024,0.8706,169927,184632
021431,2015,2016,0.9646,163056,167185
021431,2016,2017,0.7905,167185,190590
021431,2017,2018,0.7408,190590,187252
021431,2018,2019,0.9499,187252,168298
021431,2019,2020,0.9733,168298,175869
021431,2020,2021,0.9468,175869,188192
021431,2021,2022,0.9626,188192,187877
021431,2022,2023,0.964,187877,188791
021431,2023,2024,0.9753,188791,189007
021881,2015,2016,0.336,113258,51699
021881,2016,2017,0.4438,51699,44536
021881,2017,2018,0.6636,44536,134395
021881,2018,2019,0.8572,134395,114204
021881,2019,2020,0.5273,114204,58419
021881,2020,2021,0.5768,58419,125812
021881,2021,2022,0.8953,125812,134847
021881,2022,2023,0.7913,134847,134524
021881,2023,2024,0.9088,134524,130569
022187,2015,2016,0.5389,97150,28834
022187,2016,2017,0.6098,28834,102212
022187,2017,2018,0.549,102212,34221
022187,2018,2019,0.5651,34221,143567
022187,2019,2020,0.5666,143567,30212
022187,2020,2021,0.7308,30212,131354
022187,2021,2022,0.1589,131354,7068
022187,2022,2023,1.0,7068,7882
022187,2023,2024,1.0,7882,8195
022349,2015,2016,0.9602,125951,119775
022349,2016,2017,0.7327,119775,155461
022349,2017,2018,0.4923,155461,155515
022349,2018,2019,0.9885,155515,158551
022349,2019,2020,0.0,158551,156
022349,2020,2021,0.0,156,240208
022349,2021,2022,0.9266,240208,250988
022349,2022,2023,0.9079,250988,242411
022349,2023,2024,0.7206,242411,233116
022357,2015,2016,0.8613,98021,91451
022357,2016,2017,0.9938,91451,90656
022357,2017,2018,0.9787,90656,89188
022357,2018,2019,0.0,89188,23
022357,2019,2020,0.0,23,28077
022357,2020,2022,0.6638,28077,230787
022357,2022,2023,0.8726,230787,259183
022357,2023,2024,0.7487,259183,249913
022470,2015,2016,0.9464,57815,62005
022470,2016,2017,0.7178,62005,58609
022470,2017,2018,0.2946,58609,176539
022470,2018,2019,0.2396,176539,73238
022470,2019,2020,0.4697,73238,202003
022470,2020,2021,0.8512,202003,205280
022470,2021,2022,0.3226,205280,78820
022470,2022,2023,0.9402,78820,80414
022470,2023,2024,0.9249,80414,76516
022691,2015,2016,0.7868,124315,120297
022691,2016,2017,0.7923,120297,157621
022691,2017,2018,0.3109,157621,75399
022691,2018,2019,0.8969,75399,67035
022691,2019,2020,0.3611,67035,189782
022691,2020,2021,0.3919,189782,223887
022691,2021,2022,0.3022,223887,201606
022691,2022,2023,0.7983,201606,220995
022691,2023,2024,0.9397,220995,188736
023140,2015,2016,0.9645,19446,19394
023264,2015,2016,0.952,246094,247864
023264,2016,2017,0.9701,247864,246386
023264,2017,2018,0.9565,246386,266938
023264,2018,2019,0.8826,266938,298503
023264,2019,2020,0.9521,298503,307327
023264,2020,2021,0.9915,307327,309775
023264,2021,2022,0.9904,309775,334134
023264,2022,2023,0.9814,334134,333729
023264,2023,2024,0.903,333729,330195
023272,2015,2016,0.973,99236,108879
023272,2016,2017,0.9792,108879,110783
023272,2017,2018,0.3983,110783,17499
023272,2018,2019,0.7726,17499,17921
023272,2019,2020,0.6161,17921,11443
023272,2020,2021,0.629,11443,32465
023272,2021,2022,0.7565,32465,20793
023272,2022,2023,0.778,20793,31813
023272,2023,2024,0.8955,31813,31365
023310,2015,2016,0.9517,134257,160177
023310,2016,2017,0.1782,160177,27424
023310,2017,2018,0.6233,27424,194984
023310,2018,2019,0.8582,194984,254857
023310,2019,2020,0.7503,254857,186458
023310,2020,2021,0.9591,186458,160966
023310,2021,2022,0.9528,160966,148084
023310,2022,2023,0.9688,148084,153258
023310,2023,2024,0.9012,153258,130346
024112,2016,2017,0.9295,199157,179544
024112,2017,2018,0.9521,179544,199390
024112,2018,2019,0.9365,199390,215354
024112,2019,2020,0.6857,215354,160088
024112,2020,2021,0.8574,160088,160079
024112,2021,2022,0.7544,160079,155717
024112,2022,2023,0.8001,155717,183417
024112,2023,2024,0.8414,183417,173230
024171,2016,2017,0.7062,199136,62227
024171,2017,2018,0.7134,62227,211126
024171,2018,2019,0.9796,211126,193692
024171,2019,2020,0.6501,193692,70443
024171,2020,2021,0.6471,70443,249861
024171,2021,2022,0.9503,249861,281343
024171,2022,2023,0.9801,281343,278051
024171,2023,2024,0.9635,278051,273149
024252,2016,2017,0.2985,23874,63993
024252,2017,2018,0.9609,63993,85016
024252,2018,2019,0.9194,85016,98857
024252,2019,2020,0.9272,98857,91159
024260,2016,2017,0.9849,144683,148703
024260,2017,2018,0.1695,148703,33846
024260,2018,2019,0.2161,33846,141456
024260,2019,2020,0.706,141456,144285
024260,2020,2021,0.7476,144285,185825
024260,2021,2022,0.9384,185825,159384
024260,2022,2023,0.9263,159384,187207
024260,2023,2024,0.9653,187207,191667
024295,2016,2017,0.8197,134333,136177
024295,2017,2018,0.8079,136177,156458
024295,2018,2019,0.9598,156458,142984
024295,2019,2020,0.8445,142984,158698
024295,2020,2021,0.6528,158698,164019
024295,2021,2022,0.822,164019,195753
024295,2022,2024,0.9268,195753,210145
024384,2017,2018,0.1353,156197,37651
024384,2018,2019,0.8243,37651,46287
024384,2019,2020,0.67,46287,48310
024392,2017,2018,0.3675,18793,131628
024392,2018,2019,0.6095,131628,64376
024392,2019,2020,0.6718,64376,209059
024392,2020,2021,0.8378,209059,217573
024392,2021,2022,0.7781,217573,264223
024392,2022,2023,0.8746,264223,324172
024392,2023,2024,0.9527,324172,281857
024716,2018,2019,0.937,246585,211781
024716,2019,2020,0.8816,211781,212272
024716,2020,2021,0.9729,212272,253353
024716,2021,2022,0.9775,253353,285198
024716,2022,2023,0.9822,285198,299377
024716,2023,2024,0.9628,299377,260804
024783,2019,2020,0.6923,91418,309845
024783,2020,2021,0.9852,309845,308690
024783,2021,2022,0.9687,308690,285316
024783,2022,2023,0.9775,285316,281191
024783,2023,2024,0.9238,281191,321132
024805,2019,2020,0.7618,84383,91199
024805,2020,2021,0.9157,91199,86379
024805,2021,2022,0.962,86379,90197
024805,2022,2023,0.9678,90197,88530
024805,2023,2024,0.9216,88530,104463
024813,2023,2024,0.9842,169607,174417
024821,2018,2019,0.861,22045,25550
024821,2019,2020,0.5385,25550,229665
024821,2020,2021,0.9631,229665,229826
024821,2021,2022,0.9201,229826,288032
024821,2022,2023,0.9641,288032,329875
024821,2023,2024,0.9914,329875,346702
024848,2018,2019,0.9068,170491,158338
024848,2019,2020,0.9705,158338,166342
024848,2020,2021,0.9528,166342,189802
024848,2021,2022,0.1027,189802,39205
024848,2022,2023,0.781,39205,34509
024848,2023,2024,0.3378,34509,280
024910,2018,2019,0.9697,184589,136793
024910,2019,2020,0.9494,136793,152848
024910,2020,2021,0.8221,152848,182097
024910,2021,2022,0.969,182097,162672
024910,2022,2023,0.9633,162672,161548
024910,2023,2024,0.7823,161548,151375
024929,2018,2019,0.9493,168632,181852
024929,2019,2020,0.9422,181852,199087
024929,2020,2021,0.9349,199087,214990
024929,2021,2022,0.9061,214990,241664
024929,2022,2023,0.9615,241664,238813
024929,2023,2024,0.9749,238813,213057
025011,2020,2021,0.0,176,75044
025011,2021,2022,0.4256,75044,130962
025011,2022,2023,0.387,130962,23599
025100,2019,2020,0.9534,125374,142105
025100,2020,2021,0.9849,142105,141395
025100,2021,2022,0.9983,141395,148302
025100,2022,2023,0.9974,148302,149829
025100,2023,2024,0.9951,149829,154169
025232,2019,2020,0.9766,20429,17776
025232,2020,2021,0.4175,17776,131926
025232,2021,2022,0.8961,131926,147919
025232,2022,2023,0.9772,147919,130876
025291,2019,2020,0.4381,155584,126181
025291,2020,2021,0.715,126181,161236
025291,2021,2022,0.4343,161236,65214
025291,2022,2023,0.7331,65214,110820
025291,2023,2024,0.3089,110820,256422
025372,2019,2020,0.1846,192754,25466
025372,2020,2021,0.2793,25466,156737
025372,2021,2022,0.9266,156737,140481
025372,2022,2023,0.7968,140481,139138
025372,2023,2024,0.9025,139138,151774
025585,2019,2020,0.9583,62793,98335
025585,2020,2021,0.529,98335,150295
025585,2021,2022,0.9198,150295,160295
025585,2022,2023,0.978,160295,154934
025585,2023,2024,0.9212,154934,170870
025780,2020,2021,0.6147,25473,138681
025780,2021,2022,0.8069,138681,142183
025780,2022,2023,0.4754,142183,52432
025780,2023,2024,0.4482,52432,119844
025917,2020,2021,0.9874,228709,232901
025917,2021,2022,0.736,232901,286328
025917,2022,2023,0.9177,286328,316716
025917,2023,2024,0.9869,316716,332149
026620,2021,2022,0.7263,240293,249732
026620,2022,2023,0.944,249732,202714
026620,2023,2024,0.8918,202714,236611
027707,2023,2024,0.5388,182887,268218
