scenario,outcome,n_obs,n_entities,avg_T,pooled_coef,pooled_p,fe_coef,fe_p,rsquared_within,poolability_p
narrow_annual,abnormal_return,671,93,7.21505376344086,-0.026507779494687498,0.6088545651621056,-0.03584734852332797,0.5850818095194814,0.03441760412954009,0.024700038656921053
narrow_quarterly,abnormal_return,2138,94,22.74468085106383,0.0002067319848428393,0.987118124305475,0.0030355951485869104,0.8260213907166483,0.147100436024038,3.604425080627749e-08
whole_notes,abnormal_return,411,81,5.074074074074074,-0.0934427196918534,0.5112921971205839,-0.07537448038294355,0.6599257230641924,0.044332930764940603,0.00032063237511781306
mgmt_report,abnormal_return,484,77,6.285714285714286,0.2577825953142959,0.030454244475004666,0.13885880696195804,0.4778364474514638,0.0634838980452117,0.006951284806765767
risk_factors,abnormal_return,672,93,7.225806451612903,0.13897840750934926,0.3061238883800401,0.059413536127170756,0.7582429281012621,0.033924441344447276,0.0037513156213366816
narrow_annual,revision_pct,518,88,5.886363636363637,-0.17888407450276436,0.6031346624675118,-0.04115467358882669,0.9185961573923895,0.0450625956607178,0.005342569503865913
narrow_quarterly,revision_pct,1678,90,18.644444444444446,-0.08143393037001488,0.7660905934637499,0.00044525355427463417,0.9985598770516357,0.009938629757438977,5.340183850677249e-11
whole_notes,revision_pct,316,73,4.328767123287672,-0.11320869803328894,0.8538235737016657,0.12472923903127238,0.8661247998275998,0.008337536154379044,0.9179115550688005
mgmt_report,revision_pct,386,73,5.287671232876712,-0.25118295641595584,0.6915473012156741,0.02841499817566959,0.9665987871042294,0.06269295457342361,0.24138495679808825
