CD_CVM,DENOM_CIA,fiscal_year,period_end_date,filing_date,ID_DOC,source
25291,3R PETROLEUM ÓLEO E GÁS S.A.,2019,2019-12-31,2020-08-31,96710,current_ibov
22357,ALLOS S.A.,2015,2015-12-31,2016-03-03,53830,current_ibov
22357,ALLOS S.A.,2016,2016-12-31,2017-03-06,62921,current_ibov
22357,ALLOS S.A.,2017,2017-12-31,2018-03-13,72215,current_ibov
22357,ALLOS S.A.,2018,2018-12-31,2019-04-08,82088,current_ibov
22357,ALLOS S.A.,2019,2019-12-31,2020-03-11,91493,current_ibov
22357,ALLOS S.A.,2020,2020-12-31,2021-03-10,100818,current_ibov
22357,ALLOS S.A.,2021,2021-12-31,2022-03-29,113219,current_ibov
22357,ALLOS S.A.,2022,2022-12-31,2023-03-30,124844,current_ibov
22357,ALLOS S.A.,2023,2023-12-31,2024-03-20,134911,current_ibov
22357,ALLOS S.A.,2024,2024-12-31,2025-03-17,145461,current_ibov
10456,ALPARGATAS S.A.,2015,2015-12-31,2016-03-04,53857,historical_ibov
10456,ALPARGATAS S.A.,2016,2016-12-31,2017-03-22,63433,historical_ibov
10456,ALPARGATAS S.A.,2017,2017-12-31,2018-02-09,71482,historical_ibov
10456,ALPARGATAS S.A.,2018,2018-12-31,2019-02-15,80705,historical_ibov
10456,ALPARGATAS S.A.,2019,2019-12-31,2020-02-07,90836,historical_ibov
10456,ALPARGATAS S.A.,2020,2020-12-31,2021-02-12,100169,historical_ibov
10456,ALPARGATAS S.A.,2021,2021-12-31,2022-02-23,111978,historical_ibov
10456,ALPARGATAS S.A.,2022,2022-12-31,2023-03-02,123822,historical_ibov
10456,ALPARGATAS S.A.,2023,2023-12-31,2024-02-28,134314,historical_ibov
10456,ALPARGATAS S.A.,2024,2024-12-31,2025-03-11,145308,historical_ibov
23264,AMBEV S.A.,2015,2015-12-31,2016-02-25,53611,current_ibov
23264,AMBEV S.A.,2016,2016-12-31,2018-07-05,76263,current_ibov
23264,AMBEV S.A.,2017,2017-12-31,2018-07-05,76265,current_ibov
23264,AMBEV S.A.,2018,2018-12-31,2019-02-28,80947,current_ibov
23264,AMBEV S.A.,2019,2019-12-31,2020-02-27,91199,current_ibov
23264,AMBEV S.A.,2020,2020-12-31,2021-02-25,100436,current_ibov
23264,AMBEV S.A.,2021,2021-12-31,2022-02-24,112011,current_ibov
23264,AMBEV S.A.,2022,2022-12-31,2023-03-02,123818,current_ibov
23264,AMBEV S.A.,2023,2023-12-31,2024-02-29,134335,current_ibov
23264,AMBEV S.A.,2024,2024-12-31,2025-02-26,145022,current_ibov
20990,AMERICANAS S.A. - EM RECUPERAÇÃO JUDICIAL,2015,2015-12-31,2016-03-15,54096,historical_ibov
20990,AMERICANAS S.A. - EM RECUPERAÇÃO JUDICIAL,2016,2016-12-31,2017-02-20,62640,historical_ibov
20990,AMERICANAS S.A. - EM RECUPERAÇÃO JUDICIAL,2017,2017-12-31,2018-03-07,72061,historical_ibov
20990,AMERICANAS S.A. - EM RECUPERAÇÃO JUDICIAL,2018,2018-12-31,2019-03-20,81382,historical_ibov
20990,AMERICANAS S.A. - EM RECUPERAÇÃO JUDICIAL,2019,2019-12-31,2020-02-21,91171,historical_ibov
20990,AMERICANAS S.A. - EM RECUPERAÇÃO JUDICIAL,2020,2020-12-31,2021-03-04,100690,historical_ibov
20990,AMERICANAS S.A. - EM RECUPERAÇÃO JUDICIAL,2021,2021-12-31,2022-02-24,112049,historical_ibov
20990,AMERICANAS S.A. - EM RECUPERAÇÃO JUDICIAL,2022,2022-12-31,2023-11-16,132682,historical_ibov
20990,AMERICANAS S.A. - EM RECUPERAÇÃO JUDICIAL,2023,2023-12-31,2024-08-14,141202,historical_ibov
20990,AMERICANAS S.A. - EM RECUPERAÇÃO JUDICIAL,2024,2024-12-31,2025-03-26,145807,historical_ibov
24171,ATACADÃO S.A.,2016,2016-12-31,2017-07-20,67242,historical_ibov
24171,ATACADÃO S.A.,2017,2017-12-31,2018-02-27,71848,historical_ibov
24171,ATACADÃO S.A.,2018,2018-12-31,2019-02-26,80891,historical_ibov
24171,ATACADÃO S.A.,2019,2019-12-31,2020-02-20,91144,historical_ibov
24171,ATACADÃO S.A.,2020,2020-12-31,2021-02-17,100225,historical_ibov
24171,ATACADÃO S.A.,2021,2021-12-31,2022-02-16,111823,historical_ibov
24171,ATACADÃO S.A.,2022,2022-12-31,2023-02-13,123495,historical_ibov
24171,ATACADÃO S.A.,2023,2023-12-31,2024-02-19,134106,historical_ibov
24171,ATACADÃO S.A.,2024,2024-12-31,2025-02-18,144849,historical_ibov
26620,AUREN ENERGIA S.A.,2021,2021-12-31,2022-03-28,113048,current_ibov
26620,AUREN ENERGIA S.A.,2022,2022-12-31,2023-02-16,123594,current_ibov
26620,AUREN ENERGIA S.A.,2023,2023-12-31,2024-02-09,133972,current_ibov
26620,AUREN ENERGIA S.A.,2024,2024-12-31,2025-02-24,144969,current_ibov
27707,AUTOMOB PARTICIPAÇÕES S.A.,2023,2023-12-31,2024-09-24,141876,historical_ibov
27707,AUTOMOB PARTICIPAÇÕES S.A.,2024,2024-12-31,2025-03-25,145756,historical_ibov
2437,AXIA ENERGIA S.A.,2022,2022-12-31,2023-03-13,124141,current_ibov
2437,AXIA ENERGIA S.A.,2023,2023-12-31,2024-05-14,137285,current_ibov
2437,AXIA ENERGIA S.A.,2024,2024-12-31,2025-03-16,145424,current_ibov
24112,AZUL S.A.,2016,2016-12-31,2017-04-11,64217,historical_ibov
24112,AZUL S.A.,2017,2017-12-31,2018-03-09,72141,historical_ibov
24112,AZUL S.A.,2018,2018-12-31,2019-03-15,81237,historical_ibov
24112,AZUL S.A.,2019,2019-12-31,2020-03-12,91509,historical_ibov
24112,AZUL S.A.,2020,2020-12-31,2021-03-04,100645,historical_ibov
24112,AZUL S.A.,2021,2021-12-31,2022-02-24,112019,historical_ibov
24112,AZUL S.A.,2022,2022-12-31,2023-03-06,123879,historical_ibov
24112,AZUL S.A.,2023,2023-12-31,2024-04-12,135682,historical_ibov
24112,AZUL S.A.,2024,2024-12-31,2025-02-24,144942,historical_ibov
22349,AZZAS 2154 S.A.,2015,2015-12-31,2016-03-02,53767,current_ibov
22349,AZZAS 2154 S.A.,2016,2016-12-31,2017-03-08,62971,current_ibov
22349,AZZAS 2154 S.A.,2017,2017-12-31,2018-03-07,72053,current_ibov
22349,AZZAS 2154 S.A.,2018,2018-12-31,2019-02-20,80780,current_ibov
22349,AZZAS 2154 S.A.,2019,2019-12-31,2020-05-08,92868,current_ibov
22349,AZZAS 2154 S.A.,2020,2020-12-31,2021-03-04,100689,current_ibov
22349,AZZAS 2154 S.A.,2021,2021-12-31,2022-03-11,112444,current_ibov
22349,AZZAS 2154 S.A.,2022,2022-12-31,2023-04-17,125277,current_ibov
22349,AZZAS 2154 S.A.,2023,2023-12-31,2024-03-07,134550,current_ibov
22349,AZZAS 2154 S.A.,2024,2024-12-31,2025-03-11,145319,current_ibov
19909,BR MALLS PARTICIPACOES S.A.,2015,2015-12-31,2016-03-14,54051,historical_ibov
19909,BR MALLS PARTICIPACOES S.A.,2016,2016-12-31,2017-03-15,63185,historical_ibov
19909,BR MALLS PARTICIPACOES S.A.,2017,2017-12-31,2018-03-16,72384,historical_ibov
19909,BR MALLS PARTICIPACOES S.A.,2018,2018-12-31,2019-03-29,81862,historical_ibov
19909,BR MALLS PARTICIPACOES S.A.,2019,2019-12-31,2020-03-12,91538,historical_ibov
19909,BR MALLS PARTICIPACOES S.A.,2020,2020-12-31,2021-04-09,102775,historical_ibov
19909,BR MALLS PARTICIPACOES S.A.,2021,2021-12-31,2022-03-18,112714,historical_ibov
19909,BR MALLS PARTICIPACOES S.A.,2022,2022-12-31,2023-03-23,124528,historical_ibov
19909,BR MALLS PARTICIPACOES S.A.,2023,2023-12-31,2024-03-20,134922,historical_ibov
19909,BR MALLS PARTICIPACOES S.A.,2024,2024-12-31,2025-03-20,145599,historical_ibov
19925,BR PROPERTIES S.A.,2015,2015-12-31,2016-02-16,53400,historical_ibov
19925,BR PROPERTIES S.A.,2016,2016-12-31,2017-06-16,66835,historical_ibov
19925,BR PROPERTIES S.A.,2017,2017-12-31,2018-02-06,71365,historical_ibov
19925,BR PROPERTIES S.A.,2018,2018-12-31,2019-02-07,80509,historical_ibov
19925,BR PROPERTIES S.A.,2019,2019-12-31,2020-03-24,91755,historical_ibov
19925,BR PROPERTIES S.A.,2020,2020-12-31,2021-02-22,100345,historical_ibov
19925,BR PROPERTIES S.A.,2021,2021-12-31,2022-02-22,111933,historical_ibov
19925,BR PROPERTIES S.A.,2022,2022-12-31,2023-02-07,123391,historical_ibov
18724,BRADESPAR S.A.,2015,2015-12-31,2016-03-21,54217,current_ibov
18724,BRADESPAR S.A.,2016,2016-12-31,2017-03-21,63373,current_ibov
18724,BRADESPAR S.A.,2017,2017-12-31,2018-03-21,72464,current_ibov
18724,BRADESPAR S.A.,2018,2018-12-31,2019-03-28,81696,current_ibov
18724,BRADESPAR S.A.,2019,2019-12-31,2020-03-26,91842,current_ibov
18724,BRADESPAR S.A.,2020,2020-12-31,2021-03-25,102213,current_ibov
18724,BRADESPAR S.A.,2021,2021-12-31,2022-03-29,113117,current_ibov
18724,BRADESPAR S.A.,2022,2022-12-31,2023-03-27,124650,current_ibov
18724,BRADESPAR S.A.,2023,2023-12-31,2024-03-27,135181,current_ibov
18724,BRADESPAR S.A.,2024,2024-12-31,2025-03-25,145726,current_ibov
4820,BRASKEM S.A.,2015,2015-12-31,2016-02-18,53451,current_ibov
4820,BRASKEM S.A.,2016,2016-12-31,2017-08-15,68264,current_ibov
4820,BRASKEM S.A.,2017,2017-12-31,2018-03-29,72881,current_ibov
4820,BRASKEM S.A.,2018,2018-12-31,2019-03-13,81173,current_ibov
4820,BRASKEM S.A.,2019,2019-12-31,2020-04-03,92224,current_ibov
4820,BRASKEM S.A.,2020,2020-12-31,2021-03-10,100840,current_ibov
4820,BRASKEM S.A.,2021,2021-12-31,2022-03-16,112600,current_ibov
4820,BRASKEM S.A.,2022,2022-12-31,2023-03-23,124488,current_ibov
4820,BRASKEM S.A.,2023,2023-12-31,2024-07-01,139362,current_ibov
4820,BRASKEM S.A.,2024,2024-12-31,2025-02-27,145080,current_ibov
25291,BRAVA ENERGIA S.A.,2020,2020-12-31,2021-03-17,101006,current_ibov
25291,BRAVA ENERGIA S.A.,2021,2021-12-31,2022-02-22,111958,current_ibov
25291,BRAVA ENERGIA S.A.,2022,2022-12-31,2023-03-08,123994,current_ibov
25291,BRAVA ENERGIA S.A.,2023,2023-12-31,2024-03-07,134516,current_ibov
25291,BRAVA ENERGIA S.A.,2024,2024-12-31,2025-03-20,145612,current_ibov
16292,BRF S.A.,2015,2015-12-31,2016-02-25,53666,historical_ibov
16292,BRF S.A.,2016,2016-12-31,2017-02-23,62776,historical_ibov
16292,BRF S.A.,2017,2017-12-31,2018-02-22,71716,historical_ibov
16292,BRF S.A.,2018,2018-12-31,2019-02-28,80959,historical_ibov
16292,BRF S.A.,2019,2019-12-31,2020-03-03,91306,historical_ibov
16292,BRF S.A.,2020,2020-12-31,2021-02-25,100468,historical_ibov
16292,BRF S.A.,2021,2021-12-31,2022-02-22,111931,historical_ibov
16292,BRF S.A.,2022,2022-12-31,2023-02-28,123762,historical_ibov
16292,BRF S.A.,2023,2023-12-31,2024-02-26,134263,historical_ibov
16292,BRF S.A.,2024,2024-12-31,2025-02-26,145059,historical_ibov
24848,C&A MODAS S.A.,2018,2018-12-31,2019-08-30,87072,current_ibov
24848,C&A MODAS S.A.,2019,2019-12-31,2020-03-23,91737,current_ibov
24848,C&A MODAS S.A.,2020,2020-12-31,2021-03-18,102056,current_ibov
24848,C&A MODAS S.A.,2021,2021-12-31,2022-03-10,112425,current_ibov
24848,C&A MODAS S.A.,2022,2022-12-31,2023-03-01,123795,current_ibov
24848,C&A MODAS S.A.,2023,2023-12-31,2024-02-28,134324,current_ibov
24848,C&A MODAS S.A.,2024,2024-12-31,2025-02-26,145051,current_ibov
18821,CCR S.A.,2015,2015-12-31,2016-02-25,53651,current_ibov
18821,CCR S.A.,2016,2016-12-31,2017-03-06,62916,current_ibov
18821,CCR S.A.,2017,2017-12-31,2018-02-27,71809,current_ibov
18821,CCR S.A.,2018,2018-12-31,2019-03-21,81414,current_ibov
18821,CCR S.A.,2019,2019-12-31,2020-03-05,91386,current_ibov
18821,CCR S.A.,2020,2020-12-31,2021-03-04,100683,current_ibov
2437,CENTRAIS ELET BRAS S.A. - ELETROBRAS,2015,2015-12-31,2016-03-31,54894,current_ibov
2437,CENTRAIS ELET BRAS S.A. - ELETROBRAS,2016,2016-12-31,2017-03-27,63647,current_ibov
2437,CENTRAIS ELET BRAS S.A. - ELETROBRAS,2017,2017-12-31,2018-03-27,72695,current_ibov
2437,CENTRAIS ELET BRAS S.A. - ELETROBRAS,2018,2018-12-31,2019-03-27,81620,current_ibov
2437,CENTRAIS ELET BRAS S.A. - ELETROBRAS,2019,2019-12-31,2020-03-27,91942,current_ibov
2437,CENTRAIS ELET BRAS S.A. - ELETROBRAS,2020,2020-12-31,2021-03-19,102103,current_ibov
2437,CENTRAIS ELET BRAS S.A. - ELETROBRAS,2021,2021-12-31,2022-03-18,112739,current_ibov
2577,CESP - CIA ENERGETICA DE SAO PAULO,2015,2015-12-31,2016-03-24,54446,historical_ibov
2577,CESP - CIA ENERGETICA DE SAO PAULO,2016,2016-12-31,2017-03-24,63564,historical_ibov
2577,CESP - CIA ENERGETICA DE SAO PAULO,2017,2017-12-31,2018-03-21,72487,historical_ibov
2577,CESP - CIA ENERGETICA DE SAO PAULO,2018,2018-12-31,2019-03-22,81455,historical_ibov
2577,CESP - CIA ENERGETICA DE SAO PAULO,2019,2019-12-31,2020-02-17,91018,historical_ibov
2577,CESP - CIA ENERGETICA DE SAO PAULO,2020,2020-12-31,2021-03-29,102348,historical_ibov
2577,CESP - CIA ENERGETICA DE SAO PAULO,2021,2021-12-31,2022-03-28,113047,historical_ibov
2577,CESP - CIA ENERGETICA DE SAO PAULO,2022,2022-12-31,2023-02-16,123595,historical_ibov
2577,CESP - CIA ENERGETICA DE SAO PAULO,2023,2023-12-31,2024-02-08,133921,historical_ibov
2577,CESP - CIA ENERGETICA DE SAO PAULO,2024,2024-12-31,2025-02-24,144973,historical_ibov
14826,CIA BRASILEIRA DE DISTRIBUICAO,2015,2015-12-31,2016-07-29,58356,historical_ibov
14826,CIA BRASILEIRA DE DISTRIBUICAO,2016,2016-12-31,2017-03-07,62966,historical_ibov
14826,CIA BRASILEIRA DE DISTRIBUICAO,2017,2017-12-31,2018-02-19,71607,historical_ibov
14826,CIA BRASILEIRA DE DISTRIBUICAO,2018,2018-12-31,2019-03-26,81550,historical_ibov
14826,CIA BRASILEIRA DE DISTRIBUICAO,2019,2019-12-31,2020-10-28,97921,historical_ibov
14826,CIA BRASILEIRA DE DISTRIBUICAO,2020,2020-12-31,2021-02-23,100387,historical_ibov
14826,CIA BRASILEIRA DE DISTRIBUICAO,2021,2021-12-31,2022-02-23,111994,historical_ibov
14826,CIA BRASILEIRA DE DISTRIBUICAO,2022,2022-12-31,2023-02-27,123740,historical_ibov
14826,CIA BRASILEIRA DE DISTRIBUICAO,2023,2023-12-31,2024-02-21,134162,historical_ibov
14826,CIA BRASILEIRA DE DISTRIBUICAO,2024,2024-12-31,2025-02-18,144850,historical_ibov
2453,CIA ENERGETICA DE MINAS GERAIS - CEMIG,2015,2015-12-31,2016-11-12,60912,current_ibov
2453,CIA ENERGETICA DE MINAS GERAIS - CEMIG,2016,2016-12-31,2017-04-11,64232,current_ibov
2453,CIA ENERGETICA DE MINAS GERAIS - CEMIG,2017,2017-12-31,2018-03-29,72887,current_ibov
2453,CIA ENERGETICA DE MINAS GERAIS - CEMIG,2018,2018-12-31,2019-04-01,81934,current_ibov
2453,CIA ENERGETICA DE MINAS GERAIS - CEMIG,2019,2019-12-31,2020-04-01,92147,current_ibov
2453,CIA ENERGETICA DE MINAS GERAIS - CEMIG,2020,2020-12-31,2021-03-30,102461,current_ibov
2453,CIA ENERGETICA DE MINAS GERAIS - CEMIG,2021,2021-12-31,2022-03-29,113213,current_ibov
2453,CIA ENERGETICA DE MINAS GERAIS - CEMIG,2022,2022-12-31,2023-03-25,124595,current_ibov
2453,CIA ENERGETICA DE MINAS GERAIS - CEMIG,2023,2023-12-31,2024-03-21,134993,current_ibov
2453,CIA ENERGETICA DE MINAS GERAIS - CEMIG,2024,2024-12-31,2025-03-21,145624,current_ibov
14761,CIA HERING,2015,2015-12-31,2016-02-25,53643,historical_ibov
14761,CIA HERING,2016,2016-12-31,2017-02-23,62763,historical_ibov
14761,CIA HERING,2017,2017-12-31,2018-03-01,71909,historical_ibov
14761,CIA HERING,2018,2018-12-31,2019-02-28,80981,historical_ibov
14761,CIA HERING,2019,2019-12-31,2020-03-05,91385,historical_ibov
14761,CIA HERING,2020,2020-12-31,2021-03-03,100627,historical_ibov
14311,CIA PARANAENSE DE ENERGIA - COPEL,2015,2015-12-31,2016-03-17,54155,current_ibov
14311,CIA PARANAENSE DE ENERGIA - COPEL,2016,2016-12-31,2017-03-28,63723,current_ibov
14311,CIA PARANAENSE DE ENERGIA - COPEL,2017,2017-12-31,2018-05-14,74522,current_ibov
14311,CIA PARANAENSE DE ENERGIA - COPEL,2018,2018-12-31,2019-03-28,81731,current_ibov
14311,CIA PARANAENSE DE ENERGIA - COPEL,2019,2019-12-31,2020-03-25,91838,current_ibov
14311,CIA PARANAENSE DE ENERGIA - COPEL,2020,2020-12-31,2021-05-05,103444,current_ibov
14311,CIA PARANAENSE DE ENERGIA - COPEL,2021,2021-12-31,2022-03-22,112827,current_ibov
14311,CIA PARANAENSE DE ENERGIA - COPEL,2022,2022-12-31,2023-03-21,124426,current_ibov
14311,CIA PARANAENSE DE ENERGIA - COPEL,2023,2023-12-31,2024-02-29,134367,current_ibov
14311,CIA PARANAENSE DE ENERGIA - COPEL,2024,2024-12-31,2025-02-27,145117,current_ibov
14443,CIA SANEAMENTO BASICO EST SAO PAULO,2015,2015-12-31,2016-03-25,54474,current_ibov
14443,CIA SANEAMENTO BASICO EST SAO PAULO,2016,2016-12-31,2017-03-27,63644,current_ibov
14443,CIA SANEAMENTO BASICO EST SAO PAULO,2017,2017-12-31,2018-03-27,72785,current_ibov
14443,CIA SANEAMENTO BASICO EST SAO PAULO,2018,2018-12-31,2019-03-28,81733,current_ibov
14443,CIA SANEAMENTO BASICO EST SAO PAULO,2019,2019-12-31,2020-03-27,91918,current_ibov
14443,CIA SANEAMENTO BASICO EST SAO PAULO,2020,2020-12-31,2021-03-25,102262,current_ibov
14443,CIA SANEAMENTO BASICO EST SAO PAULO,2021,2021-12-31,2022-03-24,112960,current_ibov
14443,CIA SANEAMENTO BASICO EST SAO PAULO,2022,2022-12-31,2023-03-23,124536,current_ibov
14443,CIA SANEAMENTO BASICO EST SAO PAULO,2023,2023-12-31,2024-03-21,134989,current_ibov
14443,CIA SANEAMENTO BASICO EST SAO PAULO,2024,2024-12-31,2025-03-27,145844,current_ibov
19445,CIA SANEAMENTO DE MINAS GERAIS-COPASA MG,2015,2015-12-31,2016-03-11,54029,current_ibov
19445,CIA SANEAMENTO DE MINAS GERAIS-COPASA MG,2016,2016-12-31,2017-03-09,63037,current_ibov
19445,CIA SANEAMENTO DE MINAS GERAIS-COPASA MG,2017,2017-12-31,2018-02-23,71739,current_ibov
19445,CIA SANEAMENTO DE MINAS GERAIS-COPASA MG,2018,2018-12-31,2019-02-28,80985,current_ibov
19445,CIA SANEAMENTO DE MINAS GERAIS-COPASA MG,2019,2019-12-31,2020-03-19,91684,current_ibov
19445,CIA SANEAMENTO DE MINAS GERAIS-COPASA MG,2020,2020-12-31,2021-04-20,102985,current_ibov
19445,CIA SANEAMENTO DE MINAS GERAIS-COPASA MG,2021,2021-12-31,2022-06-13,116984,current_ibov
19445,CIA SANEAMENTO DE MINAS GERAIS-COPASA MG,2022,2022-12-31,2023-03-21,124409,current_ibov
19445,CIA SANEAMENTO DE MINAS GERAIS-COPASA MG,2023,2023-12-31,2024-03-21,134977,current_ibov
19445,CIA SANEAMENTO DE MINAS GERAIS-COPASA MG,2024,2024-12-31,2025-03-24,145717,current_ibov
18627,CIA SANEAMENTO DO PARANA - SANEPAR,2015,2015-12-31,2016-03-22,54301,historical_ibov
18627,CIA SANEAMENTO DO PARANA - SANEPAR,2016,2016-12-31,2017-02-21,62684,historical_ibov
18627,CIA SANEAMENTO DO PARANA - SANEPAR,2017,2017-12-31,2018-02-06,71362,historical_ibov
18627,CIA SANEAMENTO DO PARANA - SANEPAR,2018,2018-12-31,2019-02-21,80809,historical_ibov
18627,CIA SANEAMENTO DO PARANA - SANEPAR,2019,2019-12-31,2020-02-06,90796,historical_ibov
18627,CIA SANEAMENTO DO PARANA - SANEPAR,2020,2020-12-31,2021-02-11,100129,historical_ibov
18627,CIA SANEAMENTO DO PARANA - SANEPAR,2021,2021-12-31,2022-02-24,112044,historical_ibov
18627,CIA SANEAMENTO DO PARANA - SANEPAR,2022,2022-12-31,2023-02-16,123587,historical_ibov
18627,CIA SANEAMENTO DO PARANA - SANEPAR,2023,2023-12-31,2024-02-08,133929,historical_ibov
18627,CIA SANEAMENTO DO PARANA - SANEPAR,2024,2024-12-31,2025-02-20,144899,historical_ibov
4030,CIA SIDERURGICA NACIONAL,2015,2015-12-31,2016-11-14,60923,current_ibov
4030,CIA SIDERURGICA NACIONAL,2016,2016-12-31,2017-10-28,69331,current_ibov
4030,CIA SIDERURGICA NACIONAL,2017,2017-12-31,2018-04-06,73192,current_ibov
4030,CIA SIDERURGICA NACIONAL,2018,2018-12-31,2019-02-20,80783,current_ibov
4030,CIA SIDERURGICA NACIONAL,2019,2019-12-31,2020-03-04,91368,current_ibov
4030,CIA SIDERURGICA NACIONAL,2020,2020-12-31,2021-02-22,100354,current_ibov
4030,CIA SIDERURGICA NACIONAL,2021,2021-12-31,2022-03-09,112377,current_ibov
4030,CIA SIDERURGICA NACIONAL,2022,2022-12-31,2023-03-16,124211,current_ibov
4030,CIA SIDERURGICA NACIONAL,2023,2023-12-31,2024-03-06,134513,current_ibov
4030,CIA SIDERURGICA NACIONAL,2024,2024-12-31,2025-03-12,145354,current_ibov
17973,COGNA EDUCAÇÃO S.A.,2015,2015-12-31,2016-03-15,54054,current_ibov
17973,COGNA EDUCAÇÃO S.A.,2016,2016-12-31,2017-03-22,63411,current_ibov
17973,COGNA EDUCAÇÃO S.A.,2017,2017-12-31,2018-03-16,72338,current_ibov
17973,COGNA EDUCAÇÃO S.A.,2018,2018-12-31,2019-06-21,85096,current_ibov
17973,COGNA EDUCAÇÃO S.A.,2019,2019-12-31,2020-03-30,92053,current_ibov
17973,COGNA EDUCAÇÃO S.A.,2020,2020-12-31,2021-03-31,102489,current_ibov
17973,COGNA EDUCAÇÃO S.A.,2021,2021-12-31,2022-03-24,112952,current_ibov
17973,COGNA EDUCAÇÃO S.A.,2022,2022-12-31,2023-09-21,131083,current_ibov
17973,COGNA EDUCAÇÃO S.A.,2023,2023-12-31,2024-03-20,134930,current_ibov
17973,COGNA EDUCAÇÃO S.A.,2024,2024-12-31,2025-03-12,145344,current_ibov
22691,COMPANHIA DE LOCAÇÃO DAS AMÉRICAS,2015,2015-12-31,2016-03-21,54254,historical_ibov
22691,COMPANHIA DE LOCAÇÃO DAS AMÉRICAS,2016,2016-12-31,2017-05-25,65995,historical_ibov
22691,COMPANHIA DE LOCAÇÃO DAS AMÉRICAS,2017,2017-12-31,2018-03-29,72888,historical_ibov
22691,COMPANHIA DE LOCAÇÃO DAS AMÉRICAS,2018,2018-12-31,2019-04-22,82288,historical_ibov
22691,COMPANHIA DE LOCAÇÃO DAS AMÉRICAS,2019,2019-12-31,2020-03-12,91544,historical_ibov
22691,COMPANHIA DE LOCAÇÃO DAS AMÉRICAS,2020,2020-12-31,2021-02-23,100384,historical_ibov
22691,COMPANHIA DE LOCAÇÃO DAS AMÉRICAS,2021,2021-12-31,2022-03-21,112783,historical_ibov
22691,COMPANHIA DE LOCAÇÃO DAS AMÉRICAS,2022,2022-12-31,2023-03-15,124182,historical_ibov
22691,COMPANHIA DE LOCAÇÃO DAS AMÉRICAS,2023,2023-12-31,2024-03-11,134627,historical_ibov
22691,COMPANHIA DE LOCAÇÃO DAS AMÉRICAS,2024,2024-12-31,2025-03-07,145230,historical_ibov
19836,COSAN S.A.,2015,2015-12-31,2016-02-18,53472,current_ibov
19836,COSAN S.A.,2016,2016-12-31,2017-02-16,62582,current_ibov
19836,COSAN S.A.,2017,2017-12-31,2018-03-26,72672,current_ibov
19836,COSAN S.A.,2018,2018-12-31,2019-02-14,80687,current_ibov
19836,COSAN S.A.,2019,2019-12-31,2020-02-14,90980,current_ibov
19836,COSAN S.A.,2020,2020-12-31,2021-02-11,100139,current_ibov
19836,COSAN S.A.,2021,2021-12-31,2022-02-24,112025,current_ibov
19836,COSAN S.A.,2022,2022-12-31,2023-02-28,123768,current_ibov
19836,COSAN S.A.,2023,2023-12-31,2024-05-29,138141,current_ibov
19836,COSAN S.A.,2024,2024-12-31,2025-03-10,145271,current_ibov
18660,CPFL ENERGIA S.A.,2015,2015-12-31,2016-03-21,54212,current_ibov
18660,CPFL ENERGIA S.A.,2016,2016-12-31,2017-03-23,63488,current_ibov
18660,CPFL ENERGIA S.A.,2017,2017-12-31,2018-03-27,72757,current_ibov
18660,CPFL ENERGIA S.A.,2018,2018-12-31,2019-03-28,81697,current_ibov
18660,CPFL ENERGIA S.A.,2019,2019-12-31,2020-03-09,91443,current_ibov
18660,CPFL ENERGIA S.A.,2020,2020-12-31,2021-03-31,102515,current_ibov
18660,CPFL ENERGIA S.A.,2021,2021-12-31,2022-03-17,112650,current_ibov
18660,CPFL ENERGIA S.A.,2022,2022-12-31,2023-03-16,124256,current_ibov
18660,CPFL ENERGIA S.A.,2023,2023-12-31,2024-03-21,134981,current_ibov
18660,CPFL ENERGIA S.A.,2024,2024-12-31,2025-02-26,145056,current_ibov
25585,CSN MINERAÇÃO S.A.,2019,2019-12-31,2021-01-27,97692,current_ibov
25585,CSN MINERAÇÃO S.A.,2020,2020-12-31,2021-02-22,100356,current_ibov
25585,CSN MINERAÇÃO S.A.,2021,2021-12-31,2022-03-09,112369,current_ibov
25585,CSN MINERAÇÃO S.A.,2022,2022-12-31,2023-03-08,123991,current_ibov
25585,CSN MINERAÇÃO S.A.,2023,2023-12-31,2024-03-06,134514,current_ibov
25585,CSN MINERAÇÃO S.A.,2024,2024-12-31,2025-04-01,146102,current_ibov
18376,CTEEP - CIA TRANSMISSÃO ENERGIA ELÉTRICA PAULISTA,2015,2015-12-31,2016-04-20,55192,current_ibov
18376,CTEEP - CIA TRANSMISSÃO ENERGIA ELÉTRICA PAULISTA,2016,2016-12-31,2017-02-23,62762,current_ibov
18376,CTEEP - CIA TRANSMISSÃO ENERGIA ELÉTRICA PAULISTA,2017,2017-12-31,2018-02-26,71790,current_ibov
18376,CTEEP - CIA TRANSMISSÃO ENERGIA ELÉTRICA PAULISTA,2018,2018-12-31,2019-02-28,80990,current_ibov
18376,CTEEP - CIA TRANSMISSÃO ENERGIA ELÉTRICA PAULISTA,2019,2019-12-31,2020-03-04,91364,current_ibov
25100,CURY CONSTRUTORA E INCORPORADORA S.A.,2019,2019-12-31,2020-08-27,91176,current_ibov
25100,CURY CONSTRUTORA E INCORPORADORA S.A.,2020,2020-12-31,2021-03-22,102127,current_ibov
25100,CURY CONSTRUTORA E INCORPORADORA S.A.,2021,2021-12-31,2022-03-24,112921,current_ibov
25100,CURY CONSTRUTORA E INCORPORADORA S.A.,2022,2022-12-31,2023-09-14,130992,current_ibov
25100,CURY CONSTRUTORA E INCORPORADORA S.A.,2023,2023-12-31,2024-03-11,134624,current_ibov
25100,CURY CONSTRUTORA E INCORPORADORA S.A.,2024,2024-12-31,2025-03-11,145292,current_ibov
23310,CVC BRASIL OPERADORA E AGÊNCIA DE VIAGENS S.A.,2015,2015-12-31,2016-02-19,53476,historical_ibov
23310,CVC BRASIL OPERADORA E AGÊNCIA DE VIAGENS S.A.,2016,2016-12-31,2017-02-15,62556,historical_ibov
23310,CVC BRASIL OPERADORA E AGÊNCIA DE VIAGENS S.A.,2017,2017-12-31,2018-02-08,71407,historical_ibov
23310,CVC BRASIL OPERADORA E AGÊNCIA DE VIAGENS S.A.,2018,2018-12-31,2019-02-26,80879,historical_ibov
23310,CVC BRASIL OPERADORA E AGÊNCIA DE VIAGENS S.A.,2019,2019-12-31,2020-09-01,96766,historical_ibov
23310,CVC BRASIL OPERADORA E AGÊNCIA DE VIAGENS S.A.,2020,2020-12-31,2021-03-26,102322,historical_ibov
23310,CVC BRASIL OPERADORA E AGÊNCIA DE VIAGENS S.A.,2021,2021-12-31,2022-03-15,112557,historical_ibov
23310,CVC BRASIL OPERADORA E AGÊNCIA DE VIAGENS S.A.,2022,2022-12-31,2023-03-21,124434,historical_ibov
23310,CVC BRASIL OPERADORA E AGÊNCIA DE VIAGENS S.A.,2023,2023-12-31,2024-03-26,135166,historical_ibov
23310,CVC BRASIL OPERADORA E AGÊNCIA DE VIAGENS S.A.,2024,2024-12-31,2025-03-26,145798,historical_ibov
14460,CYRELA BRAZIL REALTY S.A.EMPREEND E PART,2015,2015-12-31,2016-03-23,54386,current_ibov
14460,CYRELA BRAZIL REALTY S.A.EMPREEND E PART,2016,2016-12-31,2017-03-23,63477,current_ibov
14460,CYRELA BRAZIL REALTY S.A.EMPREEND E PART,2017,2017-12-31,2018-03-22,72538,current_ibov
14460,CYRELA BRAZIL REALTY S.A.EMPREEND E PART,2018,2018-12-31,2019-03-27,81580,current_ibov
14460,CYRELA BRAZIL REALTY S.A.EMPREEND E PART,2019,2019-12-31,2020-03-19,91667,current_ibov
14460,CYRELA BRAZIL REALTY S.A.EMPREEND E PART,2020,2020-12-31,2021-03-18,102043,current_ibov
14460,CYRELA BRAZIL REALTY S.A.EMPREEND E PART,2021,2021-12-31,2022-03-17,112633,current_ibov
14460,CYRELA BRAZIL REALTY S.A.EMPREEND E PART,2022,2022-12-31,2023-03-16,124242,current_ibov
14460,CYRELA BRAZIL REALTY S.A.EMPREEND E PART,2023,2023-12-31,2024-03-14,134740,current_ibov
14460,CYRELA BRAZIL REALTY S.A.EMPREEND E PART,2024,2024-12-31,2025-03-20,145594,current_ibov
21091,DEXCO S.A.,2015,2015-12-31,2016-02-15,53358,historical_ibov
21091,DEXCO S.A.,2016,2016-12-31,2017-02-08,62390,historical_ibov
21091,DEXCO S.A.,2017,2017-12-31,2018-02-05,71345,historical_ibov
21091,DEXCO S.A.,2018,2018-12-31,2019-02-13,80649,historical_ibov
21091,DEXCO S.A.,2019,2019-12-31,2020-02-12,90918,historical_ibov
21091,DEXCO S.A.,2020,2020-12-31,2021-02-08,100004,historical_ibov
21091,DEXCO S.A.,2021,2021-12-31,2022-02-09,111679,historical_ibov
21091,DEXCO S.A.,2022,2022-12-31,2023-03-08,123979,historical_ibov
21091,DEXCO S.A.,2023,2023-12-31,2024-03-06,134509,historical_ibov
21091,DEXCO S.A.,2024,2024-12-31,2025-03-12,145350,historical_ibov
19623,DIAGNOSTICOS DA AMERICA S.A.,2015,2015-12-31,2016-03-23,54381,historical_ibov
19623,DIAGNOSTICOS DA AMERICA S.A.,2016,2016-12-31,2017-03-20,63357,historical_ibov
19623,DIAGNOSTICOS DA AMERICA S.A.,2017,2017-12-31,2018-03-16,72354,historical_ibov
19623,DIAGNOSTICOS DA AMERICA S.A.,2018,2018-12-31,2019-03-14,81214,historical_ibov
19623,DIAGNOSTICOS DA AMERICA S.A.,2019,2019-12-31,2020-03-13,91578,historical_ibov
19623,DIAGNOSTICOS DA AMERICA S.A.,2020,2020-12-31,2021-03-06,100717,historical_ibov
19623,DIAGNOSTICOS DA AMERICA S.A.,2021,2021-12-31,2022-03-29,113140,historical_ibov
19623,DIAGNOSTICOS DA AMERICA S.A.,2022,2022-12-31,2023-03-28,124722,historical_ibov
19623,DIAGNOSTICOS DA AMERICA S.A.,2023,2023-12-31,2024-04-17,135758,historical_ibov
19623,DIAGNOSTICOS DA AMERICA S.A.,2024,2024-12-31,2025-03-26,145811,historical_ibov
21350,DIRECIONAL ENGENHARIA S.A.,2015,2015-12-31,2016-03-14,54048,current_ibov
21350,DIRECIONAL ENGENHARIA S.A.,2016,2016-12-31,2017-03-20,63352,current_ibov
21350,DIRECIONAL ENGENHARIA S.A.,2017,2017-12-31,2018-03-26,72682,current_ibov
21350,DIRECIONAL ENGENHARIA S.A.,2018,2018-12-31,2019-03-11,81114,current_ibov
21350,DIRECIONAL ENGENHARIA S.A.,2019,2019-12-31,2020-03-09,91440,current_ibov
21350,DIRECIONAL ENGENHARIA S.A.,2020,2020-12-31,2021-03-15,100945,current_ibov
21350,DIRECIONAL ENGENHARIA S.A.,2021,2021-12-31,2022-03-14,112493,current_ibov
21350,DIRECIONAL ENGENHARIA S.A.,2022,2022-12-31,2023-10-26,131606,current_ibov
21350,DIRECIONAL ENGENHARIA S.A.,2023,2023-12-31,2024-03-11,134617,current_ibov
21350,DIRECIONAL ENGENHARIA S.A.,2024,2024-12-31,2025-03-10,145258,current_ibov
19453,ECORODOVIAS INFRAESTRUTURA E LOGÍSTICA S.A.,2015,2015-12-31,2016-03-15,54087,historical_ibov
19453,ECORODOVIAS INFRAESTRUTURA E LOGÍSTICA S.A.,2016,2016-12-31,2017-02-20,62648,historical_ibov
19453,ECORODOVIAS INFRAESTRUTURA E LOGÍSTICA S.A.,2017,2017-12-31,2018-02-28,71875,historical_ibov
19453,ECORODOVIAS INFRAESTRUTURA E LOGÍSTICA S.A.,2018,2018-12-31,2019-03-14,81212,historical_ibov
19453,ECORODOVIAS INFRAESTRUTURA E LOGÍSTICA S.A.,2019,2019-12-31,2020-02-18,91040,historical_ibov
19453,ECORODOVIAS INFRAESTRUTURA E LOGÍSTICA S.A.,2020,2020-12-31,2021-03-10,100819,historical_ibov
19453,ECORODOVIAS INFRAESTRUTURA E LOGÍSTICA S.A.,2021,2021-12-31,2022-03-25,112982,historical_ibov
19453,ECORODOVIAS INFRAESTRUTURA E LOGÍSTICA S.A.,2022,2022-12-31,2023-03-16,124228,historical_ibov
19453,ECORODOVIAS INFRAESTRUTURA E LOGÍSTICA S.A.,2023,2023-12-31,2024-03-13,134692,historical_ibov
19453,ECORODOVIAS INFRAESTRUTURA E LOGÍSTICA S.A.,2024,2024-12-31,2025-03-18,145479,historical_ibov
19763,EDP - ENERGIAS DO BRASIL S.A.,2015,2015-12-31,2016-03-02,53798,historical_ibov
19763,EDP - ENERGIAS DO BRASIL S.A.,2016,2016-12-31,2017-02-22,62728,historical_ibov
19763,EDP - ENERGIAS DO BRASIL S.A.,2017,2017-12-31,2018-03-09,72147,historical_ibov
19763,EDP - ENERGIAS DO BRASIL S.A.,2018,2018-12-31,2019-03-08,81087,historical_ibov
19763,EDP - ENERGIAS DO BRASIL S.A.,2019,2019-12-31,2020-02-18,91055,historical_ibov
19763,EDP - ENERGIAS DO BRASIL S.A.,2020,2020-12-31,2021-04-26,103062,historical_ibov
19763,EDP - ENERGIAS DO BRASIL S.A.,2021,2021-12-31,2022-02-16,111821,historical_ibov
19763,EDP - ENERGIAS DO BRASIL S.A.,2022,2022-12-31,2023-02-27,123741,historical_ibov
19763,EDP - ENERGIAS DO BRASIL S.A.,2023,2023-12-31,2024-02-26,134268,historical_ibov
19763,EDP - ENERGIAS DO BRASIL S.A.,2024,2024-12-31,2025-02-25,145017,historical_ibov
14176,ELETROPAULO METROP. ELET. SAO PAULO S.A.,2015,2015-12-31,2016-02-25,53615,historical_ibov
14176,ELETROPAULO METROP. ELET. SAO PAULO S.A.,2016,2016-12-31,2017-02-24,62809,historical_ibov
14176,ELETROPAULO METROP. ELET. SAO PAULO S.A.,2017,2017-12-31,2018-03-26,72688,historical_ibov
14176,ELETROPAULO METROP. ELET. SAO PAULO S.A.,2018,2018-12-31,2019-02-26,80900,historical_ibov
14176,ELETROPAULO METROP. ELET. SAO PAULO S.A.,2019,2019-12-31,2020-02-20,91136,historical_ibov
14176,ELETROPAULO METROP. ELET. SAO PAULO S.A.,2020,2020-12-31,2021-02-24,100423,historical_ibov
14176,ELETROPAULO METROP. ELET. SAO PAULO S.A.,2021,2021-12-31,2022-02-24,112047,historical_ibov
14176,ELETROPAULO METROP. ELET. SAO PAULO S.A.,2022,2022-12-31,2023-02-24,123711,historical_ibov
14176,ELETROPAULO METROP. ELET. SAO PAULO S.A.,2023,2023-12-31,2024-02-28,134320,historical_ibov
14176,ELETROPAULO METROP. ELET. SAO PAULO S.A.,2024,2024-12-31,2025-02-27,145115,historical_ibov
20087,EMBRAER S.A.,2015,2015-12-31,2016-03-18,54195,current_ibov
20087,EMBRAER S.A.,2016,2016-12-31,2017-03-09,63004,current_ibov
20087,EMBRAER S.A.,2017,2017-12-31,2018-03-08,72078,current_ibov
20087,EMBRAER S.A.,2018,2018-12-31,2019-03-14,81183,current_ibov
20087,EMBRAER S.A.,2019,2019-12-31,2020-03-26,91843,current_ibov
20087,EMBRAER S.A.,2020,2020-12-31,2021-03-19,102072,current_ibov
20087,EMBRAER S.A.,2021,2021-12-31,2022-03-09,112362,current_ibov
20087,EMBRAER S.A.,2022,2022-12-31,2023-03-10,124044,current_ibov
20087,EMBRAER S.A.,2023,2023-12-31,2024-03-18,134812,current_ibov
20087,EMBRAER S.A.,2024,2024-12-31,2025-02-27,145081,current_ibov
15253,ENERGISA S.A.,2015,2015-12-31,2016-03-22,54302,current_ibov
15253,ENERGISA S.A.,2016,2016-12-31,2017-03-23,63502,current_ibov
15253,ENERGISA S.A.,2017,2017-12-31,2018-03-14,72278,current_ibov
15253,ENERGISA S.A.,2018,2018-12-31,2019-03-21,81388,current_ibov
15253,ENERGISA S.A.,2019,2019-12-31,2020-03-18,91629,current_ibov
15253,ENERGISA S.A.,2020,2020-12-31,2021-04-09,102789,current_ibov
15253,ENERGISA S.A.,2021,2021-12-31,2024-01-20,133648,current_ibov
15253,ENERGISA S.A.,2022,2022-12-31,2023-03-16,124288,current_ibov
15253,ENERGISA S.A.,2023,2023-12-31,2024-03-15,134790,current_ibov
15253,ENERGISA S.A.,2024,2024-12-31,2025-03-18,145509,current_ibov
21237,ENEVA S.A,2015,2015-12-31,2016-03-24,54419,current_ibov
21237,ENEVA S.A,2016,2016-12-31,2017-09-16,68726,current_ibov
21237,ENEVA S.A,2017,2017-12-31,2018-03-14,72277,current_ibov
21237,ENEVA S.A,2018,2018-12-31,2019-03-20,81381,current_ibov
21237,ENEVA S.A,2019,2019-12-31,2020-04-10,92332,current_ibov
21237,ENEVA S.A,2020,2020-12-31,2021-03-10,100834,current_ibov
21237,ENEVA S.A,2021,2021-12-31,2022-03-21,112782,current_ibov
21237,ENEVA S.A,2022,2022-12-31,2023-03-24,124551,current_ibov
21237,ENEVA S.A,2023,2023-12-31,2024-03-14,134773,current_ibov
21237,ENEVA S.A,2024,2024-12-31,2025-03-20,145597,current_ibov
17329,ENGIE BRASIL ENERGIA S.A.,2015,2015-12-31,2016-02-23,53572,current_ibov
17329,ENGIE BRASIL ENERGIA S.A.,2016,2016-12-31,2017-02-23,62765,current_ibov
17329,ENGIE BRASIL ENERGIA S.A.,2017,2017-12-31,2018-02-22,71712,current_ibov
17329,ENGIE BRASIL ENERGIA S.A.,2018,2018-12-31,2019-02-19,80753,current_ibov
17329,ENGIE BRASIL ENERGIA S.A.,2019,2019-12-31,2020-02-20,91118,current_ibov
17329,ENGIE BRASIL ENERGIA S.A.,2020,2020-12-31,2021-04-20,102963,current_ibov
17329,ENGIE BRASIL ENERGIA S.A.,2021,2021-12-31,2022-02-14,111751,current_ibov
17329,ENGIE BRASIL ENERGIA S.A.,2022,2022-12-31,2023-11-30,132868,current_ibov
17329,ENGIE BRASIL ENERGIA S.A.,2023,2023-12-31,2024-02-27,134298,current_ibov
17329,ENGIE BRASIL ENERGIA S.A.,2024,2024-12-31,2025-02-20,144906,current_ibov
20010,EQUATORIAL ENERGIA S.A.,2015,2015-12-31,2017-09-23,68808,current_ibov
20010,EQUATORIAL ENERGIA S.A.,2016,2016-12-31,2017-09-23,68809,current_ibov
20010,EQUATORIAL ENERGIA S.A.,2017,2017-12-31,2018-03-09,72120,current_ibov
20010,EQUATORIAL ENERGIA S.A.,2018,2018-12-31,2019-04-12,82190,current_ibov
20010,EQUATORIAL ENERGIA S.A.,2019,2019-12-31,2020-05-23,93389,current_ibov
20010,EQUATORIAL S.A.,2020,2020-12-31,2021-03-24,102205,current_ibov
20010,EQUATORIAL S.A.,2021,2021-12-31,2022-03-31,113382,current_ibov
20010,EQUATORIAL S.A.,2022,2022-12-31,2023-03-29,124802,current_ibov
20010,EQUATORIAL S.A.,2023,2023-12-31,2024-03-25,135105,current_ibov
20010,EQUATORIAL S.A.,2024,2024-12-31,2025-04-01,146103,current_ibov
20524,EVEN CONSTRUTORA E INCORPORADORA S.A.,2015,2015-12-31,2016-03-30,54715,historical_ibov
20524,EVEN CONSTRUTORA E INCORPORADORA S.A.,2016,2016-12-31,2017-03-22,63446,historical_ibov
20524,EVEN CONSTRUTORA E INCORPORADORA S.A.,2017,2017-12-31,2018-03-26,72684,historical_ibov
20524,EVEN CONSTRUTORA E INCORPORADORA S.A.,2018,2018-12-31,2019-03-28,81685,historical_ibov
20524,EVEN CONSTRUTORA E INCORPORADORA S.A.,2019,2019-12-31,2020-03-30,92048,historical_ibov
20524,EVEN CONSTRUTORA E INCORPORADORA S.A.,2020,2020-12-31,2021-03-18,102057,historical_ibov
20524,EVEN CONSTRUTORA E INCORPORADORA S.A.,2021,2021-12-31,2022-03-22,112820,historical_ibov
20524,EVEN CONSTRUTORA E INCORPORADORA S.A.,2022,2022-12-31,2023-03-28,124720,historical_ibov
20524,EVEN CONSTRUTORA E INCORPORADORA S.A.,2023,2023-12-31,2024-03-21,134964,historical_ibov
20524,EVEN CONSTRUTORA E INCORPORADORA S.A.,2024,2024-12-31,2025-03-27,145847,historical_ibov
20770,EZ TEC EMPREEND. E PARTICIPACOES S.A.,2015,2015-12-31,2016-03-29,54645,historical_ibov
20770,EZ TEC EMPREEND. E PARTICIPACOES S.A.,2016,2016-12-31,2017-03-20,63372,historical_ibov
20770,EZ TEC EMPREEND. E PARTICIPACOES S.A.,2017,2017-12-31,2018-03-16,72336,historical_ibov
20770,EZ TEC EMPREEND. E PARTICIPACOES S.A.,2018,2018-12-31,2019-03-22,81445,historical_ibov
20770,EZ TEC EMPREEND. E PARTICIPACOES S.A.,2019,2019-12-31,2020-03-19,91678,historical_ibov
20770,EZ TEC EMPREEND. E PARTICIPACOES S.A.,2020,2020-12-31,2021-03-17,101015,historical_ibov
20770,EZ TEC EMPREEND. E PARTICIPACOES S.A.,2021,2021-12-31,2022-03-17,112639,historical_ibov
20770,EZ TEC EMPREEND. E PARTICIPACOES S.A.,2022,2022-12-31,2023-09-18,131018,historical_ibov
20770,EZ TEC EMPREEND. E PARTICIPACOES S.A.,2023,2023-12-31,2024-03-18,134827,historical_ibov
20770,EZ TEC EMPREEND. E PARTICIPACOES S.A.,2024,2024-12-31,2025-03-13,145373,historical_ibov
12793,FIBRIA CELULOSE S.A.,2015,2015-12-31,2016-01-27,53085,historical_ibov
12793,FIBRIA CELULOSE S.A.,2016,2016-12-31,2017-02-17,62596,historical_ibov
12793,FIBRIA CELULOSE S.A.,2017,2017-12-31,2018-01-29,71239,historical_ibov
12793,FIBRIA CELULOSE S.A.,2018,2018-12-31,2019-02-21,80821,historical_ibov
21881,FLEURY S.A.,2015,2015-12-31,2016-03-03,53828,current_ibov
21881,FLEURY S.A.,2016,2016-12-31,2017-03-09,63040,current_ibov
21881,FLEURY S.A.,2017,2017-12-31,2018-03-05,71948,current_ibov
21881,FLEURY S.A.,2018,2018-12-31,2019-04-18,82260,current_ibov
21881,FLEURY S.A.,2019,2019-12-31,2020-02-19,91099,current_ibov
21881,FLEURY S.A.,2020,2020-12-31,2021-02-25,100463,current_ibov
21881,FLEURY S.A.,2021,2021-12-31,2022-03-17,112643,current_ibov
21881,FLEURY S.A.,2022,2022-12-31,2023-03-16,124240,current_ibov
21881,FLEURY S.A.,2023,2023-12-31,2024-03-07,134546,current_ibov
21881,FLEURY S.A.,2024,2024-12-31,2025-02-27,145095,current_ibov
16101,GAFISA S.A.,2015,2015-12-31,2016-03-03,53837,historical_ibov
16101,GAFISA S.A.,2016,2016-12-31,2017-05-09,64995,historical_ibov
16101,GAFISA S.A.,2017,2017-12-31,2018-03-09,72149,historical_ibov
16101,GAFISA S.A.,2018,2018-12-31,2019-04-03,82002,historical_ibov
16101,GAFISA S.A.,2019,2019-12-31,2020-03-26,91877,historical_ibov
16101,GAFISA S.A.,2020,2020-12-31,2021-03-16,101001,historical_ibov
16101,GAFISA S.A.,2021,2021-12-31,2022-03-19,112740,historical_ibov
16101,GAFISA S.A.,2022,2022-12-31,2023-03-29,124751,historical_ibov
16101,GAFISA S.A.,2023,2023-12-31,2024-03-26,135175,historical_ibov
16101,GAFISA S.A.,2024,2024-12-31,2025-03-27,145879,historical_ibov
3980,GERDAU S.A.,2015,2015-12-31,2016-03-15,54055,current_ibov
3980,GERDAU S.A.,2016,2016-12-31,2017-02-22,62693,current_ibov
3980,GERDAU S.A.,2017,2017-12-31,2018-02-28,71859,current_ibov
3980,GERDAU S.A.,2018,2018-12-31,2019-02-21,80788,current_ibov
3980,GERDAU S.A.,2019,2019-12-31,2020-02-19,91066,current_ibov
3980,GERDAU S.A.,2020,2020-12-31,2021-02-24,100393,current_ibov
3980,GERDAU S.A.,2021,2021-12-31,2022-02-23,111961,current_ibov
3980,GERDAU S.A.,2022,2022-12-31,2023-03-01,123775,current_ibov
3980,GERDAU S.A.,2023,2023-12-31,2024-02-20,134146,current_ibov
3980,GERDAU S.A.,2024,2024-12-31,2025-02-24,144975,current_ibov
19569,GOL LINHAS AEREAS INTELIGENTES S.A.,2015,2015-12-31,2016-03-29,54661,historical_ibov
19569,GOL LINHAS AEREAS INTELIGENTES S.A.,2016,2016-12-31,2017-02-17,62584,historical_ibov
19569,GOL LINHAS AEREAS INTELIGENTES S.A.,2017,2017-12-31,2018-03-07,72037,historical_ibov
19569,GOL LINHAS AEREAS INTELIGENTES S.A.,2018,2018-12-31,2019-02-28,80954,historical_ibov
19569,GOL LINHAS AEREAS INTELIGENTES S.A.,2019,2019-12-31,2020-02-28,91266,historical_ibov
19569,GOL LINHAS AEREAS INTELIGENTES S.A.,2020,2020-12-31,2021-03-18,101035,historical_ibov
19569,GOL LINHAS AEREAS INTELIGENTES S.A.,2021,2021-12-31,2022-03-14,112467,historical_ibov
19569,GOL LINHAS AEREAS INTELIGENTES S.A.,2022,2022-12-31,2023-03-21,124422,historical_ibov
19569,GOL LINHAS AEREAS INTELIGENTES S.A.,2023,2023-12-31,2024-03-28,135272,historical_ibov
19569,GOL LINHAS AEREAS INTELIGENTES S.A.,2024,2024-12-31,2025-03-28,145927,historical_ibov
6505,GRUPO CASAS BAHIA S.A.,2015,2015-12-31,2016-07-27,58276,historical_ibov
6505,GRUPO CASAS BAHIA S.A.,2016,2016-12-31,2017-02-23,62732,historical_ibov
6505,GRUPO CASAS BAHIA S.A.,2017,2017-12-31,2018-02-19,71563,historical_ibov
6505,GRUPO CASAS BAHIA S.A.,2018,2018-12-31,2019-02-20,80761,historical_ibov
6505,GRUPO CASAS BAHIA S.A.,2019,2019-12-31,2020-03-26,91841,historical_ibov
6505,GRUPO CASAS BAHIA S.A.,2020,2020-12-31,2021-03-02,100603,historical_ibov
6505,GRUPO CASAS BAHIA S.A.,2021,2021-12-31,2022-03-09,112352,historical_ibov
6505,GRUPO CASAS BAHIA S.A.,2022,2022-12-31,2023-03-09,124037,historical_ibov
6505,GRUPO CASAS BAHIA S.A.,2023,2023-12-31,2024-03-25,135112,historical_ibov
6505,GRUPO CASAS BAHIA S.A.,2024,2024-12-31,2025-03-12,145352,historical_ibov
25011,GRUPO DE MODA SOMA S.A.,2019,2019-12-31,2020-07-08,91250,historical_ibov
25011,GRUPO DE MODA SOMA S.A.,2020,2020-12-31,2021-04-06,102684,historical_ibov
25011,GRUPO DE MODA SOMA S.A.,2021,2021-12-31,2022-03-17,112671,historical_ibov
25011,GRUPO DE MODA SOMA S.A.,2022,2022-12-31,2023-03-07,123941,historical_ibov
25011,GRUPO DE MODA SOMA S.A.,2023,2023-12-31,2024-03-25,135088,historical_ibov
24392,HAPVIDA PARTICIPAÇÕES E INVESTIMENTOS S.A.,2017,2017-12-31,2018-04-24,73468,current_ibov
24392,HAPVIDA PARTICIPAÇÕES E INVESTIMENTOS S.A.,2018,2018-12-31,2019-03-14,81182,current_ibov
24392,HAPVIDA PARTICIPAÇÕES E INVESTIMENTOS S.A.,2019,2019-12-31,2020-03-26,91840,current_ibov
24392,HAPVIDA PARTICIPAÇÕES E INVESTIMENTOS S.A.,2020,2020-12-31,2021-03-23,102146,current_ibov
24392,HAPVIDA PARTICIPAÇÕES E INVESTIMENTOS S.A.,2021,2021-12-31,2022-03-23,112866,current_ibov
24392,HAPVIDA PARTICIPAÇÕES E INVESTIMENTOS S.A.,2022,2022-12-31,2023-02-28,123765,current_ibov
24392,HAPVIDA PARTICIPAÇÕES E INVESTIMENTOS S.A.,2023,2023-12-31,2024-05-13,137197,current_ibov
24392,HAPVIDA PARTICIPAÇÕES E INVESTIMENTOS S.A.,2024,2024-12-31,2025-03-19,145552,current_ibov
21431,HYPERA S.A.,2015,2015-12-31,2016-02-26,53699,current_ibov
21431,HYPERA S.A.,2016,2016-12-31,2017-02-17,62612,current_ibov
21431,HYPERA S.A.,2017,2017-12-31,2018-02-23,71748,current_ibov
21431,HYPERA S.A.,2018,2018-12-31,2019-02-21,80822,current_ibov
21431,HYPERA S.A.,2019,2019-12-31,2020-03-06,91427,current_ibov
21431,HYPERA S.A.,2020,2020-12-31,2021-02-26,100523,current_ibov
21431,HYPERA S.A.,2021,2021-12-31,2022-02-24,112061,current_ibov
21431,HYPERA S.A.,2022,2022-12-31,2023-02-16,123590,current_ibov
21431,HYPERA S.A.,2023,2023-12-31,2024-03-13,134705,current_ibov
21431,HYPERA S.A.,2024,2024-12-31,2025-03-20,145606,current_ibov
20494,IGUATEMI EMPRESA DE SHOPPING CENTERS S.A,2015,2015-12-31,2016-03-08,53929,historical_ibov
20494,IGUATEMI EMPRESA DE SHOPPING CENTERS S.A,2016,2016-12-31,2017-02-21,62678,historical_ibov
20494,IGUATEMI EMPRESA DE SHOPPING CENTERS S.A,2017,2017-12-31,2018-02-27,71825,historical_ibov
20494,IGUATEMI EMPRESA DE SHOPPING CENTERS S.A,2018,2018-12-31,2019-02-26,80907,historical_ibov
20494,IGUATEMI EMPRESA DE SHOPPING CENTERS S.A,2019,2019-12-31,2020-02-18,91046,historical_ibov
20494,IGUATEMI EMPRESA DE SHOPPING CENTERS S.A,2020,2020-12-31,2021-03-04,100676,historical_ibov
20494,IGUATEMI EMPRESA DE SHOPPING CENTERS S.A,2021,2021-12-31,2022-04-14,113795,historical_ibov
20494,IGUATEMI EMPRESA DE SHOPPING CENTERS S.A,2022,2022-12-31,2023-03-06,123880,historical_ibov
20494,IGUATEMI EMPRESA DE SHOPPING CENTERS S.A,2023,2023-12-31,2024-02-20,134142,historical_ibov
20494,IGUATEMI EMPRESA DE SHOPPING CENTERS S.A,2024,2024-12-31,2025-02-21,144915,historical_ibov
8672,IGUATEMI S.A.,2015,2015-12-31,2016-03-23,54394,current_ibov
8672,IGUATEMI S.A.,2016,2016-12-31,2017-03-10,63090,current_ibov
8672,IGUATEMI S.A.,2017,2017-12-31,2018-03-14,72282,current_ibov
8672,IGUATEMI S.A.,2018,2018-12-31,2019-03-14,81229,current_ibov
8672,IGUATEMI S.A.,2019,2019-12-31,2020-03-12,91514,current_ibov
8672,IGUATEMI S.A.,2020,2020-12-31,2021-03-11,100876,current_ibov
8672,IGUATEMI S.A.,2021,2021-12-31,2022-04-18,113814,current_ibov
8672,IGUATEMI S.A.,2022,2022-12-31,2023-02-28,123760,current_ibov
8672,IGUATEMI S.A.,2023,2023-12-31,2024-02-20,134137,current_ibov
8672,IGUATEMI S.A.,2024,2024-12-31,2025-02-18,144853,current_ibov
18376,ISA ENERGIA BRASIL,2020,2020-12-31,2021-02-22,100343,current_ibov
18376,ISA ENERGIA BRASIL,2021,2021-12-31,2022-02-23,111992,current_ibov
18376,ISA ENERGIA BRASIL,2022,2022-12-31,2023-02-23,123675,current_ibov
18376,ISA ENERGIA BRASIL,2023,2023-12-31,2024-02-20,134145,current_ibov
18376,ISA ENERGIA BRASIL,2024,2024-12-31,2025-02-24,144965,current_ibov
20605,JHSF PARTICIPACOES S.A.,2015,2015-12-31,2016-03-30,54766,historical_ibov
20605,JHSF PARTICIPACOES S.A.,2016,2016-12-31,2017-03-30,63853,historical_ibov
20605,JHSF PARTICIPACOES S.A.,2017,2017-12-31,2018-04-16,73325,historical_ibov
20605,JHSF PARTICIPACOES S.A.,2018,2018-12-31,2019-02-21,80817,historical_ibov
20605,JHSF PARTICIPACOES S.A.,2019,2019-12-31,2020-02-13,90944,historical_ibov
20605,JHSF PARTICIPACOES S.A.,2020,2020-12-31,2021-02-18,100247,historical_ibov
20605,JHSF PARTICIPACOES S.A.,2021,2021-12-31,2022-02-24,112060,historical_ibov
20605,JHSF PARTICIPACOES S.A.,2022,2022-12-31,2023-03-22,124478,historical_ibov
20605,JHSF PARTICIPACOES S.A.,2023,2023-12-31,2024-03-26,135114,historical_ibov
20605,JHSF PARTICIPACOES S.A.,2024,2024-12-31,2025-03-28,145886,historical_ibov
12653,KLABIN S.A.,2015,2015-12-31,2016-02-03,53175,current_ibov
12653,KLABIN S.A.,2016,2016-12-31,2017-02-09,62409,current_ibov
12653,KLABIN S.A.,2017,2017-12-31,2018-02-01,71286,current_ibov
12653,KLABIN S.A.,2018,2018-12-31,2019-02-07,80497,current_ibov
12653,KLABIN S.A.,2019,2019-12-31,2020-02-06,90777,current_ibov
12653,KLABIN S.A.,2020,2020-12-31,2021-02-10,100067,current_ibov
12653,KLABIN S.A.,2021,2021-12-31,2024-06-13,139092,current_ibov
12653,KLABIN S.A.,2022,2022-12-31,2023-02-08,123405,current_ibov
12653,KLABIN S.A.,2023,2023-12-31,2024-02-07,133886,current_ibov
12653,KLABIN S.A.,2024,2024-12-31,2025-02-26,145024,current_ibov
19879,LIGHT S.A. - EM RECUPERAÇÃO JUDICIAL,2015,2015-12-31,2016-11-10,60681,historical_ibov
19879,LIGHT S.A. - EM RECUPERAÇÃO JUDICIAL,2016,2016-12-31,2017-03-23,63504,historical_ibov
19879,LIGHT S.A. - EM RECUPERAÇÃO JUDICIAL,2017,2017-12-31,2018-03-28,72794,historical_ibov
19879,LIGHT S.A. - EM RECUPERAÇÃO JUDICIAL,2018,2018-12-31,2019-03-28,81727,historical_ibov
19879,LIGHT S.A. - EM RECUPERAÇÃO JUDICIAL,2019,2019-12-31,2020-03-12,91540,historical_ibov
19879,LIGHT S.A. - EM RECUPERAÇÃO JUDICIAL,2020,2020-12-31,2021-03-19,102071,historical_ibov
19879,LIGHT S.A. - EM RECUPERAÇÃO JUDICIAL,2021,2021-12-31,2022-03-24,112964,historical_ibov
19879,LIGHT S.A. - EM RECUPERAÇÃO JUDICIAL,2022,2022-12-31,2023-03-28,124713,historical_ibov
19879,LIGHT S.A. - EM RECUPERAÇÃO JUDICIAL,2023,2023-12-31,2024-03-25,135095,historical_ibov
19879,LIGHT S.A. - EM RECUPERAÇÃO JUDICIAL,2024,2024-12-31,2025-03-28,145883,historical_ibov
19739,LOCALIZA RENT A CAR S.A.,2015,2015-12-31,2016-03-03,53834,current_ibov
19739,LOCALIZA RENT A CAR S.A.,2016,2016-12-31,2017-02-05,62319,current_ibov
19739,LOCALIZA RENT A CAR S.A.,2017,2017-12-31,2018-03-14,72263,current_ibov
19739,LOCALIZA RENT A CAR S.A.,2018,2018-12-31,2019-02-21,80824,current_ibov
19739,LOCALIZA RENT A CAR S.A.,2019,2019-12-31,2020-03-10,91474,current_ibov
19739,LOCALIZA RENT A CAR S.A.,2020,2020-12-31,2021-02-25,100482,current_ibov
19739,LOCALIZA RENT A CAR S.A.,2021,2021-12-31,2022-02-22,111957,current_ibov
19739,LOCALIZA RENT A CAR S.A.,2022,2022-12-31,2023-03-28,124700,current_ibov
19739,LOCALIZA RENT A CAR S.A.,2023,2023-12-31,2024-03-12,134662,current_ibov
19739,LOCALIZA RENT A CAR S.A.,2024,2024-12-31,2025-02-27,145116,current_ibov
23272,LOG COMMERCIAL PROPERTIES E PARTICIPAÇÕES,2015,2015-12-31,2016-03-07,53891,historical_ibov
23272,LOG COMMERCIAL PROPERTIES E PARTICIPAÇÕES,2016,2016-12-31,2019-10-10,88640,historical_ibov
23272,LOG COMMERCIAL PROPERTIES E PARTICIPAÇÕES,2017,2017-12-31,2018-12-16,79752,historical_ibov
23272,LOG COMMERCIAL PROPERTIES E PARTICIPAÇÕES,2018,2018-12-31,2019-02-11,80590,historical_ibov
23272,LOG COMMERCIAL PROPERTIES E PARTICIPAÇÕES,2019,2019-12-31,2020-02-18,91032,historical_ibov
23272,LOG COMMERCIAL PROPERTIES E PARTICIPAÇÕES,2020,2020-12-31,2021-02-09,100040,historical_ibov
23272,LOG COMMERCIAL PROPERTIES E PARTICIPAÇÕES,2021,2021-12-31,2022-02-08,111630,historical_ibov
23272,LOG COMMERCIAL PROPERTIES E PARTICIPAÇÕES,2022,2022-12-31,2023-02-08,123420,historical_ibov
23272,LOG COMMERCIAL PROPERTIES E PARTICIPAÇÕES,2023,2023-12-31,2024-02-06,133874,historical_ibov
23272,LOG COMMERCIAL PROPERTIES E PARTICIPAÇÕES,2024,2024-12-31,2025-02-05,144587,historical_ibov
8087,LOJAS AMERICANAS S.A.,2015,2015-12-31,2016-03-16,54128,historical_ibov
8087,LOJAS AMERICANAS S.A.,2016,2016-12-31,2017-02-20,62641,historical_ibov
8087,LOJAS AMERICANAS S.A.,2017,2017-12-31,2018-03-14,72267,historical_ibov
8087,LOJAS AMERICANAS S.A.,2018,2018-12-31,2019-03-20,81383,historical_ibov
8087,LOJAS AMERICANAS S.A.,2019,2019-12-31,2020-02-20,91146,historical_ibov
8087,LOJAS AMERICANAS S.A.,2020,2020-12-31,2021-03-04,100679,historical_ibov
8133,LOJAS RENNER S.A.,2015,2015-12-31,2016-02-04,53231,current_ibov
8133,LOJAS RENNER S.A.,2016,2016-12-31,2017-02-09,62430,current_ibov
8133,LOJAS RENNER S.A.,2017,2017-12-31,2018-02-08,71433,current_ibov
8133,LOJAS RENNER S.A.,2018,2018-12-31,2019-02-07,80521,current_ibov
8133,LOJAS RENNER S.A.,2019,2019-12-31,2020-02-06,90801,current_ibov
8133,LOJAS RENNER S.A.,2020,2020-12-31,2021-02-11,100134,current_ibov
8133,LOJAS RENNER S.A.,2021,2021-12-31,2022-03-17,112665,current_ibov
8133,LOJAS RENNER S.A.,2022,2022-12-31,2023-02-16,123581,current_ibov
8133,LOJAS RENNER S.A.,2023,2023-12-31,2024-03-14,134755,current_ibov
8133,LOJAS RENNER S.A.,2024,2024-12-31,2025-02-20,144903,current_ibov
24910,LWSA S/A,2018,2018-12-31,2020-01-13,89994,historical_ibov
24910,LWSA S/A,2019,2019-12-31,2020-03-25,91824,historical_ibov
24910,LWSA S/A,2020,2020-12-31,2021-03-24,102187,historical_ibov
24910,LWSA S/A,2021,2021-12-31,2022-03-29,113147,historical_ibov
24910,LWSA S/A,2022,2022-12-31,2023-03-23,124510,historical_ibov
24910,LWSA S/A,2023,2023-12-31,2024-03-20,134904,historical_ibov
24910,LWSA S/A,2024,2024-12-31,2025-03-13,145376,historical_ibov
22470,MAGAZINE LUIZA S.A.,2015,2015-12-31,2017-05-31,66576,current_ibov
22470,MAGAZINE LUIZA S.A.,2016,2016-12-31,2017-05-31,66581,current_ibov
22470,MAGAZINE LUIZA S.A.,2017,2017-12-31,2018-02-22,71708,current_ibov
22470,MAGAZINE LUIZA S.A.,2018,2018-12-31,2019-02-25,80863,current_ibov
22470,MAGAZINE LUIZA S.A.,2019,2019-12-31,2020-02-17,90983,current_ibov
22470,MAGAZINE LUIZA S.A.,2020,2020-12-31,2021-03-08,100759,current_ibov
22470,MAGAZINE LUIZA S.A.,2021,2021-12-31,2022-03-14,112500,current_ibov
22470,MAGAZINE LUIZA S.A.,2022,2022-12-31,2023-03-10,124043,current_ibov
22470,MAGAZINE LUIZA S.A.,2023,2023-12-31,2024-03-18,134839,current_ibov
22470,MAGAZINE LUIZA S.A.,2024,2024-12-31,2025-03-13,145377,current_ibov
8451,MARCOPOLO S.A.,2015,2015-12-31,2016-02-23,53544,current_ibov
8451,MARCOPOLO S.A.,2016,2016-12-31,2017-02-23,62734,current_ibov
8451,MARCOPOLO S.A.,2017,2017-12-31,2018-02-22,71666,current_ibov
8451,MARCOPOLO S.A.,2018,2018-12-31,2019-02-26,80876,current_ibov
8451,MARCOPOLO S.A.,2019,2019-12-31,2020-02-27,91200,current_ibov
8451,MARCOPOLO S.A.,2020,2020-12-31,2021-02-25,100437,current_ibov
8451,MARCOPOLO S.A.,2021,2021-12-31,2022-02-25,112080,current_ibov
8451,MARCOPOLO S.A.,2022,2022-12-31,2023-02-28,123747,current_ibov
8451,MARCOPOLO S.A.,2023,2023-12-31,2024-02-27,134272,current_ibov
8451,MARCOPOLO S.A.,2024,2024-12-31,2025-02-25,144984,current_ibov
20788,MARFRIG GLOBAL FOODS S.A.,2015,2015-12-31,2016-02-29,53704,current_ibov
20788,MARFRIG GLOBAL FOODS S.A.,2016,2016-12-31,2017-02-23,62782,current_ibov
20788,MARFRIG GLOBAL FOODS S.A.,2017,2017-12-31,2018-03-27,72771,current_ibov
20788,MARFRIG GLOBAL FOODS S.A.,2018,2018-12-31,2019-02-27,80935,current_ibov
20788,MARFRIG GLOBAL FOODS S.A.,2019,2019-12-31,2020-02-19,91096,current_ibov
20788,MARFRIG GLOBAL FOODS S.A.,2020,2020-12-31,2021-04-08,102751,current_ibov
20788,MARFRIG GLOBAL FOODS S.A.,2021,2021-12-31,2022-03-08,112313,current_ibov
20788,MARFRIG GLOBAL FOODS S.A.,2022,2022-12-31,2023-03-01,123796,current_ibov
20788,MARFRIG GLOBAL FOODS S.A.,2023,2023-12-31,2024-03-27,135215,current_ibov
20788,MARFRIG GLOBAL FOODS S.A.,2024,2024-12-31,2025-02-26,145071,current_ibov
17914,MASSA FALIDA DA MMX MINERACAO E METALICOS S.A.,2015,2015-12-31,2016-03-31,54794,historical_ibov
17914,MASSA FALIDA DA MMX MINERACAO E METALICOS S.A.,2016,2016-12-31,2017-03-28,63750,historical_ibov
17914,MASSA FALIDA DA MMX MINERACAO E METALICOS S.A.,2017,2017-12-31,2018-03-28,72870,historical_ibov
17914,MASSA FALIDA DA MMX MINERACAO E METALICOS S.A.,2018,2018-12-31,2019-03-27,81602,historical_ibov
17914,MASSA FALIDA DA MMX MINERACAO E METALICOS S.A.,2019,2019-12-31,2020-03-31,92113,historical_ibov
17914,MASSA FALIDA DA MMX MINERACAO E METALICOS S.A.,2020,2020-12-31,2021-04-07,102721,historical_ibov
8656,METALURGICA GERDAU S.A.,2015,2015-12-31,2016-03-15,54056,current_ibov
8656,METALURGICA GERDAU S.A.,2016,2016-12-31,2017-02-22,62694,current_ibov
8656,METALURGICA GERDAU S.A.,2017,2017-12-31,2018-02-28,71860,current_ibov
8656,METALURGICA GERDAU S.A.,2018,2018-12-31,2019-02-21,80789,current_ibov
8656,METALURGICA GERDAU S.A.,2019,2019-12-31,2020-02-19,91067,current_ibov
8656,METALURGICA GERDAU S.A.,2020,2020-12-31,2021-02-24,100394,current_ibov
8656,METALURGICA GERDAU S.A.,2021,2021-12-31,2022-02-23,111963,current_ibov
8656,METALURGICA GERDAU S.A.,2022,2022-12-31,2023-03-01,123776,current_ibov
8656,METALURGICA GERDAU S.A.,2023,2023-12-31,2024-02-20,134148,current_ibov
8656,METALURGICA GERDAU S.A.,2024,2024-12-31,2025-02-24,144977,current_ibov
20931,MINERVA S.A.,2015,2015-12-31,2016-03-08,53924,current_ibov
20931,MINERVA S.A.,2016,2016-12-31,2017-02-23,62780,current_ibov
20931,MINERVA S.A.,2017,2017-12-31,2018-03-05,71995,current_ibov
20931,MINERVA S.A.,2018,2018-12-31,2019-03-12,81143,current_ibov
20931,MINERVA S.A.,2019,2019-12-31,2020-02-18,91056,current_ibov
20931,MINERVA S.A.,2020,2020-12-31,2021-02-25,100470,current_ibov
20931,MINERVA S.A.,2021,2021-12-31,2022-02-23,112004,current_ibov
20931,MINERVA S.A.,2022,2022-12-31,2023-02-23,123671,current_ibov
20931,MINERVA S.A.,2023,2023-12-31,2024-03-25,135098,current_ibov
20931,MINERVA S.A.,2024,2024-12-31,2025-03-19,145544,current_ibov
18821,MOTIVA INFRAESTRUTURA DE MOBILIDADE S.A.,2021,2021-12-31,2022-02-24,112062,current_ibov
18821,MOTIVA INFRAESTRUTURA DE MOBILIDADE S.A.,2022,2022-12-31,2023-02-15,123561,current_ibov
18821,MOTIVA INFRAESTRUTURA DE MOBILIDADE S.A.,2023,2023-12-31,2024-02-08,133937,current_ibov
18821,MOTIVA INFRAESTRUTURA DE MOBILIDADE S.A.,2024,2024-12-31,2025-02-06,144617,current_ibov
20915,MRV ENGENHARIA E PARTICIPACOES S.A.,2015,2015-12-31,2016-03-07,53894,current_ibov
20915,MRV ENGENHARIA E PARTICIPACOES S.A.,2016,2016-12-31,2017-03-13,63110,current_ibov
20915,MRV ENGENHARIA E PARTICIPACOES S.A.,2017,2017-12-31,2018-03-08,72097,current_ibov
20915,MRV ENGENHARIA E PARTICIPACOES S.A.,2018,2018-12-31,2019-02-28,80989,current_ibov
20915,MRV ENGENHARIA E PARTICIPACOES S.A.,2019,2019-12-31,2020-03-02,91299,current_ibov
20915,MRV ENGENHARIA E PARTICIPACOES S.A.,2020,2020-12-31,2021-03-04,100692,current_ibov
20915,MRV ENGENHARIA E PARTICIPACOES S.A.,2021,2021-12-31,2023-07-06,128797,current_ibov
20915,MRV ENGENHARIA E PARTICIPACOES S.A.,2022,2022-12-31,2023-07-06,128798,current_ibov
20915,MRV ENGENHARIA E PARTICIPACOES S.A.,2023,2023-12-31,2024-02-29,134377,current_ibov
20915,MRV ENGENHARIA E PARTICIPACOES S.A.,2024,2024-12-31,2025-02-24,144971,current_ibov
20982,MULTIPLAN - EMPREEND IMOBILIARIOS S.A.,2015,2015-12-31,2016-02-24,53601,current_ibov
20982,MULTIPLAN - EMPREEND IMOBILIARIOS S.A.,2016,2016-12-31,2017-03-09,63020,current_ibov
20982,MULTIPLAN - EMPREEND IMOBILIARIOS S.A.,2017,2017-12-31,2018-02-28,71883,current_ibov
20982,MULTIPLAN - EMPREEND IMOBILIARIOS S.A.,2018,2018-12-31,2019-02-21,80812,current_ibov
20982,MULTIPLAN - EMPREEND IMOBILIARIOS S.A.,2019,2019-12-31,2020-02-17,91010,current_ibov
20982,MULTIPLAN - EMPREEND IMOBILIARIOS S.A.,2020,2020-12-31,2021-02-11,100117,current_ibov
20982,MULTIPLAN - EMPREEND IMOBILIARIOS S.A.,2021,2021-12-31,2022-02-10,111691,current_ibov
20982,MULTIPLAN - EMPREEND IMOBILIARIOS S.A.,2022,2022-12-31,2023-02-09,123443,current_ibov
20982,MULTIPLAN - EMPREEND IMOBILIARIOS S.A.,2023,2023-12-31,2024-02-08,133935,current_ibov
20982,MULTIPLAN - EMPREEND IMOBILIARIOS S.A.,2024,2024-12-31,2025-02-06,144624,current_ibov
25232,MÉLIUZ S.A.,2019,2019-12-31,2020-10-08,96797,historical_ibov
25232,MÉLIUZ S.A.,2020,2020-12-31,2021-03-31,102488,historical_ibov
25232,MÉLIUZ S.A.,2021,2021-12-31,2022-03-29,113183,historical_ibov
25232,MÉLIUZ S.A.,2022,2022-12-31,2023-09-21,131089,historical_ibov
25232,MÉLIUZ S.A.,2023,2023-12-31,2024-03-13,134710,historical_ibov
25232,MÉLIUZ S.A.,2024,2024-12-31,2025-03-11,145306,historical_ibov
24783,NATURA &CO HOLDING S.A.,2019,2019-12-31,2020-03-05,91401,historical_ibov
24783,NATURA &CO HOLDING S.A.,2020,2020-12-31,2021-03-04,100680,historical_ibov
24783,NATURA &CO HOLDING S.A.,2021,2021-12-31,2022-03-09,112373,historical_ibov
24783,NATURA &CO HOLDING S.A.,2022,2022-12-31,2023-03-13,124139,historical_ibov
24783,NATURA &CO HOLDING S.A.,2023,2023-12-31,2024-03-12,134631,historical_ibov
24783,NATURA &CO HOLDING S.A.,2024,2024-12-31,2025-03-14,145394,historical_ibov
19550,NATURA COSMETICOS S.A.,2015,2015-12-31,2016-02-17,53441,current_ibov
19550,NATURA COSMETICOS S.A.,2016,2016-12-31,2017-02-22,62718,current_ibov
19550,NATURA COSMETICOS S.A.,2017,2017-12-31,2018-03-14,72264,current_ibov
19550,NATURA COSMETICOS S.A.,2018,2018-12-31,2019-02-28,80968,current_ibov
19550,NATURA COSMETICOS S.A.,2019,2019-12-31,2020-03-05,91402,current_ibov
19550,NATURA COSMETICOS S.A.,2020,2020-12-31,2021-03-31,102570,current_ibov
19550,NATURA COSMÉTICOS S.A.,2021,2021-12-31,2022-03-29,113131,current_ibov
19550,NATURA COSMÉTICOS S.A.,2022,2022-12-31,2023-03-16,124274,current_ibov
19550,NATURA COSMÉTICOS S.A.,2023,2023-12-31,2024-03-19,134850,current_ibov
19550,NATURA COSMÉTICOS S.A.,2024,2024-12-31,2025-03-13,145393,current_ibov
24384,NOTRE DAME INTERMÉDICA PARTICIPAÇÕES S.A.,2017,2017-12-31,2018-04-23,73450,historical_ibov
24384,NOTRE DAME INTERMÉDICA PARTICIPAÇÕES S.A.,2018,2018-12-31,2019-02-25,80873,historical_ibov
24384,NOTRE DAME INTERMÉDICA PARTICIPAÇÕES S.A.,2019,2019-12-31,2020-02-20,91151,historical_ibov
24384,NOTRE DAME INTERMÉDICA PARTICIPAÇÕES S.A.,2020,2020-12-31,2021-03-16,101004,historical_ibov
11312,OI S.A. - EM RECUPERAÇÃO JUDICIAL,2015,2015-12-31,2016-03-24,54404,historical_ibov
11312,OI S.A. - EM RECUPERAÇÃO JUDICIAL,2016,2016-12-31,2017-03-22,63441,historical_ibov
11312,OI S.A. - EM RECUPERAÇÃO JUDICIAL,2017,2017-12-31,2018-04-12,73285,historical_ibov
11312,OI S.A. - EM RECUPERAÇÃO JUDICIAL,2018,2018-12-31,2019-03-26,81560,historical_ibov
11312,OI S.A. - EM RECUPERAÇÃO JUDICIAL,2019,2019-12-31,2020-03-25,91839,historical_ibov
11312,OI S.A. - EM RECUPERAÇÃO JUDICIAL,2020,2020-12-31,2021-05-10,103694,historical_ibov
11312,OI S.A. - EM RECUPERAÇÃO JUDICIAL,2021,2021-12-31,2022-05-05,114301,historical_ibov
11312,OI S.A. - EM RECUPERAÇÃO JUDICIAL,2022,2022-12-31,2023-05-22,127122,historical_ibov
11312,OI S.A. - EM RECUPERAÇÃO JUDICIAL,2023,2023-12-31,2024-03-27,135241,historical_ibov
11312,OI S.A. - EM RECUPERAÇÃO JUDICIAL,2024,2024-12-31,2025-03-26,145806,historical_ibov
20478,PDG REALTY S.A. EMPREEND E PARTICIPACOES,2015,2015-12-31,2016-03-29,54655,historical_ibov
20478,PDG REALTY S.A. EMPREEND E PARTICIPACOES,2016,2016-12-31,2017-03-29,63852,historical_ibov
20478,PDG REALTY S.A. EMPREEND E PARTICIPACOES,2017,2017-12-31,2018-03-29,73029,historical_ibov
20478,PDG REALTY S.A. EMPREEND E PARTICIPACOES,2018,2018-12-31,2019-04-03,81992,historical_ibov
20478,PDG REALTY S.A. EMPREEND E PARTICIPACOES,2019,2019-12-31,2020-03-30,92016,historical_ibov
20478,PDG REALTY S.A. EMPREEND E PARTICIPACOES,2020,2020-12-31,2021-03-30,102449,historical_ibov
20478,PDG REALTY S.A. EMPREEND E PARTICIPACOES,2021,2021-12-31,2022-03-25,113027,historical_ibov
20478,PDG REALTY S.A. EMPREEND E PARTICIPACOES,2022,2022-12-31,2023-10-26,131625,historical_ibov
20478,PDG REALTY S.A. EMPREEND E PARTICIPACOES,2023,2023-12-31,2024-03-28,135377,historical_ibov
20478,PDG REALTY S.A. EMPREEND E PARTICIPACOES,2024,2024-12-31,2025-03-31,146046,historical_ibov
9512,PETROLEO BRASILEIRO S.A. PETROBRAS,2015,2015-12-31,2016-03-21,54255,current_ibov
9512,PETROLEO BRASILEIRO S.A. PETROBRAS,2016,2016-12-31,2017-03-24,63571,current_ibov
9512,PETROLEO BRASILEIRO S.A. PETROBRAS,2017,2017-12-31,2018-03-16,72346,current_ibov
9512,PETROLEO BRASILEIRO S.A. PETROBRAS,2018,2018-12-31,2019-02-27,80929,current_ibov
9512,PETROLEO BRASILEIRO S.A. PETROBRAS,2019,2019-12-31,2020-02-19,91100,current_ibov
9512,PETROLEO BRASILEIRO S.A. PETROBRAS,2020,2020-12-31,2021-03-22,102142,current_ibov
9512,PETROLEO BRASILEIRO S.A. PETROBRAS,2021,2021-12-31,2022-02-23,112007,current_ibov
9512,PETROLEO BRASILEIRO S.A. PETROBRAS,2022,2022-12-31,2023-03-02,123817,current_ibov
9512,PETROLEO BRASILEIRO S.A. PETROBRAS,2023,2023-12-31,2024-03-25,135086,current_ibov
9512,PETROLEO BRASILEIRO S.A. PETROBRAS,2024,2024-12-31,2025-02-26,145077,current_ibov
25780,PETRORECÔNCAVO S.A.,2020,2020-12-31,2021-02-26,100511,current_ibov
25780,PETRORECÔNCAVO S.A.,2021,2021-12-31,2022-06-02,116810,current_ibov
25780,PETRORECÔNCAVO S.A.,2022,2022-12-31,2023-03-22,124482,current_ibov
25780,PETRORECÔNCAVO S.A.,2023,2023-12-31,2024-03-05,134467,current_ibov
25780,PETRORECÔNCAVO S.A.,2024,2024-12-31,2025-03-19,145562,current_ibov
20362,POSITIVO TECNOLOGIA S.A.,2015,2015-12-31,2016-03-23,54390,historical_ibov
20362,POSITIVO TECNOLOGIA S.A.,2016,2016-12-31,2017-03-16,63234,historical_ibov
20362,POSITIVO TECNOLOGIA S.A.,2017,2017-12-31,2018-03-14,72280,historical_ibov
20362,POSITIVO TECNOLOGIA S.A.,2018,2018-12-31,2019-03-27,81611,historical_ibov
20362,POSITIVO TECNOLOGIA S.A.,2019,2019-12-31,2020-03-04,91367,historical_ibov
20362,POSITIVO TECNOLOGIA S.A.,2020,2020-12-31,2021-03-17,101012,historical_ibov
20362,POSITIVO TECNOLOGIA S.A.,2021,2021-12-31,2022-03-30,113274,historical_ibov
20362,POSITIVO TECNOLOGIA S.A.,2022,2022-12-31,2023-03-21,124427,historical_ibov
20362,POSITIVO TECNOLOGIA S.A.,2023,2023-12-31,2024-03-21,134942,historical_ibov
20362,POSITIVO TECNOLOGIA S.A.,2024,2024-12-31,2025-03-19,145551,historical_ibov
22187,PRIO S.A.,2015,2015-12-31,2016-03-23,54391,current_ibov
22187,PRIO S.A.,2016,2016-12-31,2017-03-28,63696,current_ibov
22187,PRIO S.A.,2017,2017-12-31,2020-11-03,98008,current_ibov
22187,PRIO S.A.,2018,2018-12-31,2019-03-11,81123,current_ibov
22187,PRIO S.A.,2019,2019-12-31,2020-08-28,96590,current_ibov
22187,PRIO S.A.,2020,2020-12-31,2021-03-02,100581,current_ibov
22187,PRIO S.A.,2021,2021-12-31,2022-02-15,111782,current_ibov
22187,PRIO S.A.,2022,2022-12-31,2023-03-01,123803,current_ibov
22187,PRIO S.A.,2023,2023-12-31,2024-03-08,134591,current_ibov
22187,PRIO S.A.,2024,2024-12-31,2025-03-13,145387,current_ibov
5258,RAIA DROGASIL S.A.,2015,2015-12-31,2016-02-18,53458,current_ibov
5258,RAIA DROGASIL S.A.,2016,2016-12-31,2017-02-16,62573,current_ibov
5258,RAIA DROGASIL S.A.,2017,2017-12-31,2018-02-22,71699,current_ibov
5258,RAIA DROGASIL S.A.,2018,2018-12-31,2019-02-26,80909,current_ibov
5258,RAIA DROGASIL S.A.,2019,2019-12-31,2020-02-19,91098,current_ibov
5258,RAIA DROGASIL S.A.,2020,2020-12-31,2021-03-09,100794,current_ibov
5258,RAIA DROGASIL S.A.,2021,2021-12-31,2022-02-22,111945,current_ibov
5258,RAIA DROGASIL S.A.,2022,2022-12-31,2023-03-07,123943,current_ibov
5258,RAIA DROGASIL S.A.,2023,2023-12-31,2024-03-05,134465,current_ibov
5258,RAIA DROGASIL S.A.,2024,2024-12-31,2025-03-20,145584,current_ibov
25917,RAÍZEN S.A.,2020,2020-03-31,2021-03-16,100975,historical_ibov
25917,RAÍZEN S.A.,2021,2021-03-31,2021-05-31,105560,historical_ibov
25917,RAÍZEN S.A.,2022,2022-03-31,2022-05-13,115219,historical_ibov
25917,RAÍZEN S.A.,2023,2023-03-31,2023-05-12,126609,historical_ibov
25917,RAÍZEN S.A.,2024,2024-03-31,2024-05-13,137210,historical_ibov
24821,REDE D'OR SÃO LUIZ S.A.,2018,2018-12-31,2020-11-15,98605,current_ibov
24821,REDE D'OR SÃO LUIZ S.A.,2019,2019-12-31,2020-11-16,98628,current_ibov
24821,REDE D'OR SÃO LUIZ S.A.,2020,2020-12-31,2021-02-24,100425,current_ibov
24821,REDE D'OR SÃO LUIZ S.A.,2021,2021-12-31,2022-03-29,113201,current_ibov
24821,REDE D'OR SÃO LUIZ S.A.,2022,2022-12-31,2023-03-27,124654,current_ibov
24821,REDE D'OR SÃO LUIZ S.A.,2023,2023-12-31,2024-03-26,135176,current_ibov
24821,REDE D'OR SÃO LUIZ S.A.,2024,2024-12-31,2025-03-10,145268,current_ibov
16306,ROSSI RESIDENCIAL S.A. - EM RECUPERAÇÃO JUDICIAL,2015,2015-12-31,2016-03-30,54779,historical_ibov
16306,ROSSI RESIDENCIAL S.A. - EM RECUPERAÇÃO JUDICIAL,2016,2016-12-31,2017-03-23,63491,historical_ibov
16306,ROSSI RESIDENCIAL S.A. - EM RECUPERAÇÃO JUDICIAL,2017,2017-12-31,2018-03-26,72691,historical_ibov
16306,ROSSI RESIDENCIAL S.A. - EM RECUPERAÇÃO JUDICIAL,2018,2018-12-31,2019-03-27,81617,historical_ibov
16306,ROSSI RESIDENCIAL S.A. - EM RECUPERAÇÃO JUDICIAL,2019,2019-12-31,2020-03-18,91648,historical_ibov
16306,ROSSI RESIDENCIAL S.A. - EM RECUPERAÇÃO JUDICIAL,2020,2020-12-31,2021-03-17,101020,historical_ibov
16306,ROSSI RESIDENCIAL S.A. - EM RECUPERAÇÃO JUDICIAL,2021,2021-12-31,2022-03-16,112602,historical_ibov
16306,ROSSI RESIDENCIAL S.A. - EM RECUPERAÇÃO JUDICIAL,2022,2022-12-31,2023-09-29,131194,historical_ibov
16306,ROSSI RESIDENCIAL S.A. - EM RECUPERAÇÃO JUDICIAL,2023,2023-12-31,2024-06-24,139224,historical_ibov
16306,ROSSI RESIDENCIAL S.A. - EM RECUPERAÇÃO JUDICIAL,2024,2024-12-31,2026-03-26,155732,historical_ibov
17450,RUMO S.A.,2015,2015-12-31,2016-03-30,54674,current_ibov
17450,RUMO S.A.,2016,2016-12-31,2017-02-20,62624,current_ibov
17450,RUMO S.A.,2017,2017-12-31,2018-02-27,71838,current_ibov
17450,RUMO S.A.,2018,2018-12-31,2019-02-13,80645,current_ibov
17450,RUMO S.A.,2019,2019-12-31,2020-02-13,90947,current_ibov
17450,RUMO S.A.,2020,2020-12-31,2021-06-01,105707,current_ibov
17450,RUMO S.A.,2021,2021-12-31,2022-02-17,111861,current_ibov
17450,RUMO S.A.,2022,2022-12-31,2023-02-15,123564,current_ibov
17450,RUMO S.A.,2023,2023-12-31,2024-03-27,135221,current_ibov
17450,RUMO S.A.,2024,2024-12-31,2025-02-20,144902,current_ibov
17892,SANTOS BRASIL PARTICIPACOES S.A.,2015,2015-12-31,2016-03-09,53956,historical_ibov
17892,SANTOS BRASIL PARTICIPACOES S.A.,2016,2016-12-31,2017-02-15,62550,historical_ibov
17892,SANTOS BRASIL PARTICIPACOES S.A.,2017,2017-12-31,2018-06-18,75944,historical_ibov
17892,SANTOS BRASIL PARTICIPACOES S.A.,2018,2018-12-31,2019-02-21,80819,historical_ibov
17892,SANTOS BRASIL PARTICIPACOES S.A.,2019,2019-12-31,2020-03-05,91395,historical_ibov
17892,SANTOS BRASIL PARTICIPACOES S.A.,2020,2020-12-31,2021-03-08,100762,historical_ibov
17892,SANTOS BRASIL PARTICIPACOES S.A.,2021,2021-12-31,2022-03-10,112430,historical_ibov
17892,SANTOS BRASIL PARTICIPACOES S.A.,2022,2022-12-31,2023-11-29,132843,historical_ibov
17892,SANTOS BRASIL PARTICIPACOES S.A.,2023,2023-12-31,2024-03-20,134918,historical_ibov
17892,SANTOS BRASIL PARTICIPACOES S.A.,2024,2024-12-31,2025-02-20,144905,historical_ibov
20516,SAO MARTINHO S.A.,2015,2015-03-31,2015-07-08,48989,historical_ibov
20516,SAO MARTINHO S.A.,2016,2016-03-31,2016-06-06,57586,historical_ibov
20516,SAO MARTINHO S.A.,2017,2017-03-31,2017-06-26,66917,historical_ibov
20516,SAO MARTINHO S.A.,2018,2018-03-31,2018-06-25,76061,historical_ibov
20516,SAO MARTINHO S.A.,2019,2019-03-31,2019-06-24,85121,historical_ibov
20516,SAO MARTINHO S.A.,2020,2020-03-31,2020-06-29,94440,historical_ibov
20516,SAO MARTINHO S.A.,2021,2021-03-31,2021-06-21,106077,historical_ibov
20516,SAO MARTINHO S.A.,2022,2022-03-31,2022-06-20,117070,historical_ibov
20516,SAO MARTINHO S.A.,2023,2023-03-31,2023-06-19,128513,historical_ibov
20516,SAO MARTINHO S.A.,2024,2024-03-31,2024-06-17,139142,historical_ibov
25372,SENDAS DISTRIBUIDORA S.A.,2019,2019-12-31,2021-02-02,99878,current_ibov
25372,SENDAS DISTRIBUIDORA S.A.,2020,2020-12-31,2021-03-01,100574,current_ibov
25372,SENDAS DISTRIBUIDORA S.A.,2021,2021-12-31,2022-02-21,111903,current_ibov
25372,SENDAS DISTRIBUIDORA S.A.,2022,2022-12-31,2023-02-15,123557,current_ibov
25372,SENDAS DISTRIBUIDORA S.A.,2023,2023-12-31,2024-02-21,134159,current_ibov
25372,SENDAS DISTRIBUIDORA S.A.,2024,2024-12-31,2025-02-20,144897,current_ibov
20745,SLC AGRICOLA S.A.,2015,2015-12-31,2016-03-09,53951,current_ibov
20745,SLC AGRICOLA S.A.,2016,2016-12-31,2017-03-27,63591,current_ibov
20745,SLC AGRICOLA S.A.,2017,2017-12-31,2018-03-07,72071,current_ibov
20745,SLC AGRICOLA S.A.,2018,2018-12-31,2019-03-13,81179,current_ibov
20745,SLC AGRICOLA S.A.,2019,2019-12-31,2020-03-26,91857,current_ibov
20745,SLC AGRICOLA S.A.,2020,2020-12-31,2021-03-17,101024,current_ibov
20745,SLC AGRICOLA S.A.,2021,2021-12-31,2022-03-15,112563,current_ibov
20745,SLC AGRICOLA S.A.,2022,2022-12-31,2023-03-31,124878,current_ibov
20745,SLC AGRICOLA S.A.,2023,2023-12-31,2024-04-12,135676,current_ibov
20745,SLC AGRICOLA S.A.,2024,2024-12-31,2025-03-25,145742,current_ibov
24260,SMARTFIT ESCOLA DE GINÁSTICA E DANÇA S.A.,2016,2016-12-31,2018-05-30,75642,current_ibov
24260,SMARTFIT ESCOLA DE GINÁSTICA E DANÇA S.A.,2017,2017-12-31,2018-05-30,75645,current_ibov
24260,SMARTFIT ESCOLA DE GINÁSTICA E DANÇA S.A.,2018,2018-12-31,2019-03-30,81919,current_ibov
24260,SMARTFIT ESCOLA DE GINÁSTICA E DANÇA S.A.,2019,2019-12-31,2020-04-03,92226,current_ibov
24260,SMARTFIT ESCOLA DE GINÁSTICA E DANÇA S.A.,2020,2020-12-31,2021-03-25,102210,current_ibov
24260,SMARTFIT ESCOLA DE GINÁSTICA E DANÇA S.A.,2021,2021-12-31,2022-03-17,112627,current_ibov
24260,SMARTFIT ESCOLA DE GINÁSTICA E DANÇA S.A.,2022,2022-12-31,2023-05-30,127471,current_ibov
24260,SMARTFIT ESCOLA DE GINÁSTICA E DANÇA S.A.,2023,2023-12-31,2024-03-14,134731,current_ibov
24260,SMARTFIT ESCOLA DE GINÁSTICA E DANÇA S.A.,2024,2024-12-31,2025-03-13,145357,current_ibov
24252,SMILES FIDELIDADE S.A.,2016,2016-12-31,2017-10-13,69097,historical_ibov
24252,SMILES FIDELIDADE S.A.,2017,2017-12-31,2018-02-27,71844,historical_ibov
24252,SMILES FIDELIDADE S.A.,2018,2018-12-31,2019-02-14,80679,historical_ibov
24252,SMILES FIDELIDADE S.A.,2019,2019-12-31,2020-02-18,91054,historical_ibov
24252,SMILES FIDELIDADE S.A.,2020,2020-12-31,2021-03-08,100764,historical_ibov
23140,SMILES S.A.,2015,2015-12-31,2016-02-29,53723,historical_ibov
23140,SMILES S.A.,2016,2016-12-31,2017-02-15,62545,historical_ibov
13986,SUZANO S.A.,2015,2015-12-31,2016-02-19,53473,current_ibov
13986,SUZANO S.A.,2016,2016-12-31,2017-02-08,62391,current_ibov
13986,SUZANO S.A.,2017,2017-12-31,2018-02-09,71458,current_ibov
13986,SUZANO S.A.,2018,2018-12-31,2019-02-21,80820,current_ibov
13986,SUZANO S.A.,2019,2019-12-31,2020-02-12,90915,current_ibov
13986,SUZANO S.A.,2020,2020-12-31,2021-02-10,100089,current_ibov
13986,SUZANO S.A.,2021,2021-12-31,2022-02-09,111671,current_ibov
13986,SUZANO S.A.,2022,2022-12-31,2023-02-28,123757,current_ibov
13986,SUZANO S.A.,2023,2023-12-31,2024-02-28,134318,current_ibov
13986,SUZANO S.A.,2024,2024-12-31,2025-02-12,144744,current_ibov
17671,TELEFÔNICA BRASIL S.A,2015,2015-12-31,2016-02-24,53605,current_ibov
17671,TELEFÔNICA BRASIL S.A,2016,2016-12-31,2017-02-21,62682,current_ibov
17671,TELEFÔNICA BRASIL S.A,2017,2017-12-31,2018-02-21,71637,current_ibov
17671,TELEFÔNICA BRASIL S.A,2018,2018-12-31,2019-02-20,80760,current_ibov
17671,TELEFÔNICA BRASIL S.A,2019,2019-12-31,2020-02-19,91063,current_ibov
17671,TELEFÔNICA BRASIL S.A,2020,2020-12-31,2021-02-23,100383,current_ibov
17671,TELEFÔNICA BRASIL S.A,2021,2021-12-31,2022-02-22,111940,current_ibov
17671,TELEFÔNICA BRASIL S.A,2022,2022-12-31,2023-02-17,123623,current_ibov
17671,TELEFÔNICA BRASIL S.A,2023,2023-12-31,2024-02-20,134135,current_ibov
17671,TELEFÔNICA BRASIL S.A,2024,2024-12-31,2025-02-25,145006,current_ibov
24929,TIM S.A.,2018,2018-12-31,2020-01-30,88961,current_ibov
24929,TIM S.A.,2019,2019-12-31,2020-03-06,91425,current_ibov
24929,TIM S.A.,2020,2020-12-31,2021-02-09,100058,current_ibov
24929,TIM S.A.,2021,2021-12-31,2022-02-25,112106,current_ibov
24929,TIM S.A.,2022,2022-12-31,2023-02-09,123456,current_ibov
24929,TIM S.A.,2023,2023-12-31,2024-02-06,133877,current_ibov
24929,TIM S.A.,2024,2024-12-31,2025-02-10,144695,current_ibov
19992,TOTVS S.A.,2015,2015-12-31,2016-03-16,54126,current_ibov
19992,TOTVS S.A.,2016,2016-12-31,2017-02-22,62713,current_ibov
19992,TOTVS S.A.,2017,2017-12-31,2018-02-07,71390,current_ibov
19992,TOTVS S.A.,2018,2018-12-31,2019-02-13,80641,current_ibov
19992,TOTVS S.A.,2019,2019-12-31,2020-02-12,90914,current_ibov
19992,TOTVS S.A.,2020,2020-12-31,2022-02-16,111812,current_ibov
19992,TOTVS S.A.,2021,2021-12-31,2022-02-16,111818,current_ibov
19992,TOTVS S.A.,2022,2022-12-31,2023-02-14,123527,current_ibov
19992,TOTVS S.A.,2023,2023-12-31,2024-02-07,133904,current_ibov
19992,TOTVS S.A.,2024,2024-12-31,2025-02-12,144748,current_ibov
20257,TRANSMISSORA ALIANÇA DE ENERGIA ELÉTRICA S.A.,2015,2015-12-31,2016-03-14,54034,current_ibov
20257,TRANSMISSORA ALIANÇA DE ENERGIA ELÉTRICA S.A.,2016,2016-12-31,2017-03-10,63089,current_ibov
20257,TRANSMISSORA ALIANÇA DE ENERGIA ELÉTRICA S.A.,2017,2017-12-31,2018-05-17,74904,current_ibov
20257,TRANSMISSORA ALIANÇA DE ENERGIA ELÉTRICA S.A.,2018,2018-12-31,2019-04-11,82172,current_ibov
20257,TRANSMISSORA ALIANÇA DE ENERGIA ELÉTRICA S.A.,2019,2019-12-31,2020-03-12,91546,current_ibov
20257,TRANSMISSORA ALIANÇA DE ENERGIA ELÉTRICA S.A.,2020,2020-12-31,2021-03-03,100641,current_ibov
20257,TRANSMISSORA ALIANÇA DE ENERGIA ELÉTRICA S.A.,2021,2021-12-31,2022-02-18,111877,current_ibov
20257,TRANSMISSORA ALIANÇA DE ENERGIA ELÉTRICA S.A.,2022,2022-12-31,2023-03-15,124208,current_ibov
20257,TRANSMISSORA ALIANÇA DE ENERGIA ELÉTRICA S.A.,2023,2023-12-31,2024-03-06,134502,current_ibov
20257,TRANSMISSORA ALIANÇA DE ENERGIA ELÉTRICA S.A.,2024,2024-12-31,2025-03-18,145522,current_ibov
18465,ULTRAPAR PARTICIPACOES S.A.,2015,2015-12-31,2016-02-17,53442,current_ibov
18465,ULTRAPAR PARTICIPACOES S.A.,2016,2016-12-31,2017-02-22,62729,current_ibov
18465,ULTRAPAR PARTICIPACOES S.A.,2017,2017-12-31,2018-02-21,71663,current_ibov
18465,ULTRAPAR PARTICIPACOES S.A.,2018,2018-12-31,2019-02-20,80786,current_ibov
18465,ULTRAPAR PARTICIPACOES S.A.,2019,2019-12-31,2020-03-16,91597,current_ibov
18465,ULTRAPAR PARTICIPACOES S.A.,2020,2020-12-31,2021-02-25,100462,current_ibov
18465,ULTRAPAR PARTICIPACOES S.A.,2021,2021-12-31,2022-02-25,112109,current_ibov
18465,ULTRAPAR PARTICIPACOES S.A.,2022,2022-12-31,2023-02-15,123567,current_ibov
18465,ULTRAPAR PARTICIPACOES S.A.,2023,2023-12-31,2024-02-28,134329,current_ibov
18465,ULTRAPAR PARTICIPACOES S.A.,2024,2024-12-31,2025-02-26,145073,current_ibov
14320,USINAS SID DE MINAS GERAIS S.A.-USIMINAS,2015,2015-12-31,2016-02-18,53450,current_ibov
14320,USINAS SID DE MINAS GERAIS S.A.-USIMINAS,2016,2016-12-31,2017-02-17,62585,current_ibov
14320,USINAS SID DE MINAS GERAIS S.A.-USIMINAS,2017,2017-12-31,2018-02-09,71440,current_ibov
14320,USINAS SID DE MINAS GERAIS S.A.-USIMINAS,2018,2018-12-31,2019-02-15,80692,current_ibov
14320,USINAS SID DE MINAS GERAIS S.A.-USIMINAS,2019,2019-12-31,2020-02-14,90949,current_ibov
14320,USINAS SID DE MINAS GERAIS S.A.-USIMINAS,2020,2020-12-31,2021-02-12,100148,current_ibov
14320,USINAS SID DE MINAS GERAIS S.A.-USIMINAS,2021,2021-12-31,2022-02-11,111713,current_ibov
14320,USINAS SID DE MINAS GERAIS S.A.-USIMINAS,2022,2022-12-31,2023-02-10,123467,current_ibov
14320,USINAS SID DE MINAS GERAIS S.A.-USIMINAS,2023,2023-12-31,2025-01-16,144312,current_ibov
14320,USINAS SID DE MINAS GERAIS S.A.-USIMINAS,2024,2024-12-31,2025-02-14,144777,current_ibov
4170,VALE S.A.,2015,2015-12-31,2016-02-25,53612,current_ibov
4170,VALE S.A.,2016,2016-12-31,2017-02-23,62733,current_ibov
4170,VALE S.A.,2017,2017-12-31,2018-02-27,71834,current_ibov
4170,VALE S.A.,2018,2018-12-31,2019-04-18,82269,current_ibov
4170,VALE S.A.,2019,2019-12-31,2020-03-02,91294,current_ibov
4170,VALE S.A.,2020,2020-12-31,2021-02-25,100475,current_ibov
4170,VALE S.A.,2021,2021-12-31,2022-02-24,112054,current_ibov
4170,VALE S.A.,2022,2022-12-31,2023-02-16,123591,current_ibov
4170,VALE S.A.,2023,2023-12-31,2024-02-22,134200,current_ibov
4170,VALE S.A.,2024,2024-12-31,2025-03-17,145455,current_ibov
24716,"VAMOS LOCAÇÃO DE CAMINHÕES, MÁQUINAS E EQUIPAMENTOS S.A.",2018,2018-12-31,2019-04-24,80868,current_ibov
24716,"VAMOS LOCAÇÃO DE CAMINHÕES, MÁQUINAS E EQUIPAMENTOS S.A.",2019,2019-12-31,2020-01-31,90678,current_ibov
24716,"VAMOS LOCAÇÃO DE CAMINHÕES, MÁQUINAS E EQUIPAMENTOS S.A.",2020,2020-12-31,2021-02-25,100435,current_ibov
24716,"VAMOS LOCAÇÃO DE CAMINHÕES, MÁQUINAS E EQUIPAMENTOS S.A.",2021,2021-12-31,2022-02-17,111855,current_ibov
24716,"VAMOS LOCAÇÃO DE CAMINHÕES, MÁQUINAS E EQUIPAMENTOS S.A.",2022,2022-12-31,2023-02-13,123501,current_ibov
24716,"VAMOS LOCAÇÃO DE CAMINHÕES, MÁQUINAS E EQUIPAMENTOS S.A.",2023,2023-12-31,2024-03-18,134848,current_ibov
24716,"VAMOS LOCAÇÃO DE CAMINHÕES, MÁQUINAS E EQUIPAMENTOS S.A.",2024,2024-12-31,2025-03-28,145913,current_ibov
24295,VIBRA ENERGIA S/A,2016,2016-12-31,2017-12-14,70481,current_ibov
24295,VIBRA ENERGIA S/A,2017,2017-12-31,2018-03-16,72366,current_ibov
24295,VIBRA ENERGIA S/A,2018,2018-12-31,2019-02-26,80878,current_ibov
24295,VIBRA ENERGIA S/A,2019,2019-12-31,2020-03-12,91512,current_ibov
24295,VIBRA ENERGIA S/A,2020,2020-12-31,2021-03-09,100792,current_ibov
24295,VIBRA ENERGIA S/A,2021,2021-12-31,2022-03-22,112824,current_ibov
24295,VIBRA ENERGIA S/A,2022,2022-12-31,2023-03-21,124423,current_ibov
24295,VIBRA ENERGIA S/A,2023,2023-12-31,2024-03-04,134433,current_ibov
24295,VIBRA ENERGIA S/A,2024,2024-12-31,2025-02-24,144972,current_ibov
24805,VIVARA PARTICIPAÇÕES S.A.,2019,2019-12-31,2020-03-23,91745,current_ibov
24805,VIVARA PARTICIPAÇÕES S.A.,2020,2020-12-31,2021-03-17,101032,current_ibov
24805,VIVARA PARTICIPAÇÕES S.A.,2021,2021-12-31,2022-03-17,112662,current_ibov
24805,VIVARA PARTICIPAÇÕES S.A.,2022,2022-12-31,2023-03-16,124253,current_ibov
24805,VIVARA PARTICIPAÇÕES S.A.,2023,2023-12-31,2024-03-20,134923,current_ibov
24805,VIVARA PARTICIPAÇÕES S.A.,2024,2024-12-31,2025-03-18,145515,current_ibov
5410,WEG S.A.,2015,2015-12-31,2016-02-24,53579,current_ibov
5410,WEG S.A.,2016,2016-12-31,2017-02-22,62688,current_ibov
5410,WEG S.A.,2017,2017-12-31,2018-02-28,71853,current_ibov
5410,WEG S.A.,2018,2018-12-31,2019-04-10,82128,current_ibov
5410,WEG S.A.,2019,2019-12-31,2020-02-19,91065,current_ibov
5410,WEG S.A.,2020,2020-12-31,2021-02-24,100392,current_ibov
5410,WEG S.A.,2021,2021-12-31,2022-02-16,111794,current_ibov
5410,WEG S.A.,2022,2022-12-31,2023-02-15,123532,current_ibov
5410,WEG S.A.,2023,2023-12-31,2024-02-21,134151,current_ibov
5410,WEG S.A.,2024,2024-12-31,2025-02-26,145023,current_ibov
21016,YDUQS PARTICIPACOES S.A.,2015,2015-12-31,2016-03-10,54001,current_ibov
21016,YDUQS PARTICIPACOES S.A.,2016,2016-12-31,2017-03-16,63235,current_ibov
21016,YDUQS PARTICIPACOES S.A.,2017,2017-12-31,2018-03-15,72335,current_ibov
21016,YDUQS PARTICIPACOES S.A.,2018,2018-12-31,2019-03-14,81225,current_ibov
21016,YDUQS PARTICIPACOES S.A.,2019,2019-12-31,2020-03-23,91730,current_ibov
21016,YDUQS PARTICIPACOES S.A.,2020,2020-12-31,2021-03-17,101023,current_ibov
21016,YDUQS PARTICIPACOES S.A.,2021,2021-12-31,2022-03-15,112551,current_ibov
21016,YDUQS PARTICIPACOES S.A.,2022,2022-12-31,2023-03-15,124190,current_ibov
21016,YDUQS PARTICIPACOES S.A.,2023,2023-12-31,2024-03-14,134739,current_ibov
21016,YDUQS PARTICIPACOES S.A.,2024,2024-12-31,2025-04-24,146505,current_ibov
