CD_CVM,ANO,ID_DOC,new_tier
002437,2010,15148,largest_attachment_fallback
002437,2011,16247,largest_attachment_fallback
002437,2012,26089,largest_attachment_fallback
002437,2014,45901,largest_attachment_fallback_content_filtered
002437,2015,54894,largest_attachment_fallback
002437,2016,63647,largest_attachment_fallback
002437,2017,72695,largest_attachment_fallback
002437,2018,81620,largest_attachment_fallback_content_filtered
002437,2019,91942,largest_attachment_fallback_content_filtered
002437,2020,102103,largest_attachment_fallback_content_filtered
002453,2010,6653,largest_attachment_fallback
002453,2011,15488,largest_attachment_fallback
002453,2012,26149,largest_attachment_fallback
002453,2013,36107,largest_attachment_fallback
002453,2014,45347,largest_attachment_fallback
002453,2015,60912,largest_attachment_fallback
002453,2016,64232,largest_attachment_fallback
002453,2017,72887,largest_attachment_fallback
002453,2018,81934,largest_attachment_fallback
002453,2019,92147,largest_attachment_fallback
002453,2020,102461,largest_attachment_fallback
002461,2010,6066,largest_attachment_fallback
002461,2011,15958,largest_attachment_fallback
002461,2012,26277,largest_attachment_fallback
002461,2013,35863,largest_attachment_fallback
002461,2014,45410,largest_attachment_fallback
002461,2015,54595,largest_attachment_fallback
002461,2016,64219,largest_attachment_fallback
002461,2017,73303,largest_attachment_fallback
002461,2018,82258,largest_attachment_fallback
002461,2019,91907,largest_attachment_fallback
002461,2020,100924,largest_attachment_fallback
002461,2025,155548,largest_attachment_fallback
002577,2010,6343,largest_attachment_fallback
002577,2011,15266,largest_attachment_fallback
002577,2012,25195,largest_attachment_fallback
002577,2013,35426,largest_attachment_fallback
002577,2014,45412,largest_attachment_fallback
002577,2015,54446,largest_attachment_fallback
002577,2016,63564,largest_attachment_fallback
002577,2017,72487,largest_attachment_fallback
002577,2018,81455,largest_attachment_fallback
002577,2019,91018,largest_attachment_fallback
002577,2020,102348,largest_attachment_fallback
003980,2010,5129,largest_attachment_fallback
003980,2011,14379,largest_attachment_fallback
003980,2012,24388,largest_attachment_fallback
003980,2013,34726,largest_attachment_fallback
003980,2014,44714,largest_attachment_fallback
003980,2015,54055,largest_attachment_fallback
003980,2016,62693,largest_attachment_fallback
003980,2017,71859,largest_attachment_fallback
003980,2018,80788,largest_attachment_fallback
003980,2019,91066,largest_attachment_fallback_content_filtered
003980,2020,100393,largest_attachment_fallback
004030,2010,5742,largest_attachment_fallback
004030,2011,15383,largest_attachment_fallback
004030,2012,25741,largest_attachment_fallback
004030,2013,34941,largest_attachment_fallback
004030,2014,44924,largest_attachment_fallback
004030,2015,60923,largest_attachment_fallback
004030,2016,69331,largest_attachment_fallback
004030,2017,73192,largest_attachment_fallback
004030,2018,80783,largest_attachment_fallback
004030,2019,91368,largest_attachment_fallback
004030,2020,100354,largest_attachment_fallback_content_filtered
004057,2010,4770,largest_attachment_fallback
004057,2011,14268,largest_attachment_fallback
004057,2012,24155,largest_attachment_fallback
004057,2014,44062,largest_attachment_fallback_content_filtered
004170,2010,4976,largest_attachment_fallback
004170,2011,19475,largest_attachment_fallback
004170,2012,24952,largest_attachment_fallback
004170,2013,35249,largest_attachment_fallback
004170,2014,44296,largest_attachment_fallback
004170,2015,53612,largest_attachment_fallback
004170,2016,62733,largest_attachment_fallback
004170,2017,71834,largest_attachment_fallback
004170,2018,82269,largest_attachment_fallback
004170,2019,91294,largest_attachment_fallback_content_filtered
004170,2020,100475,largest_attachment_fallback
004170,2021,112054,largest_attachment_fallback
004650,2010,4858,largest_attachment_fallback
004650,2011,14355,largest_attachment_fallback
004820,2010,5303,largest_attachment_fallback_content_filtered
004820,2012,24137,largest_attachment_fallback_content_filtered
004820,2013,35243,largest_attachment_fallback
004820,2014,44019,largest_attachment_fallback_content_filtered
004820,2015,53451,largest_attachment_fallback_content_filtered
004820,2016,68264,largest_attachment_fallback
004820,2017,72881,largest_attachment_fallback
004820,2018,81173,largest_attachment_fallback_content_filtered
004820,2019,92224,largest_attachment_fallback
004820,2020,100840,largest_attachment_fallback_content_filtered
004820,2021,112600,largest_attachment_fallback
004820,2022,124488,largest_attachment_fallback
004820,2023,139362,largest_attachment_fallback_content_filtered
004820,2024,145080,largest_attachment_fallback
005258,2010,5053,largest_attachment_fallback
005258,2011,15392,largest_attachment_fallback_content_filtered
005258,2012,25488,largest_attachment_fallback_content_filtered
005258,2013,35254,largest_attachment_fallback_content_filtered
005258,2014,44313,largest_attachment_fallback_content_filtered
005258,2015,53458,largest_attachment_fallback_content_filtered
005258,2016,62573,largest_attachment_fallback_content_filtered
005258,2017,71699,largest_attachment_fallback
005258,2018,80909,largest_attachment_fallback
005258,2019,91098,largest_attachment_fallback
005258,2020,100794,largest_attachment_fallback
005410,2010,4906,largest_attachment_fallback
005410,2011,14329,largest_attachment_fallback
005410,2012,24482,largest_attachment_fallback
005410,2013,34835,largest_attachment_fallback
005410,2014,44241,largest_attachment_fallback
005410,2015,53579,largest_attachment_fallback
005410,2016,62688,largest_attachment_fallback
005410,2017,71853,largest_attachment_fallback
005410,2018,82128,largest_attachment_fallback
005410,2019,91065,largest_attachment_fallback
005410,2020,100392,largest_attachment_fallback
006173,2010,6500,largest_attachment_fallback
006173,2011,15473,largest_attachment_fallback_content_filtered
006173,2012,35813,largest_attachment_fallback_content_filtered
006173,2013,35957,largest_attachment_fallback
006173,2014,45572,largest_attachment_fallback_content_filtered
006173,2015,54458,largest_attachment_fallback_content_filtered
006173,2016,63631,largest_attachment_fallback_content_filtered
006173,2017,73090,largest_attachment_fallback_content_filtered
006173,2018,81738,largest_attachment_fallback
006173,2019,91954,largest_attachment_fallback
006173,2020,102069,largest_attachment_fallback
006343,2011,24259,largest_attachment_fallback
006343,2012,25225,largest_attachment_fallback
006343,2013,35073,largest_attachment_fallback
006343,2014,44314,largest_attachment_fallback
006343,2015,53829,largest_attachment_fallback
006343,2016,63698,largest_attachment_fallback
006343,2017,72211,largest_attachment_fallback
006343,2018,81206,largest_attachment_fallback
006343,2019,91325,largest_attachment_fallback
006343,2020,100661,largest_attachment_fallback
006343,2021,113166,largest_attachment_fallback
006343,2022,124648,largest_attachment_fallback
006343,2023,134909,largest_attachment_fallback
006343,2025,155493,largest_attachment_fallback
006505,2010,4930,largest_attachment_fallback
006505,2011,14401,largest_attachment_fallback
006505,2012,24360,largest_attachment_fallback
006505,2013,34524,largest_attachment_fallback
006505,2014,44017,largest_attachment_fallback
006505,2015,58276,largest_attachment_fallback
006505,2016,62732,largest_attachment_fallback
006505,2017,71563,largest_attachment_fallback
006505,2018,80761,largest_attachment_fallback
006505,2019,91841,largest_attachment_fallback
006505,2020,100603,largest_attachment_fallback
006505,2022,124037,largest_attachment_fallback
006505,2023,135112,largest_attachment_fallback
006505,2024,145352,largest_attachment_fallback
007870,2010,5668,largest_attachment_fallback
007870,2011,15031,largest_attachment_fallback
007870,2012,24914,largest_attachment_fallback
007870,2013,35456,largest_attachment_fallback_content_filtered
007870,2014,45143,largest_attachment_fallback_content_filtered
007870,2015,54201,largest_attachment_fallback_content_filtered
007870,2016,63293,largest_attachment_fallback_content_filtered
007870,2017,72609,largest_attachment_fallback
007870,2018,81359,largest_attachment_fallback
007870,2019,100927,largest_attachment_fallback
007870,2020,100419,largest_attachment_fallback
007870,2021,111807,largest_attachment_fallback
008087,2011,14726,largest_attachment_fallback
008087,2012,25008,largest_attachment_fallback_content_filtered
008087,2013,35308,largest_attachment_fallback
008087,2014,45054,largest_attachment_fallback
008087,2015,54128,largest_attachment_fallback
008087,2016,62641,largest_attachment_fallback
008087,2017,72267,largest_attachment_fallback
008087,2018,81383,largest_attachment_fallback_content_filtered
008087,2019,91146,largest_attachment_fallback
008087,2020,100679,largest_attachment_fallback
008133,2010,4793,largest_attachment_fallback
008133,2011,14175,largest_attachment_fallback
008133,2012,24469,largest_attachment_fallback
008133,2013,34705,largest_attachment_fallback
008133,2014,44074,largest_attachment_fallback
008133,2015,53231,largest_attachment_fallback
008133,2016,62430,largest_attachment_fallback
008133,2017,71433,largest_attachment_fallback
008133,2018,80521,largest_attachment_fallback
008133,2019,90801,largest_attachment_fallback
008133,2020,100134,largest_attachment_fallback
008451,2010,4934,largest_attachment_fallback
008451,2011,14567,largest_attachment_fallback
008451,2012,24370,largest_attachment_fallback
008451,2013,34785,largest_attachment_fallback
008451,2014,44201,largest_attachment_fallback
008451,2015,53544,largest_attachment_fallback
008451,2016,62734,largest_attachment_fallback
008451,2017,71666,largest_attachment_fallback
008451,2018,80876,largest_attachment_fallback
008451,2019,91200,largest_attachment_fallback
008451,2020,100437,largest_attachment_fallback
008451,2021,112080,largest_attachment_fallback
008451,2022,123747,largest_attachment_fallback
008451,2023,134272,largest_attachment_fallback
008451,2024,144984,largest_attachment_fallback
008575,2010,5869,largest_attachment_fallback
008575,2011,14879,largest_attachment_fallback
008575,2012,24838,largest_attachment_fallback
008575,2013,35213,largest_attachment_fallback
008575,2014,44994,largest_attachment_fallback
008575,2015,54197,largest_attachment_fallback_content_filtered
008575,2016,63355,largest_attachment_fallback_content_filtered
008575,2017,72409,largest_attachment_fallback_content_filtered
008575,2018,81272,largest_attachment_fallback_content_filtered
008575,2019,92014,largest_attachment_fallback_content_filtered
008575,2020,100934,largest_attachment_fallback
008575,2021,113075,largest_attachment_fallback
008575,2022,124345,largest_attachment_fallback_content_filtered
008575,2023,134608,largest_attachment_fallback
008575,2024,145430,largest_attachment_fallback
008575,2025,155377,largest_attachment_fallback
008656,2010,5131,largest_attachment_fallback
008656,2011,14378,largest_attachment_fallback
008656,2012,24389,largest_attachment_fallback
008656,2013,34728,largest_attachment_fallback
008656,2014,44902,largest_attachment_fallback
008656,2015,54056,largest_attachment_fallback
008656,2016,62694,largest_attachment_fallback
008656,2017,71860,largest_attachment_fallback
008656,2018,80789,largest_attachment_fallback
008656,2019,91067,largest_attachment_fallback
008656,2020,100394,largest_attachment_fallback
008672,2010,9652,largest_attachment_fallback
008672,2011,15701,largest_attachment_fallback
008672,2012,25062,largest_attachment_fallback
008672,2013,35526,largest_attachment_fallback
008672,2014,45483,largest_attachment_fallback
008672,2015,54394,largest_attachment_fallback
008672,2016,63090,largest_attachment_fallback_content_filtered
008672,2017,72282,largest_attachment_fallback
008672,2018,81229,largest_attachment_fallback
008672,2019,91514,largest_attachment_fallback
008672,2020,100876,largest_attachment_fallback_content_filtered
009393,2011,15468,largest_attachment_fallback
009393,2012,24548,largest_attachment_fallback
009393,2013,34877,largest_attachment_fallback
009393,2014,44011,largest_attachment_fallback
009393,2015,53323,largest_attachment_fallback
009393,2016,63919,largest_attachment_fallback
009393,2017,71401,largest_attachment_fallback
009393,2018,80651,largest_attachment_fallback
009393,2019,91596,largest_attachment_fallback
009393,2020,100694,largest_attachment_fallback
009393,2022,124328,largest_attachment_fallback
009393,2024,145419,largest_attachment_fallback
009393,2025,155834,largest_attachment_fallback
009512,2010,5169,largest_attachment_fallback
009512,2011,14307,largest_attachment_fallback
009512,2012,24066,largest_attachment_fallback
009512,2013,34830,largest_attachment_fallback
009512,2014,46133,largest_attachment_fallback
009512,2015,54255,largest_attachment_fallback
009512,2016,63571,largest_attachment_fallback
009512,2017,72346,largest_attachment_fallback
009512,2018,80929,largest_attachment_fallback
009512,2019,91100,largest_attachment_fallback_content_filtered
009512,2020,102142,largest_attachment_fallback_content_filtered
009512,2024,145077,largest_attachment_fallback
009989,2010,9576,largest_attachment_fallback
009989,2011,16309,largest_attachment_fallback
009989,2012,31350,largest_attachment_fallback
009989,2013,62831,largest_attachment_fallback
009989,2014,62835,largest_attachment_fallback
009989,2015,68337,largest_attachment_fallback
009989,2016,64355,largest_attachment_fallback
009989,2017,77828,largest_attachment_fallback
009989,2018,85177,largest_attachment_fallback
009989,2019,93573,largest_attachment_fallback_content_filtered
009989,2020,102432,largest_attachment_fallback
010456,2010,6003,largest_attachment_fallback
010456,2011,23121,largest_attachment_fallback
010456,2012,40224,largest_attachment_fallback
010456,2013,40225,largest_attachment_fallback
010456,2014,44912,largest_attachment_fallback
010456,2015,53857,largest_attachment_fallback
010456,2016,63433,largest_attachment_fallback
010456,2017,71482,largest_attachment_fallback
010456,2018,80705,largest_attachment_fallback
010456,2019,90836,largest_attachment_fallback
010456,2020,100169,largest_attachment_fallback
010456,2021,111978,largest_attachment_fallback
010456,2022,123822,largest_attachment_fallback
010456,2023,134314,largest_attachment_fallback
011312,2010,6058,largest_attachment_fallback
011312,2011,15959,largest_attachment_fallback
011312,2012,26434,largest_attachment_fallback
011312,2013,34636,largest_attachment_fallback
011312,2014,45350,largest_attachment_fallback
011312,2015,54404,largest_attachment_fallback
011312,2016,63441,largest_attachment_fallback
011312,2017,73285,largest_attachment_fallback
011312,2018,81560,largest_attachment_fallback
011312,2019,91839,largest_attachment_fallback
011312,2020,103694,largest_attachment_fallback
011320,2010,6057,largest_attachment_fallback
011320,2011,15829,largest_attachment_fallback
011932,2010,4924,largest_attachment_fallback
011932,2011,14560,largest_attachment_fallback
011932,2012,24541,largest_attachment_fallback
011932,2013,36227,largest_attachment_fallback_content_filtered
011932,2014,44254,largest_attachment_fallback
011932,2015,53644,largest_attachment_fallback
011932,2016,63611,largest_attachment_fallback
011932,2017,71632,largest_attachment_fallback
011932,2018,81112,largest_attachment_fallback
011932,2019,91384,largest_attachment_fallback
011932,2020,100638,largest_attachment_fallback
012653,2010,4933,largest_attachment_fallback
012653,2011,14625,largest_attachment_fallback
012653,2012,24397,largest_attachment_fallback
012653,2013,34485,largest_attachment_fallback
012653,2014,43996,largest_attachment_fallback
012653,2015,53175,largest_attachment_fallback
012653,2016,62409,largest_attachment_fallback
012653,2017,71286,largest_attachment_fallback
012653,2018,80497,largest_attachment_fallback
012653,2019,90777,largest_attachment_fallback
012653,2020,100067,largest_attachment_fallback
012793,2010,5990,largest_attachment_fallback
012793,2011,14058,largest_attachment_fallback
012793,2012,24001,largest_attachment_fallback
012793,2013,34231,largest_attachment_fallback
012793,2014,43680,largest_attachment_fallback
012793,2015,53085,largest_attachment_fallback
012793,2016,62596,largest_attachment_fallback
012793,2017,71239,largest_attachment_fallback
012793,2018,80821,largest_attachment_fallback
013471,2010,5153,largest_attachment_fallback
013471,2011,14701,largest_attachment_fallback
013471,2012,24783,largest_attachment_fallback
013471,2013,35879,largest_attachment_fallback
013471,2014,43844,largest_attachment_fallback
013471,2015,54547,largest_attachment_fallback
013471,2016,63005,largest_attachment_fallback
013471,2017,71373,largest_attachment_fallback
013471,2018,81630,largest_attachment_fallback_content_filtered
013471,2019,91337,largest_attachment_fallback
013471,2020,100644,largest_attachment_fallback
013986,2010,5059,largest_attachment_fallback
013986,2011,15346,largest_attachment_fallback
013986,2012,24853,largest_attachment_fallback
013986,2013,35192,largest_attachment_fallback
013986,2014,44759,largest_attachment_fallback
013986,2015,53473,largest_attachment_fallback
013986,2016,62391,largest_attachment_fallback
013986,2017,71458,largest_attachment_fallback
013986,2018,80820,largest_attachment_fallback
013986,2019,90915,largest_attachment_fallback
013986,2020,100089,largest_attachment_fallback
013986,2024,144744,largest_attachment_fallback
014028,2010,5522,largest_attachment_fallback
014109,2010,5278,largest_attachment_fallback
014109,2011,14566,largest_attachment_fallback
014109,2012,24545,largest_attachment_fallback
014109,2013,36042,largest_attachment_fallback_content_filtered
014109,2014,44934,largest_attachment_fallback_content_filtered
014109,2015,54341,largest_attachment_fallback_content_filtered
014109,2016,63507,largest_attachment_fallback
014109,2017,72238,largest_attachment_fallback
014109,2019,91372,largest_attachment_fallback_content_filtered
014109,2020,100867,largest_attachment_fallback
014176,2010,5478,largest_attachment_fallback
014176,2011,14987,largest_attachment_fallback
014176,2012,24571,largest_attachment_fallback
014176,2013,34849,largest_attachment_fallback
014176,2014,44285,largest_attachment_fallback
014176,2015,53615,largest_attachment_fallback
014176,2016,62809,largest_attachment_fallback
014176,2017,72688,largest_attachment_fallback_content_filtered
014176,2018,80900,largest_attachment_fallback
014176,2019,91136,largest_attachment_fallback
014176,2020,100423,largest_attachment_fallback
014176,2021,112047,largest_attachment_fallback
014176,2022,123711,largest_attachment_fallback
014176,2023,134320,largest_attachment_fallback
014176,2024,145115,largest_attachment_fallback
014311,2010,5889,largest_attachment_fallback
014311,2011,15394,largest_attachment_fallback
014311,2012,25260,largest_attachment_fallback
014311,2013,41476,largest_attachment_fallback
014311,2014,45144,largest_attachment_fallback
014311,2015,54155,largest_attachment_fallback
014311,2016,63723,largest_attachment_fallback
014311,2017,74522,largest_attachment_fallback
014311,2018,81731,largest_attachment_fallback
014311,2019,91838,largest_attachment_fallback
014311,2020,103444,largest_attachment_fallback
014311,2023,134367,largest_attachment_fallback
014311,2024,145117,largest_attachment_fallback
014320,2010,5291,largest_attachment_fallback
014320,2011,14754,largest_attachment_fallback_content_filtered
014320,2012,24647,largest_attachment_fallback
014320,2013,34548,largest_attachment_fallback
014320,2014,44662,largest_attachment_fallback
014320,2015,53450,largest_attachment_fallback
014320,2016,62585,largest_attachment_fallback
014320,2017,71440,largest_attachment_fallback
014320,2018,80692,largest_attachment_fallback
014320,2019,90949,largest_attachment_fallback
014320,2020,100148,largest_attachment_fallback
014320,2023,144312,largest_attachment_fallback
014443,2010,5881,largest_attachment_fallback_content_filtered
014443,2011,15327,largest_attachment_fallback
014443,2012,25223,largest_attachment_fallback
014443,2013,35848,largest_attachment_fallback
014443,2014,45337,largest_attachment_fallback_content_filtered
014443,2015,54474,largest_attachment_fallback_content_filtered
014443,2016,63644,largest_attachment_fallback
014443,2017,72785,largest_attachment_fallback_content_filtered
014443,2018,81733,largest_attachment_fallback
014443,2019,91918,largest_attachment_fallback
014443,2020,102262,largest_attachment_fallback
014460,2010,5876,largest_attachment_fallback
014460,2011,15395,largest_attachment_fallback
014460,2012,25161,largest_attachment_fallback
014460,2013,35386,largest_attachment_fallback
014460,2014,45105,largest_attachment_fallback
014460,2015,54386,largest_attachment_fallback
014460,2016,63477,largest_attachment_fallback
014460,2017,72538,largest_attachment_fallback
014460,2018,81580,largest_attachment_fallback
014460,2019,91667,largest_attachment_fallback
014460,2020,102043,largest_attachment_fallback
014460,2021,112633,largest_attachment_fallback
014460,2022,124242,largest_attachment_fallback
014460,2023,134740,largest_attachment_fallback
014460,2024,145594,largest_attachment_fallback
014621,2010,4830,largest_attachment_fallback
014621,2011,14309,largest_attachment_fallback
014621,2012,24872,largest_attachment_fallback
014621,2013,35334,largest_attachment_fallback
014761,2010,5143,largest_attachment_fallback
014761,2011,14615,largest_attachment_fallback
014761,2012,24394,largest_attachment_fallback
014761,2013,34703,largest_attachment_fallback
014761,2014,44328,largest_attachment_fallback
014761,2015,53643,largest_attachment_fallback
014761,2016,62763,largest_attachment_fallback
014761,2017,71909,largest_attachment_fallback
014761,2018,80981,largest_attachment_fallback
014761,2019,91385,largest_attachment_fallback
014761,2020,100627,largest_attachment_fallback
014826,2010,7730,largest_attachment_fallback
014826,2011,14402,largest_attachment_fallback
014826,2012,24367,largest_attachment_fallback
014826,2013,35298,largest_attachment_fallback
014826,2014,44071,largest_attachment_fallback
014826,2015,58356,largest_attachment_fallback
014826,2016,62966,largest_attachment_fallback
014826,2017,71607,largest_attachment_fallback
014826,2018,81550,largest_attachment_fallback
014826,2019,97921,largest_attachment_fallback_content_filtered
014826,2020,100387,largest_attachment_fallback
014826,2021,111994,largest_attachment_fallback
014826,2022,123740,largest_attachment_fallback
014826,2024,144850,largest_attachment_fallback
015253,2010,5374,largest_attachment_fallback
015253,2011,14870,largest_attachment_fallback
015253,2012,24705,largest_attachment_fallback
015253,2014,45466,largest_attachment_fallback
015253,2015,54302,largest_attachment_fallback
015253,2016,63502,largest_attachment_fallback
015253,2017,72278,largest_attachment_fallback
015253,2018,81388,largest_attachment_fallback
015253,2019,91629,largest_attachment_fallback
015253,2020,102789,largest_attachment_fallback
015253,2021,133648,largest_attachment_fallback
015253,2022,124288,largest_attachment_fallback
015253,2023,134790,largest_attachment_fallback
015253,2024,145509,largest_attachment_fallback
015539,2010,4855,largest_attachment_fallback
015539,2011,14158,largest_attachment_fallback
015539,2012,25234,largest_attachment_fallback
015539,2013,35473,largest_attachment_fallback
015539,2014,70263,largest_attachment_fallback
015539,2015,70264,largest_attachment_fallback
015539,2016,82363,largest_attachment_fallback_content_filtered
015539,2017,82331,largest_attachment_fallback
015539,2018,82332,largest_attachment_fallback
015539,2019,91020,largest_attachment_fallback
015539,2020,100039,largest_attachment_fallback
015539,2023,133915,largest_attachment_fallback_content_filtered
015539,2024,144935,largest_attachment_fallback_content_filtered
015539,2025,154723,largest_attachment_fallback_content_filtered
015636,2010,5566,largest_attachment_fallback
015636,2011,14446,largest_attachment_fallback
015636,2012,26791,largest_attachment_fallback
015636,2013,34820,largest_attachment_fallback
015636,2014,45029,largest_attachment_fallback
015636,2015,53466,largest_attachment_fallback
015636,2016,62548,largest_attachment_fallback
015636,2017,71711,largest_attachment_fallback
015636,2018,80643,largest_attachment_fallback
015636,2019,90958,largest_attachment_fallback
015636,2020,100093,largest_attachment_fallback
015636,2021,111856,largest_attachment_fallback
015636,2022,123598,largest_attachment_fallback
016101,2010,5759,largest_attachment_fallback
016101,2011,16306,largest_attachment_fallback
016101,2012,24844,largest_attachment_fallback
016101,2013,34902,largest_attachment_fallback
016101,2014,44395,largest_attachment_fallback
016101,2015,53837,largest_attachment_fallback
016101,2016,64995,largest_attachment_fallback
016101,2017,72149,largest_attachment_fallback
016101,2018,82002,largest_attachment_fallback
016101,2019,91877,largest_attachment_fallback
016101,2020,101001,largest_attachment_fallback
016292,2010,6508,largest_attachment_fallback
016292,2011,15260,largest_attachment_fallback
016292,2012,24657,largest_attachment_fallback_content_filtered
016292,2013,34932,largest_attachment_fallback_content_filtered
016292,2014,44337,largest_attachment_fallback_content_filtered
016292,2015,53666,largest_attachment_fallback
016292,2016,62776,largest_attachment_fallback_content_filtered
016292,2017,71716,largest_attachment_fallback_content_filtered
016292,2018,80959,largest_attachment_fallback
016292,2019,91306,largest_attachment_fallback
016292,2020,100468,largest_attachment_fallback
016292,2021,111931,largest_attachment_fallback
016306,2010,21664,largest_attachment_fallback
016306,2011,21668,largest_attachment_fallback
016306,2012,25377,largest_attachment_fallback
016306,2013,35672,largest_attachment_fallback
016306,2014,45074,largest_attachment_fallback
016306,2015,54779,largest_attachment_fallback
016306,2016,63491,largest_attachment_fallback
016306,2017,72691,largest_attachment_fallback
016306,2018,81617,largest_attachment_fallback
016306,2019,91648,largest_attachment_fallback_content_filtered
016306,2020,101020,largest_attachment_fallback
016306,2022,131194,largest_attachment_fallback
017329,2010,6427,largest_attachment_fallback
017329,2011,14145,largest_attachment_fallback
017329,2012,24153,largest_attachment_fallback_content_filtered
017329,2013,34713,largest_attachment_fallback
017329,2014,45623,largest_attachment_fallback
017329,2015,53572,largest_attachment_fallback_content_filtered
017329,2016,62765,largest_attachment_fallback
017329,2017,71712,largest_attachment_fallback_all_flagged
017329,2018,80753,largest_attachment_fallback
017329,2019,91118,largest_attachment_fallback_all_flagged
017329,2020,102963,largest_attachment_fallback_content_filtered
017450,2010,6320,largest_attachment_fallback
017450,2011,14699,largest_attachment_fallback
017450,2012,24743,largest_attachment_fallback
017450,2013,34903,largest_attachment_fallback
017450,2014,53759,largest_attachment_fallback
017450,2015,54674,largest_attachment_fallback
017450,2016,62624,largest_attachment_fallback
017450,2017,71838,largest_attachment_fallback_content_filtered
017450,2018,80645,largest_attachment_fallback
017450,2019,90947,largest_attachment_fallback
017450,2020,105707,largest_attachment_fallback
017450,2022,123564,largest_attachment_fallback
017450,2023,135221,largest_attachment_fallback
017450,2024,144902,largest_attachment_fallback
017639,2011,14958,largest_attachment_fallback_content_filtered
017639,2012,24104,largest_attachment_fallback_content_filtered
017639,2013,34545,largest_attachment_fallback
017639,2014,44085,largest_attachment_fallback
017639,2015,53230,largest_attachment_fallback
017639,2016,62286,largest_attachment_fallback
017639,2017,71348,largest_attachment_fallback
017639,2018,80759,largest_attachment_fallback
017639,2019,90896,largest_attachment_fallback
017671,2010,4773,largest_attachment_fallback
017671,2011,14351,largest_attachment_fallback
017671,2012,24426,largest_attachment_fallback
017671,2013,34836,largest_attachment_fallback
017671,2014,44240,largest_attachment_fallback
017671,2015,53605,largest_attachment_fallback
017671,2016,62682,largest_attachment_fallback
017671,2017,71637,largest_attachment_fallback
017671,2018,80760,largest_attachment_fallback
017671,2019,91063,largest_attachment_fallback
017671,2020,100383,largest_attachment_fallback
017671,2021,111940,largest_attachment_fallback
017671,2022,123623,largest_attachment_fallback
017671,2023,134135,largest_attachment_fallback
017671,2024,145006,largest_attachment_fallback
017710,2010,5021,largest_attachment_fallback
017892,2010,4565,largest_attachment_fallback
017892,2011,14078,largest_attachment_fallback
017892,2012,24068,largest_attachment_fallback
017892,2013,34432,largest_attachment_fallback
017892,2014,43953,largest_attachment_fallback
017892,2015,53956,largest_attachment_fallback
017892,2016,62550,largest_attachment_fallback
017892,2017,75944,largest_attachment_fallback
017892,2018,80819,largest_attachment_fallback
017892,2019,91395,largest_attachment_fallback
017892,2020,100762,largest_attachment_fallback
017892,2021,112430,largest_attachment_fallback
017892,2022,132843,largest_attachment_fallback
017892,2023,134918,largest_attachment_fallback
017892,2024,144905,largest_attachment_fallback
017914,2010,5488,largest_attachment_fallback
017914,2011,16094,largest_attachment_fallback
017914,2012,25004,largest_attachment_fallback
017914,2013,35564,largest_attachment_fallback
017914,2014,45626,largest_attachment_fallback
017914,2015,54794,largest_attachment_fallback
017914,2016,63750,largest_attachment_fallback
017914,2017,72870,largest_attachment_fallback
017914,2018,81602,largest_attachment_fallback
017914,2019,92113,largest_attachment_fallback
017914,2020,102721,largest_attachment_fallback
017973,2010,8746,largest_attachment_fallback
017973,2011,15551,largest_attachment_fallback
017973,2012,25077,largest_attachment_fallback
017973,2013,35262,largest_attachment_fallback
017973,2014,46008,largest_attachment_fallback
017973,2015,54054,largest_attachment_fallback
017973,2016,63411,largest_attachment_fallback
017973,2017,72338,largest_attachment_fallback
017973,2018,85096,largest_attachment_fallback
017973,2019,92053,largest_attachment_fallback
017973,2020,102489,largest_attachment_fallback
018112,2010,5110,largest_attachment_fallback
018112,2011,14793,largest_attachment_fallback
018112,2012,24480,largest_attachment_fallback
018350,2010,5577,largest_attachment_fallback
018350,2012,24466,largest_attachment_fallback
018350,2013,34821,largest_attachment_fallback_content_filtered
018350,2014,44287,largest_attachment_fallback
018376,2010,6642,largest_attachment_fallback
018376,2011,15060,largest_attachment_fallback
018376,2012,24462,largest_attachment_fallback
018376,2013,34923,largest_attachment_fallback
018376,2014,44330,largest_attachment_fallback
018376,2015,55192,largest_attachment_fallback
018376,2016,62762,largest_attachment_fallback
018376,2017,71790,largest_attachment_fallback
018376,2018,80990,largest_attachment_fallback
018376,2019,91364,largest_attachment_fallback
018376,2020,100343,largest_attachment_fallback
018376,2024,144965,largest_attachment_fallback
018465,2010,4927,largest_attachment_fallback
018465,2011,14363,largest_attachment_fallback
018465,2012,24368,largest_attachment_fallback
018465,2013,34677,largest_attachment_fallback
018465,2014,44281,largest_attachment_fallback
018465,2015,53442,largest_attachment_fallback
018465,2016,62729,largest_attachment_fallback
018465,2017,71663,largest_attachment_fallback
018465,2018,80786,largest_attachment_fallback
018465,2019,91597,largest_attachment_fallback
018465,2020,100462,largest_attachment_fallback
018465,2023,134329,largest_attachment_fallback
018465,2024,145073,largest_attachment_fallback
018627,2010,5592,largest_attachment_fallback
018627,2011,35851,largest_attachment_fallback
018627,2012,34800,largest_attachment_fallback
018627,2013,34808,largest_attachment_fallback_content_filtered
018627,2014,60081,largest_attachment_fallback
018627,2015,54301,largest_attachment_fallback
018627,2016,62684,largest_attachment_fallback
018627,2017,71362,largest_attachment_fallback_content_filtered
018627,2018,80809,largest_attachment_fallback_content_filtered
018627,2019,90796,largest_attachment_fallback_content_filtered
018627,2020,100129,largest_attachment_fallback_content_filtered
018660,2010,5752,largest_attachment_fallback
018660,2011,14930,largest_attachment_fallback
018660,2012,24909,largest_attachment_fallback
018660,2013,35644,largest_attachment_fallback
018660,2014,45342,largest_attachment_fallback
018660,2015,54212,largest_attachment_fallback
018660,2016,63488,largest_attachment_fallback
018660,2017,72757,largest_attachment_fallback
018660,2018,81697,largest_attachment_fallback
018660,2019,91443,largest_attachment_fallback
018660,2020,102515,largest_attachment_fallback
018660,2021,112650,largest_attachment_fallback
018660,2022,124256,largest_attachment_fallback
018660,2023,134981,largest_attachment_fallback
018660,2024,145056,largest_attachment_fallback
018724,2010,5596,largest_attachment_fallback
018724,2011,15100,largest_attachment_fallback_content_filtered
018724,2012,25064,largest_attachment_fallback_content_filtered
018724,2013,35387,largest_attachment_fallback
018724,2014,45084,largest_attachment_fallback
018724,2015,54217,largest_attachment_fallback_content_filtered
018724,2016,63373,largest_attachment_fallback
018724,2017,72464,largest_attachment_fallback
018724,2018,81696,largest_attachment_fallback
018724,2019,91842,largest_attachment_fallback
018724,2020,102213,largest_attachment_fallback
018724,2021,113117,largest_attachment_fallback
018724,2022,124650,largest_attachment_fallback
018724,2023,135181,largest_attachment_fallback_content_filtered
018724,2024,145726,largest_attachment_fallback_content_filtered
018821,2010,5330,largest_attachment_fallback
018821,2011,14776,largest_attachment_fallback
018821,2012,25009,largest_attachment_fallback
018821,2013,35137,largest_attachment_fallback
018821,2014,45811,largest_attachment_fallback
018821,2015,53651,largest_attachment_fallback
018821,2016,62916,largest_attachment_fallback
018821,2017,71809,largest_attachment_fallback
018821,2018,81414,largest_attachment_fallback
018821,2019,91386,largest_attachment_fallback
018821,2020,100683,largest_attachment_fallback
018961,2010,8548,largest_attachment_fallback
018961,2011,15882,largest_attachment_fallback_content_filtered
018961,2012,25251,largest_attachment_fallback
018961,2013,35221,largest_attachment_fallback_content_filtered
018970,2010,5659,largest_attachment_fallback
018970,2011,15023,largest_attachment_fallback
018970,2012,24572,largest_attachment_fallback
018970,2013,34956,largest_attachment_fallback
018970,2014,44291,largest_attachment_fallback
018970,2015,53577,largest_attachment_fallback
018970,2016,62808,largest_attachment_fallback_content_filtered
018970,2017,71802,largest_attachment_fallback
018970,2018,80910,largest_attachment_fallback
018970,2019,91270,largest_attachment_fallback
018970,2020,100848,largest_attachment_fallback
019445,2010,5323,largest_attachment_fallback
019445,2011,14868,largest_attachment_fallback
019445,2012,24718,largest_attachment_fallback
019445,2013,34244,largest_attachment_fallback
019445,2014,45826,largest_attachment_fallback
019445,2015,54029,largest_attachment_fallback
019445,2016,63037,largest_attachment_fallback
019445,2017,71739,largest_attachment_fallback
019445,2018,80985,largest_attachment_fallback
019445,2019,91684,largest_attachment_fallback
019445,2020,102985,largest_attachment_fallback
019445,2021,116984,largest_attachment_fallback
019445,2023,134977,largest_attachment_fallback
019453,2010,8103,largest_attachment_fallback_content_filtered
019453,2011,15053,largest_attachment_fallback
019453,2012,24951,largest_attachment_fallback
019453,2013,35292,largest_attachment_fallback
019453,2014,45024,largest_attachment_fallback
019453,2015,54087,largest_attachment_fallback
019453,2016,62648,largest_attachment_fallback
019453,2017,71875,largest_attachment_fallback
019453,2018,81212,largest_attachment_fallback
019453,2019,91040,largest_attachment_fallback
019453,2020,100819,largest_attachment_fallback
019453,2021,112982,largest_attachment_fallback_content_filtered
019453,2022,124228,largest_attachment_fallback
019453,2023,134692,largest_attachment_fallback
019453,2024,145479,largest_attachment_fallback
019550,2010,4942,largest_attachment_fallback
019550,2011,14348,largest_attachment_fallback
019550,2012,24134,largest_attachment_fallback
019550,2013,39253,largest_attachment_fallback
019550,2014,44015,largest_attachment_fallback
019550,2015,53441,largest_attachment_fallback
019550,2016,62718,largest_attachment_fallback
019550,2017,72264,largest_attachment_fallback
019550,2018,80968,largest_attachment_fallback
019550,2019,91402,largest_attachment_fallback
019550,2020,102570,largest_attachment_fallback
019550,2021,113131,largest_attachment_fallback
019550,2022,124274,largest_attachment_fallback
019550,2023,134850,largest_attachment_fallback
019550,2024,145393,largest_attachment_fallback
019569,2010,4959,largest_attachment_fallback
019569,2011,19865,largest_attachment_fallback
019569,2012,25431,largest_attachment_fallback
019569,2013,35520,largest_attachment_fallback
019569,2014,45596,largest_attachment_fallback
019569,2015,54661,largest_attachment_fallback
019569,2016,62584,largest_attachment_fallback
019569,2017,72037,largest_attachment_fallback
019569,2018,80954,largest_attachment_fallback
019569,2019,91266,largest_attachment_fallback
019569,2020,101035,largest_attachment_fallback
019615,2010,4980,largest_attachment_fallback_content_filtered
019615,2011,14648,largest_attachment_fallback_content_filtered
019615,2012,24578,largest_attachment_fallback_content_filtered
019615,2013,34532,largest_attachment_fallback_content_filtered
019615,2014,44045,largest_attachment_fallback_content_filtered
019615,2015,53646,largest_attachment_fallback
019615,2016,62569,largest_attachment_fallback
019615,2017,71706,largest_attachment_fallback
019615,2018,80667,largest_attachment_fallback
019615,2019,90955,largest_attachment_fallback
019615,2020,100659,largest_attachment_fallback
019615,2023,134366,largest_attachment_fallback
019615,2025,155103,largest_attachment_fallback
019623,2010,5703,largest_attachment_fallback
019623,2011,15393,largest_attachment_fallback
019623,2012,24839,largest_attachment_fallback
019623,2013,35471,largest_attachment_fallback
019623,2014,45162,largest_attachment_fallback
019623,2015,54381,largest_attachment_fallback
019623,2016,63357,largest_attachment_fallback
019623,2017,72354,largest_attachment_fallback
019623,2018,81214,largest_attachment_fallback
019623,2019,91578,largest_attachment_fallback
019623,2020,100717,largest_attachment_fallback
019623,2021,113140,largest_attachment_fallback
019623,2022,124722,largest_attachment_fallback
019739,2010,5142,largest_attachment_fallback
019739,2011,14940,largest_attachment_fallback_content_filtered
019739,2012,25068,largest_attachment_fallback
019739,2013,35398,largest_attachment_fallback
019739,2014,45167,largest_attachment_fallback
019739,2015,53834,largest_attachment_fallback
019739,2016,62319,largest_attachment_fallback_content_filtered
019739,2017,72263,largest_attachment_fallback_content_filtered
019739,2018,80824,largest_attachment_fallback
019739,2019,91474,largest_attachment_fallback_content_filtered
019739,2020,100482,largest_attachment_fallback
019763,2010,5393,largest_attachment_fallback_content_filtered
019763,2011,14860,largest_attachment_fallback
019763,2012,30020,largest_attachment_fallback
019763,2013,34927,largest_attachment_fallback
019763,2014,44445,largest_attachment_fallback
019763,2015,53798,largest_attachment_fallback
019763,2016,62728,largest_attachment_fallback
019763,2017,72147,largest_attachment_fallback
019763,2018,81087,largest_attachment_fallback
019763,2019,91055,largest_attachment_fallback
019763,2020,103062,largest_attachment_fallback
019763,2022,123741,largest_attachment_fallback
019763,2023,134268,largest_attachment_fallback
019771,2010,9613,largest_attachment_fallback_content_filtered
019771,2011,15250,largest_attachment_fallback
019771,2012,24686,largest_attachment_fallback_content_filtered
019771,2013,34833,largest_attachment_fallback_content_filtered
019771,2014,44339,largest_attachment_fallback
019771,2015,54628,largest_attachment_fallback
019771,2016,63202,largest_attachment_fallback
019771,2017,71721,largest_attachment_fallback
019771,2018,81010,largest_attachment_fallback_content_filtered
019771,2019,91159,largest_attachment_fallback
019771,2020,102739,largest_attachment_fallback
019771,2022,123669,largest_attachment_fallback
019771,2023,137595,largest_attachment_fallback
019771,2024,145096,largest_attachment_fallback
019771,2025,155574,largest_attachment_fallback
019836,2011,9577,largest_attachment_fallback
019836,2012,18623,largest_attachment_fallback_content_filtered
019836,2013,34913,largest_attachment_fallback
019836,2014,45071,largest_attachment_fallback
019836,2015,53472,largest_attachment_fallback
019836,2016,62582,largest_attachment_fallback
019836,2017,72672,largest_attachment_fallback_content_filtered
019836,2018,80687,largest_attachment_fallback
019836,2019,90980,largest_attachment_fallback
019836,2020,100139,largest_attachment_fallback
019836,2021,112025,largest_attachment_fallback
019836,2022,123768,largest_attachment_fallback
019836,2023,138141,largest_attachment_fallback
019836,2024,145271,largest_attachment_fallback
019879,2010,5658,largest_attachment_fallback
019879,2011,14727,largest_attachment_fallback
019879,2012,25265,largest_attachment_fallback_content_filtered
019879,2013,35112,largest_attachment_fallback_content_filtered
019879,2014,44829,largest_attachment_fallback_content_filtered
019879,2015,60681,largest_attachment_fallback_content_filtered
019879,2016,63504,largest_attachment_fallback_content_filtered
019879,2017,72794,largest_attachment_fallback_content_filtered
019879,2018,81727,largest_attachment_fallback
019879,2019,91540,largest_attachment_fallback
019879,2020,102071,largest_attachment_fallback_content_filtered
019879,2021,112964,largest_attachment_fallback
019879,2022,124713,largest_attachment_fallback
019909,2010,21727,largest_attachment_fallback_content_filtered
019909,2011,21729,largest_attachment_fallback_content_filtered
019909,2012,24746,largest_attachment_fallback
019909,2013,35253,largest_attachment_fallback_content_filtered
019909,2014,44919,largest_attachment_fallback_content_filtered
019909,2015,54051,largest_attachment_fallback
019909,2016,63185,largest_attachment_fallback
019909,2017,72384,largest_attachment_fallback
019909,2018,81862,largest_attachment_fallback
019909,2019,91538,largest_attachment_fallback_content_filtered
019909,2020,102775,largest_attachment_fallback_content_filtered
019909,2024,145599,largest_attachment_fallback
019925,2010,5372,largest_attachment_fallback
019925,2011,19623,largest_attachment_fallback
019925,2012,24306,largest_attachment_fallback
019925,2013,34595,largest_attachment_fallback
019925,2014,44050,largest_attachment_fallback
019925,2015,53400,largest_attachment_fallback
019925,2016,66835,largest_attachment_fallback
019925,2017,71365,largest_attachment_fallback
019925,2018,80509,largest_attachment_fallback
019925,2019,91755,largest_attachment_fallback
019925,2020,100345,largest_attachment_fallback
019925,2021,111933,largest_attachment_fallback
019925,2022,123391,largest_attachment_fallback
019992,2010,4506,largest_attachment_fallback
019992,2011,14025,largest_attachment_fallback
019992,2012,23966,largest_attachment_fallback
019992,2013,34227,largest_attachment_fallback
019992,2014,43677,largest_attachment_fallback
019992,2015,54126,largest_attachment_fallback
019992,2016,62713,largest_attachment_fallback
019992,2017,71390,largest_attachment_fallback
019992,2018,80641,largest_attachment_fallback
019992,2019,90914,largest_attachment_fallback
019992,2021,111818,largest_attachment_fallback
019992,2022,123527,largest_attachment_fallback
019992,2023,133904,largest_attachment_fallback
019992,2024,144748,largest_attachment_fallback
020010,2010,22032,largest_attachment_fallback
020010,2011,23012,largest_attachment_fallback
020010,2012,25814,ERROR: File is not a zip file
020010,2013,35098,largest_attachment_fallback
020010,2014,44231,largest_attachment_fallback
020010,2015,68808,largest_attachment_fallback
020010,2016,68809,largest_attachment_fallback
020010,2017,72120,largest_attachment_fallback
020010,2018,82190,largest_attachment_fallback
020010,2019,93389,largest_attachment_fallback_content_filtered
020010,2020,102205,largest_attachment_fallback
020028,2010,5375,largest_attachment_fallback
020028,2011,15205,largest_attachment_fallback
020028,2012,25528,largest_attachment_fallback
020028,2013,35422,largest_attachment_fallback
020028,2014,44748,largest_attachment_fallback
020028,2015,55235,largest_attachment_fallback
020028,2016,63223,largest_attachment_fallback
020028,2017,72181,largest_attachment_fallback
020028,2018,81211,largest_attachment_fallback
020028,2019,91393,largest_attachment_fallback
020028,2020,102772,largest_attachment_fallback
020028,2022,124198,largest_attachment_fallback
020028,2024,145338,largest_attachment_fallback
020060,2010,5099,largest_attachment_fallback
020060,2011,15916,largest_attachment_fallback
020060,2012,25780,largest_attachment_fallback
020060,2014,45471,largest_attachment_fallback
020060,2015,54603,largest_attachment_fallback
020060,2016,63734,largest_attachment_fallback
020060,2017,72566,largest_attachment_fallback
020060,2018,81939,largest_attachment_fallback
020060,2019,91689,largest_attachment_fallback
020060,2020,102106,largest_attachment_fallback
020087,2010,5552,largest_attachment_fallback
020087,2011,15398,largest_attachment_fallback_content_filtered
020087,2012,24875,largest_attachment_fallback
020087,2013,36055,largest_attachment_fallback
020087,2014,44997,largest_attachment_fallback
020087,2015,54195,largest_attachment_fallback_content_filtered
020087,2016,63004,largest_attachment_fallback
020087,2017,72078,largest_attachment_fallback
020087,2018,81183,largest_attachment_fallback_content_filtered
020087,2019,91843,largest_attachment_fallback
020087,2020,102072,largest_attachment_fallback_content_filtered
020087,2022,124044,largest_attachment_fallback_content_filtered
020125,2010,5379,largest_attachment_fallback
020125,2011,14645,largest_attachment_fallback
020125,2012,24672,largest_attachment_fallback
020125,2013,35072,largest_attachment_fallback
020125,2014,44667,largest_attachment_fallback
020125,2015,53947,largest_attachment_fallback
020125,2016,62676,largest_attachment_fallback
020125,2017,71871,largest_attachment_fallback
020125,2018,80897,largest_attachment_fallback
020125,2019,91901,largest_attachment_fallback
020125,2020,100662,largest_attachment_fallback
020125,2021,111983,largest_attachment_fallback
020125,2022,123793,largest_attachment_fallback
020125,2023,134322,largest_attachment_fallback_content_filtered
020168,2010,14558,largest_attachment_fallback
020168,2011,15320,largest_attachment_fallback
020168,2012,25364,largest_attachment_fallback
020168,2013,36037,largest_attachment_fallback_content_filtered
020168,2014,45163,largest_attachment_fallback
020168,2015,54530,largest_attachment_fallback
020168,2016,63306,largest_attachment_fallback
020168,2017,72067,largest_attachment_fallback
020184,2010,5989,largest_attachment_fallback
020184,2011,15591,largest_attachment_fallback
020184,2012,24371,largest_attachment_fallback
020184,2013,36243,largest_attachment_fallback
020184,2014,45680,largest_attachment_fallback
020184,2015,54780,largest_attachment_fallback
020184,2016,63746,largest_attachment_fallback
020184,2017,73218,largest_attachment_fallback
020184,2018,81954,largest_attachment_fallback
020184,2019,97154,largest_attachment_fallback
020184,2020,106325,largest_attachment_fallback
020257,2010,9636,largest_attachment_fallback
020257,2011,19520,largest_attachment_fallback
020257,2012,25406,largest_attachment_fallback_content_filtered
020257,2013,35399,largest_attachment_fallback
020257,2014,44926,largest_attachment_fallback
020257,2015,54034,largest_attachment_fallback
020257,2016,63089,largest_attachment_fallback
020257,2017,74904,largest_attachment_fallback
020257,2018,82172,largest_attachment_fallback
020257,2019,91546,largest_attachment_fallback
020257,2020,100641,largest_attachment_fallback
020257,2021,111877,largest_attachment_fallback
020257,2023,134502,largest_attachment_fallback
020257,2024,145522,largest_attachment_fallback
020338,2010,5050,largest_attachment_fallback_content_filtered
020338,2011,14693,largest_attachment_fallback
020338,2012,24638,largest_attachment_fallback
020338,2013,35082,largest_attachment_fallback
020338,2014,44390,largest_attachment_fallback_content_filtered
020338,2015,53692,largest_attachment_fallback_content_filtered
020338,2016,62917,largest_attachment_fallback_content_filtered
020338,2017,71993,largest_attachment_fallback_content_filtered
020338,2018,81151,largest_attachment_fallback_content_filtered
020338,2019,91423,largest_attachment_fallback
020338,2020,102539,largest_attachment_fallback
020354,2010,9555,largest_attachment_fallback
020354,2011,15711,largest_attachment_fallback
020354,2012,25921,largest_attachment_fallback
020354,2014,45487,largest_attachment_fallback
020354,2015,54377,largest_attachment_fallback
020354,2016,63011,largest_attachment_fallback
020354,2017,72780,largest_attachment_fallback
020354,2018,81417,largest_attachment_fallback
020354,2019,91506,largest_attachment_fallback
020354,2020,100837,largest_attachment_fallback
020362,2010,7578,largest_attachment_fallback
020362,2011,15164,largest_attachment_fallback
020362,2012,24944,largest_attachment_fallback
020362,2013,34704,largest_attachment_fallback
020362,2014,44812,largest_attachment_fallback
020362,2015,54390,largest_attachment_fallback
020362,2016,63234,largest_attachment_fallback
020362,2017,72280,largest_attachment_fallback
020362,2018,81611,largest_attachment_fallback
020362,2019,91367,largest_attachment_fallback
020362,2020,101012,largest_attachment_fallback
020362,2021,113274,largest_attachment_fallback
020362,2022,124427,largest_attachment_fallback
020362,2023,134942,largest_attachment_fallback
020362,2024,145551,largest_attachment_fallback
020435,2010,5495,largest_attachment_fallback
020435,2011,15223,largest_attachment_fallback
020435,2012,25191,largest_attachment_fallback
020435,2013,36490,largest_attachment_fallback_content_filtered
020435,2014,45154,largest_attachment_fallback_content_filtered
020435,2015,54299,largest_attachment_fallback_content_filtered
020435,2016,63495,largest_attachment_fallback_content_filtered
020435,2017,72541,largest_attachment_fallback_content_filtered
020435,2018,85030,largest_attachment_fallback_content_filtered
020435,2019,91651,largest_attachment_fallback_content_filtered
020435,2023,135247,largest_attachment_fallback
020435,2024,145816,largest_attachment_fallback
020435,2025,155728,largest_attachment_fallback
020478,2010,6307,largest_attachment_fallback
020478,2011,16273,largest_attachment_fallback
020478,2012,25382,largest_attachment_fallback
020478,2013,34541,largest_attachment_fallback
020478,2014,45065,largest_attachment_fallback
020478,2015,54655,largest_attachment_fallback
020478,2016,63852,largest_attachment_fallback
020478,2017,73029,largest_attachment_fallback
020478,2018,81992,largest_attachment_fallback
020478,2019,92016,largest_attachment_fallback
020478,2020,102449,largest_attachment_fallback
020478,2021,113027,largest_attachment_fallback
020478,2022,131625,largest_attachment_fallback
020478,2023,135377,largest_attachment_fallback
020478,2024,146046,largest_attachment_fallback
020494,2010,5861,largest_attachment_fallback
020494,2011,24141,largest_attachment_fallback
020494,2012,28108,largest_attachment_fallback
020494,2013,36089,largest_attachment_fallback
020494,2014,45090,largest_attachment_fallback
020494,2015,53929,largest_attachment_fallback
020494,2016,62678,largest_attachment_fallback
020494,2017,71825,largest_attachment_fallback
020494,2018,80907,largest_attachment_fallback
020494,2019,91046,largest_attachment_fallback
020494,2020,100676,largest_attachment_fallback
020516,2011,9891,largest_attachment_fallback
020516,2012,19419,largest_attachment_fallback
020516,2013,29547,largest_attachment_fallback
020516,2014,39394,largest_attachment_fallback
020516,2015,48989,largest_attachment_fallback_content_filtered
020516,2016,57586,largest_attachment_fallback_content_filtered
020516,2017,66917,largest_attachment_fallback_content_filtered
020516,2018,76061,largest_attachment_fallback
020516,2019,85121,largest_attachment_fallback
020516,2020,94440,largest_attachment_fallback
020516,2021,106077,largest_attachment_fallback
020516,2022,117070,largest_attachment_fallback
020516,2023,128513,largest_attachment_fallback
020524,2010,5829,largest_attachment_fallback
020524,2011,15479,largest_attachment_fallback
020524,2012,24655,largest_attachment_fallback
020524,2013,34774,largest_attachment_fallback
020524,2014,44977,largest_attachment_fallback_content_filtered
020524,2015,54715,largest_attachment_fallback_content_filtered
020524,2016,63446,largest_attachment_fallback
020524,2017,72684,largest_attachment_fallback
020524,2018,81685,largest_attachment_fallback_content_filtered
020524,2019,92048,largest_attachment_fallback
020524,2020,102057,largest_attachment_fallback_content_filtered
020524,2021,112820,largest_attachment_fallback
020524,2022,124720,largest_attachment_fallback
020524,2023,134964,largest_attachment_fallback
020524,2024,145847,largest_attachment_fallback
020575,2010,5520,largest_attachment_fallback_content_filtered
020575,2011,15222,largest_attachment_fallback
020575,2012,31726,largest_attachment_fallback
020575,2013,35474,largest_attachment_fallback
020575,2014,58532,largest_attachment_fallback
020575,2016,64176,largest_attachment_fallback
020575,2017,72874,largest_attachment_fallback_content_filtered
020575,2018,81726,largest_attachment_fallback_content_filtered
020575,2019,91835,largest_attachment_fallback
020575,2020,102194,largest_attachment_fallback
020575,2021,112767,largest_attachment_fallback_content_filtered
020575,2024,145755,largest_attachment_fallback
020575,2025,155687,largest_attachment_fallback
020605,2010,5969,largest_attachment_fallback
020605,2011,15391,largest_attachment_fallback_content_filtered
020605,2012,25560,largest_attachment_fallback_content_filtered
020605,2013,35522,largest_attachment_fallback_content_filtered
020605,2014,44953,largest_attachment_fallback
020605,2015,54766,largest_attachment_fallback_content_filtered
020605,2016,63853,largest_attachment_fallback_content_filtered
020605,2017,73325,largest_attachment_fallback_content_filtered
020605,2018,80817,largest_attachment_fallback_content_filtered
020605,2019,90944,largest_attachment_fallback_content_filtered
020605,2020,100247,largest_attachment_fallback
020605,2022,124478,largest_attachment_fallback
020605,2023,135114,largest_attachment_fallback
020621,2010,6634,largest_attachment_fallback_content_filtered
020621,2011,14983,largest_attachment_fallback_content_filtered
020621,2012,24794,largest_attachment_fallback_content_filtered
020621,2013,35134,largest_attachment_fallback_content_filtered
020621,2014,44935,largest_attachment_fallback_content_filtered
020621,2015,53990,largest_attachment_fallback_content_filtered
020621,2016,63250,largest_attachment_fallback_content_filtered
020621,2017,72208,largest_attachment_fallback_content_filtered
020621,2018,81686,largest_attachment_fallback_content_filtered
020621,2019,92142,largest_attachment_fallback_content_filtered
020621,2020,102313,largest_attachment_fallback_content_filtered
020621,2021,113098,largest_attachment_fallback
020621,2022,124731,largest_attachment_fallback
020621,2023,135372,largest_attachment_fallback
020621,2024,145720,largest_attachment_fallback
020621,2025,155801,largest_attachment_fallback
020702,2010,5773,largest_attachment_fallback
020702,2011,15850,largest_attachment_fallback
020702,2012,25906,largest_attachment_fallback
020702,2013,35512,largest_attachment_fallback
020702,2014,45696,largest_attachment_fallback
020702,2015,54762,largest_attachment_fallback
020702,2016,63824,largest_attachment_fallback
020702,2017,72849,largest_attachment_fallback
020702,2018,81624,largest_attachment_fallback
020702,2019,92004,largest_attachment_fallback
020702,2020,102436,largest_attachment_fallback
020702,2022,124920,largest_attachment_fallback
020702,2023,135354,largest_attachment_fallback
020702,2024,146202,largest_attachment_fallback_content_filtered
020745,2010,5627,largest_attachment_fallback
020745,2011,15552,largest_attachment_fallback
020745,2012,24917,largest_attachment_fallback
020745,2013,35155,largest_attachment_fallback
020745,2014,44921,largest_attachment_fallback
020745,2015,53951,largest_attachment_fallback
020745,2016,63591,largest_attachment_fallback
020745,2017,72071,largest_attachment_fallback
020745,2018,81179,largest_attachment_fallback_content_filtered
020745,2019,91857,largest_attachment_fallback_content_filtered
020745,2020,101024,largest_attachment_fallback
020770,2010,5442,largest_attachment_fallback
020770,2011,14980,largest_attachment_fallback
020770,2012,25049,largest_attachment_fallback
020770,2013,35341,largest_attachment_fallback
020770,2014,45072,largest_attachment_fallback
020770,2015,54645,largest_attachment_fallback
020770,2016,63372,largest_attachment_fallback
020770,2017,72336,largest_attachment_fallback
020770,2018,81445,largest_attachment_fallback
020770,2019,91678,largest_attachment_fallback
020770,2020,101015,largest_attachment_fallback
020788,2010,22071,largest_attachment_fallback
020788,2011,22962,largest_attachment_fallback
020788,2012,25552,largest_attachment_fallback_content_filtered
020788,2013,35309,largest_attachment_fallback_content_filtered
020788,2014,44411,largest_attachment_fallback_content_filtered
020788,2015,53704,largest_attachment_fallback
020788,2016,62782,largest_attachment_fallback
020788,2017,72771,largest_attachment_fallback
020788,2018,80935,largest_attachment_fallback_content_filtered
020788,2019,91096,largest_attachment_fallback
020788,2020,102751,largest_attachment_fallback
020842,2010,5514,largest_attachment_fallback
020842,2011,14812,largest_attachment_fallback
020842,2012,24983,largest_attachment_fallback
020842,2013,35385,largest_attachment_fallback
020842,2014,45006,largest_attachment_fallback
020842,2016,63155,largest_attachment_fallback
020842,2017,73559,largest_attachment_fallback
020893,2010,4722,largest_attachment_fallback
020893,2011,14057,largest_attachment_fallback
020915,2010,6069,largest_attachment_fallback
020915,2011,15064,largest_attachment_fallback_content_filtered
020915,2012,24946,largest_attachment_fallback_content_filtered
020915,2013,35180,largest_attachment_fallback
020915,2014,44802,largest_attachment_fallback_content_filtered
020915,2015,53894,largest_attachment_fallback_content_filtered
020915,2016,63110,largest_attachment_fallback_content_filtered
020915,2017,72097,largest_attachment_fallback_content_filtered
020915,2018,80989,largest_attachment_fallback_content_filtered
020915,2019,91299,largest_attachment_fallback
020915,2020,100692,largest_attachment_fallback_content_filtered
020915,2021,128797,largest_attachment_fallback
020915,2022,128798,largest_attachment_fallback
020915,2023,134377,largest_attachment_fallback
020915,2024,144971,largest_attachment_fallback
020931,2010,10113,largest_attachment_fallback
020931,2011,25100,largest_attachment_fallback
020931,2012,25098,largest_attachment_fallback_content_filtered
020931,2013,35116,largest_attachment_fallback
020931,2014,45416,largest_attachment_fallback
020931,2015,53924,largest_attachment_fallback_content_filtered
020931,2016,62780,largest_attachment_fallback_content_filtered
020931,2017,71995,largest_attachment_fallback
020931,2018,81143,largest_attachment_fallback_content_filtered
020931,2019,91056,largest_attachment_fallback
020931,2020,100470,largest_attachment_fallback
020982,2010,6378,largest_attachment_fallback
020982,2011,24277,largest_attachment_fallback
020982,2012,24955,largest_attachment_fallback
020982,2013,35323,largest_attachment_fallback
020982,2014,44230,largest_attachment_fallback
020982,2015,53601,largest_attachment_fallback
020982,2016,63020,largest_attachment_fallback
020982,2017,71883,largest_attachment_fallback
020982,2018,80812,largest_attachment_fallback
020982,2019,91010,largest_attachment_fallback
020982,2020,100117,largest_attachment_fallback
020990,2010,5481,largest_attachment_fallback
020990,2011,16136,largest_attachment_fallback
020990,2012,24779,largest_attachment_fallback
020990,2013,35307,largest_attachment_fallback
020990,2014,45058,largest_attachment_fallback_content_filtered
020990,2015,54096,largest_attachment_fallback_content_filtered
020990,2016,62640,largest_attachment_fallback_content_filtered
020990,2017,72061,largest_attachment_fallback_content_filtered
020990,2018,81382,largest_attachment_fallback_content_filtered
020990,2019,91171,largest_attachment_fallback_content_filtered
020990,2020,100690,largest_attachment_fallback
020990,2021,112049,largest_attachment_fallback
020990,2022,132682,largest_attachment_fallback
020990,2023,141202,largest_attachment_fallback
020990,2024,145807,largest_attachment_fallback
021016,2010,5332,largest_attachment_fallback
021016,2011,23826,largest_attachment_fallback
021016,2012,25343,largest_attachment_fallback
021016,2013,35514,largest_attachment_fallback
021016,2014,45097,largest_attachment_fallback
021016,2015,54001,largest_attachment_fallback
021016,2016,63235,largest_attachment_fallback
021016,2017,72335,largest_attachment_fallback
021016,2018,81225,largest_attachment_fallback
021016,2019,91730,largest_attachment_fallback
021016,2020,101023,largest_attachment_fallback
021016,2021,112551,largest_attachment_fallback
021016,2022,124190,largest_attachment_fallback
021016,2023,134739,largest_attachment_fallback
021016,2024,146505,largest_attachment_fallback
021091,2010,4753,largest_attachment_fallback
021091,2011,14404,largest_attachment_fallback
021091,2012,24420,largest_attachment_fallback
021091,2013,34610,largest_attachment_fallback
021091,2014,43803,largest_attachment_fallback
021091,2015,53358,largest_attachment_fallback
021091,2016,62390,largest_attachment_fallback
021091,2017,71345,largest_attachment_fallback
021091,2018,80649,largest_attachment_fallback
021091,2019,90918,largest_attachment_fallback
021091,2020,100004,largest_attachment_fallback
021148,2010,5761,largest_attachment_fallback
021148,2011,16161,largest_attachment_fallback
021148,2012,24846,largest_attachment_fallback
021148,2013,60083,largest_attachment_fallback
021148,2014,60084,largest_attachment_fallback
021148,2015,60085,largest_attachment_fallback
021148,2016,63107,largest_attachment_fallback
021148,2017,72100,largest_attachment_fallback
021148,2018,81135,largest_attachment_fallback
021148,2019,91671,largest_attachment_fallback
021148,2021,112437,largest_attachment_fallback
021148,2022,124040,largest_attachment_fallback_content_filtered
021148,2023,134774,largest_attachment_fallback
021148,2024,145353,largest_attachment_fallback
021148,2025,155118,largest_attachment_fallback
021180,2010,14255,largest_attachment_fallback
021180,2011,16019,largest_attachment_fallback
021180,2012,25084,largest_attachment_fallback
021180,2013,35299,largest_attachment_fallback
021180,2014,45116,largest_attachment_fallback
021180,2015,54652,largest_attachment_fallback
021180,2016,63643,largest_attachment_fallback_content_filtered
021180,2017,72876,largest_attachment_fallback
021180,2018,81559,largest_attachment_fallback
021180,2019,92052,largest_attachment_fallback
021180,2020,100558,largest_attachment_fallback
021180,2021,112942,largest_attachment_fallback
021180,2024,147847,largest_attachment_fallback
021180,2025,155945,largest_attachment_fallback
021237,2010,5587,largest_attachment_fallback
021237,2011,28175,largest_attachment_fallback
021237,2012,28270,largest_attachment_fallback
021237,2013,35682,largest_attachment_fallback
021237,2014,45339,largest_attachment_fallback
021237,2015,54419,largest_attachment_fallback
021237,2016,68726,largest_attachment_fallback
021237,2017,72277,largest_attachment_fallback_content_filtered
021237,2018,81381,largest_attachment_fallback
021237,2019,92332,largest_attachment_fallback
021237,2020,100834,largest_attachment_fallback
021237,2021,112782,largest_attachment_fallback
021237,2022,124551,largest_attachment_fallback_content_filtered
021237,2023,134773,largest_attachment_fallback
021237,2024,145597,largest_attachment_fallback_content_filtered
021300,2010,5804,largest_attachment_fallback
021300,2011,23057,largest_attachment_fallback
021300,2012,25291,largest_attachment_fallback
021300,2013,36079,largest_attachment_fallback
021300,2014,45332,largest_attachment_fallback
021300,2016,63639,largest_attachment_fallback
021300,2017,72187,largest_attachment_fallback
021300,2018,80906,largest_attachment_fallback
021342,2010,5267,largest_attachment_fallback
021342,2011,15814,largest_attachment_fallback
021342,2012,25967,largest_attachment_fallback
021342,2013,36314,largest_attachment_fallback
021342,2014,45991,largest_attachment_fallback
021342,2015,55107,largest_attachment_fallback
021342,2017,73027,largest_attachment_fallback
021342,2018,81553,largest_attachment_fallback
021342,2019,92133,largest_attachment_fallback
021342,2020,102442,largest_attachment_fallback
021350,2010,6336,largest_attachment_fallback
021350,2011,14949,largest_attachment_fallback_content_filtered
021350,2012,25252,largest_attachment_fallback_content_filtered
021350,2013,35251,largest_attachment_fallback
021350,2014,45000,largest_attachment_fallback_content_filtered
021350,2015,54048,largest_attachment_fallback
021350,2016,63352,largest_attachment_fallback_content_filtered
021350,2017,72682,largest_attachment_fallback
021350,2018,81114,largest_attachment_fallback_content_filtered
021350,2019,91440,largest_attachment_fallback_content_filtered
021350,2020,100945,largest_attachment_fallback_content_filtered
021350,2022,131606,largest_attachment_fallback
021431,2010,5428,largest_attachment_fallback
021431,2011,14881,largest_attachment_fallback_content_filtered
021431,2012,24745,largest_attachment_fallback_content_filtered
021431,2013,35327,largest_attachment_fallback
021431,2014,43885,largest_attachment_fallback
021431,2015,53699,largest_attachment_fallback
021431,2016,62612,largest_attachment_fallback
021431,2017,71748,largest_attachment_fallback
021431,2018,80822,largest_attachment_fallback
021431,2019,91427,largest_attachment_fallback
021431,2020,100523,largest_attachment_fallback
021490,2010,6665,largest_attachment_fallback
021490,2011,24446,largest_attachment_fallback_content_filtered
021490,2012,24425,largest_attachment_fallback_content_filtered
021490,2013,35636,largest_attachment_fallback
021490,2014,44807,largest_attachment_fallback
021490,2015,54006,largest_attachment_fallback
021490,2016,63354,largest_attachment_fallback
021490,2017,72116,largest_attachment_fallback
021490,2018,83727,largest_attachment_fallback
021490,2019,91503,largest_attachment_fallback
021490,2020,102147,largest_attachment_fallback
021776,2010,7124,largest_attachment_fallback
021776,2011,15483,largest_attachment_fallback
021881,2010,5232,largest_attachment_fallback
021881,2011,14649,largest_attachment_fallback
021881,2012,24765,largest_attachment_fallback
021881,2013,35174,largest_attachment_fallback
021881,2014,45260,largest_attachment_fallback
021881,2015,53828,largest_attachment_fallback
021881,2016,63040,largest_attachment_fallback
021881,2017,71948,largest_attachment_fallback_content_filtered
021881,2018,82260,largest_attachment_fallback
021881,2019,91099,largest_attachment_fallback
021881,2020,100463,largest_attachment_fallback_content_filtered
021946,2010,4726,largest_attachment_fallback
021946,2011,14296,largest_attachment_fallback
021946,2012,24987,largest_attachment_fallback
021946,2013,34934,largest_attachment_fallback
021946,2014,44351,largest_attachment_fallback
021946,2015,53654,largest_attachment_fallback
021946,2016,62897,largest_attachment_fallback
021946,2017,72073,largest_attachment_fallback
021946,2018,81122,largest_attachment_fallback
022012,2010,6411,largest_attachment_fallback
022012,2011,14272,largest_attachment_fallback
022012,2012,24656,largest_attachment_fallback
022012,2013,35121,largest_attachment_fallback
022012,2014,44897,largest_attachment_fallback
022012,2015,53960,largest_attachment_fallback
022012,2016,63140,largest_attachment_fallback
022012,2017,72387,largest_attachment_fallback
022012,2018,81207,largest_attachment_fallback
022012,2019,91826,largest_attachment_fallback
022012,2020,101030,largest_attachment_fallback
022012,2021,113270,largest_attachment_fallback
022012,2023,134876,largest_attachment_fallback
022012,2025,155467,largest_attachment_fallback
022055,2010,4840,largest_attachment_fallback
022055,2011,14832,largest_attachment_fallback
022055,2012,24102,largest_attachment_fallback_content_filtered
022055,2013,35260,largest_attachment_fallback
022055,2014,44073,largest_attachment_fallback_content_filtered
022055,2015,53663,largest_attachment_fallback_content_filtered
022055,2016,62793,largest_attachment_fallback
022055,2017,72103,largest_attachment_fallback
022055,2018,81220,largest_attachment_fallback
022055,2019,91807,largest_attachment_fallback
022055,2020,102133,largest_attachment_fallback
022055,2025,155950,largest_attachment_fallback
022136,2011,9905,largest_attachment_fallback
022136,2012,19215,largest_attachment_fallback
022136,2013,29333,largest_attachment_fallback
022136,2014,39263,largest_attachment_fallback
022136,2015,48480,largest_attachment_fallback
022136,2016,57528,largest_attachment_fallback
022187,2010,7251,largest_attachment_fallback_content_filtered
022187,2011,14918,largest_attachment_fallback
022187,2012,24661,largest_attachment_fallback
022187,2013,35895,largest_attachment_fallback
022187,2014,45604,largest_attachment_fallback
022187,2015,54391,largest_attachment_fallback
022187,2016,63696,largest_attachment_fallback_content_filtered
022187,2017,98008,largest_attachment_fallback
022187,2018,81123,largest_attachment_fallback_content_filtered
022187,2019,96590,largest_attachment_fallback
022187,2020,100581,largest_attachment_fallback_content_filtered
022349,2010,5887,largest_attachment_fallback
022349,2011,14619,largest_attachment_fallback
022349,2012,24719,largest_attachment_fallback
022349,2013,35300,largest_attachment_fallback
022349,2014,44468,largest_attachment_fallback
022349,2015,53767,largest_attachment_fallback
022349,2016,62971,largest_attachment_fallback
022349,2017,72053,largest_attachment_fallback
022349,2018,80780,largest_attachment_fallback
022349,2019,92868,largest_attachment_fallback
022349,2020,100689,largest_attachment_fallback_content_filtered
022357,2010,7520,largest_attachment_fallback_content_filtered
022357,2011,16149,largest_attachment_fallback_content_filtered
022357,2012,24778,largest_attachment_fallback
022357,2013,35169,largest_attachment_fallback
022357,2014,44668,largest_attachment_fallback
022357,2015,53830,largest_attachment_fallback
022357,2016,62921,largest_attachment_fallback
022357,2017,72215,largest_attachment_fallback
022357,2018,82088,largest_attachment_fallback
022357,2019,91493,largest_attachment_fallback
022357,2020,100818,largest_attachment_fallback
022357,2022,124844,largest_attachment_fallback
022357,2024,145461,largest_attachment_fallback
022365,2010,7822,largest_attachment_fallback
022365,2011,15025,largest_attachment_fallback
022365,2012,24913,largest_attachment_fallback
022365,2013,34908,largest_attachment_fallback
022365,2014,45003,largest_attachment_fallback
022365,2015,53961,largest_attachment_fallback
022365,2016,63182,largest_attachment_fallback
022365,2017,72077,largest_attachment_fallback
022365,2018,81283,largest_attachment_fallback
022365,2019,91505,largest_attachment_fallback
022365,2020,102633,largest_attachment_fallback_content_filtered
022365,2021,117048,largest_attachment_fallback
022365,2022,123811,largest_attachment_fallback
022365,2023,134554,largest_attachment_fallback
022470,2010,7179,largest_attachment_fallback_content_filtered
022470,2011,15992,largest_attachment_fallback
022470,2012,25378,largest_attachment_fallback_content_filtered
022470,2013,34733,largest_attachment_fallback_content_filtered
022470,2014,44332,largest_attachment_fallback_content_filtered
022470,2015,66576,largest_attachment_fallback_content_filtered
022470,2016,66581,largest_attachment_fallback_content_filtered
022470,2017,71708,largest_attachment_fallback_content_filtered
022470,2018,80863,largest_attachment_fallback
022470,2019,90983,largest_attachment_fallback_content_filtered
022470,2020,100759,largest_attachment_fallback
022470,2021,112500,largest_attachment_fallback
022470,2022,124043,largest_attachment_fallback
022470,2023,134839,largest_attachment_fallback
022470,2024,145377,largest_attachment_fallback
022691,2010,17603,largest_attachment_fallback
022691,2011,17602,largest_attachment_fallback
022691,2012,24911,largest_attachment_fallback
022691,2013,35380,largest_attachment_fallback
022691,2014,45221,largest_attachment_fallback
022691,2015,54254,largest_attachment_fallback
022691,2016,65995,largest_attachment_fallback
022691,2017,72888,largest_attachment_fallback
022691,2018,82288,largest_attachment_fallback
022691,2019,91544,largest_attachment_fallback
022691,2020,100384,largest_attachment_fallback
023035,2011,24197,largest_attachment_fallback
023035,2012,26223,largest_attachment_fallback
023035,2013,34529,largest_attachment_fallback
023035,2014,44075,largest_attachment_fallback
023035,2015,53459,largest_attachment_fallback
023035,2016,62478,largest_attachment_fallback
023035,2017,71603,largest_attachment_fallback
023035,2018,84984,largest_attachment_fallback
023035,2019,92039,largest_attachment_fallback
023140,2012,26415,largest_attachment_fallback
023140,2013,34321,largest_attachment_fallback
023140,2014,44041,largest_attachment_fallback
023140,2015,53723,largest_attachment_fallback
023140,2016,62545,largest_attachment_fallback_content_filtered
023221,2010,31973,largest_attachment_fallback
023221,2011,32166,largest_attachment_fallback
023221,2012,31974,largest_attachment_fallback
023221,2013,35569,largest_attachment_fallback
023221,2014,45754,largest_attachment_fallback
023221,2015,54211,largest_attachment_fallback
023221,2016,63245,largest_attachment_fallback
023221,2017,72567,largest_attachment_fallback
023221,2018,81621,largest_attachment_fallback
023221,2019,91878,largest_attachment_fallback
023221,2020,102263,largest_attachment_fallback
023248,2012,32051,largest_attachment_fallback
023248,2013,35381,largest_attachment_fallback
023248,2014,44335,largest_attachment_fallback
023248,2015,53928,largest_attachment_fallback
023248,2016,63146,largest_attachment_fallback
023248,2017,72485,largest_attachment_fallback
023248,2018,81393,largest_attachment_fallback_content_filtered
023248,2019,91479,largest_attachment_fallback_content_filtered
023248,2020,101029,largest_attachment_fallback
023248,2024,145605,largest_attachment_fallback
023264,2012,32204,largest_attachment_fallback
023264,2013,35475,largest_attachment_fallback
023264,2014,44295,largest_attachment_fallback
023264,2015,53611,largest_attachment_fallback
023264,2016,76263,largest_attachment_fallback
023264,2017,76265,largest_attachment_fallback
023264,2018,80947,largest_attachment_fallback
023264,2019,91199,largest_attachment_fallback
023264,2020,100436,largest_attachment_fallback
023264,2021,112011,largest_attachment_fallback
023272,2012,32733,largest_attachment_fallback
023272,2013,35378,largest_attachment_fallback
023272,2014,44385,largest_attachment_fallback
023272,2015,53891,largest_attachment_fallback
023272,2016,88640,largest_attachment_fallback
023272,2017,79752,largest_attachment_fallback
023272,2018,80590,largest_attachment_fallback_content_filtered
023272,2019,91032,largest_attachment_fallback_content_filtered
023272,2020,100040,largest_attachment_fallback_content_filtered
023272,2021,111630,largest_attachment_fallback
023272,2022,123420,largest_attachment_fallback_content_filtered
023272,2023,133874,largest_attachment_fallback_content_filtered
023272,2024,144587,largest_attachment_fallback_content_filtered
023310,2012,33545,largest_attachment_fallback
023310,2013,34340,largest_attachment_fallback
023310,2014,43952,largest_attachment_fallback
023310,2015,53476,largest_attachment_fallback
023310,2016,62556,largest_attachment_fallback
023310,2017,71407,largest_attachment_fallback
023310,2018,80879,largest_attachment_fallback
023310,2019,96766,largest_attachment_fallback
023310,2020,102322,largest_attachment_fallback
023310,2021,112557,largest_attachment_fallback
023310,2022,124434,largest_attachment_fallback
023310,2023,135166,largest_attachment_fallback
023310,2024,145798,largest_attachment_fallback
023450,2013,40269,largest_attachment_fallback
023450,2014,44576,largest_attachment_fallback
023450,2015,53657,largest_attachment_fallback
023485,2013,41264,largest_attachment_fallback
023485,2014,45059,largest_attachment_fallback_content_filtered
023485,2015,53658,largest_attachment_fallback
023485,2016,62668,largest_attachment_fallback
023485,2017,72680,largest_attachment_fallback_content_filtered
023485,2018,80646,largest_attachment_fallback
023485,2019,91019,largest_attachment_fallback
023574,2011,45184,largest_attachment_fallback
023574,2012,45182,largest_attachment_fallback
023574,2013,45181,largest_attachment_fallback
023574,2014,45577,largest_attachment_fallback_content_filtered
023574,2015,54339,largest_attachment_fallback
023574,2016,63651,largest_attachment_fallback
023574,2017,72693,largest_attachment_fallback
023574,2018,81735,largest_attachment_fallback
023574,2019,92051,largest_attachment_fallback
023574,2020,102397,largest_attachment_fallback
023574,2021,113225,largest_attachment_fallback
023574,2025,155861,largest_attachment_fallback
023825,2014,53148,largest_attachment_fallback
023825,2015,54942,largest_attachment_fallback
023825,2016,63447,largest_attachment_fallback_content_filtered
023825,2017,72472,largest_attachment_fallback
023825,2018,81989,largest_attachment_fallback
023825,2019,91465,largest_attachment_fallback
023825,2020,100360,largest_attachment_fallback
023825,2022,133786,largest_attachment_fallback
023825,2023,135099,largest_attachment_fallback
023825,2024,145614,largest_attachment_fallback_content_filtered
023825,2025,155600,largest_attachment_fallback
024112,2016,64217,largest_attachment_fallback
024112,2017,72141,largest_attachment_fallback
024112,2018,81237,largest_attachment_fallback
024112,2019,91509,largest_attachment_fallback
024112,2020,100645,largest_attachment_fallback
024112,2021,112019,largest_attachment_fallback
024112,2022,123879,largest_attachment_fallback
024112,2023,135682,largest_attachment_fallback
024171,2016,67242,largest_attachment_fallback
024171,2017,71848,largest_attachment_fallback_content_filtered
024171,2018,80891,largest_attachment_fallback
024171,2019,91144,largest_attachment_fallback
024171,2020,100225,largest_attachment_fallback
024252,2016,69097,largest_attachment_fallback
024252,2017,71844,largest_attachment_fallback
024252,2018,80679,largest_attachment_fallback
024252,2019,91054,largest_attachment_fallback
024252,2020,100764,largest_attachment_fallback
024260,2016,75642,largest_attachment_fallback
024260,2017,75645,largest_attachment_fallback
024260,2018,81919,largest_attachment_fallback
024260,2019,92226,largest_attachment_fallback
024260,2020,102210,largest_attachment_fallback
024260,2021,112627,largest_attachment_fallback
024260,2022,127471,largest_attachment_fallback
024260,2023,134731,largest_attachment_fallback
024260,2024,145357,largest_attachment_fallback
024295,2016,70481,largest_attachment_fallback
024295,2017,72366,largest_attachment_fallback
024295,2018,80878,largest_attachment_fallback
024295,2019,91512,largest_attachment_fallback
024295,2020,100792,largest_attachment_fallback
024384,2017,73450,largest_attachment_fallback
024384,2018,80873,largest_attachment_fallback_content_filtered
024384,2019,91151,largest_attachment_fallback_content_filtered
024384,2020,101004,largest_attachment_fallback_content_filtered
024392,2017,73468,largest_attachment_fallback_content_filtered
024392,2018,81182,largest_attachment_fallback
024392,2019,91840,largest_attachment_fallback_content_filtered
024392,2020,102146,largest_attachment_fallback
024392,2021,112866,largest_attachment_fallback
024392,2022,123765,largest_attachment_fallback
024392,2023,137197,largest_attachment_fallback
024694,2018,80696,largest_attachment_fallback
024694,2019,91938,largest_attachment_fallback_content_filtered
024694,2020,102474,largest_attachment_fallback
024694,2023,134844,largest_attachment_fallback
024694,2024,145526,largest_attachment_fallback
024694,2025,155192,largest_attachment_fallback
024716,2018,80868,largest_attachment_fallback
024716,2019,90678,largest_attachment_fallback
024716,2020,100435,largest_attachment_fallback
024716,2024,145913,largest_attachment_fallback
024783,2019,91401,largest_attachment_fallback
024783,2020,100680,largest_attachment_fallback
024783,2022,124139,largest_attachment_fallback
024783,2023,134631,largest_attachment_fallback
024783,2024,145394,largest_attachment_fallback
024805,2019,91745,largest_attachment_fallback
024805,2020,101032,largest_attachment_fallback
024821,2018,98605,largest_attachment_fallback_content_filtered
024821,2019,98628,largest_attachment_fallback_content_filtered
024821,2020,100425,largest_attachment_fallback
024821,2021,113201,largest_attachment_fallback
024821,2022,124654,largest_attachment_fallback
024848,2018,87072,largest_attachment_fallback
024848,2019,91737,largest_attachment_fallback
024848,2020,102056,largest_attachment_fallback
024848,2022,123795,largest_attachment_fallback
024848,2023,134324,largest_attachment_fallback
024848,2024,145051,largest_attachment_fallback
024910,2018,89994,largest_attachment_fallback
024910,2019,91824,largest_attachment_fallback
024910,2020,102187,largest_attachment_fallback
024910,2022,124510,largest_attachment_fallback
024910,2023,134904,largest_attachment_fallback
024910,2024,145376,largest_attachment_fallback
024929,2018,88961,largest_attachment_fallback
024929,2019,91425,largest_attachment_fallback
024929,2020,100058,largest_attachment_fallback
024929,2021,112106,largest_attachment_fallback
024929,2022,123456,largest_attachment_fallback
024929,2023,133877,largest_attachment_fallback
024929,2024,144695,largest_attachment_fallback
024961,2019,91120,largest_attachment_fallback_content_filtered
024961,2020,102743,largest_attachment_fallback
024961,2021,112504,largest_attachment_fallback
025003,2019,92548,largest_attachment_fallback
025003,2020,102776,largest_attachment_fallback
025011,2019,91250,largest_attachment_fallback
025011,2020,102684,largest_attachment_fallback_content_filtered
025011,2021,112671,largest_attachment_fallback_content_filtered
025011,2022,123941,largest_attachment_fallback
025011,2023,135088,largest_attachment_fallback_content_filtered
025089,2019,91085,largest_attachment_fallback
025089,2020,109623,largest_attachment_fallback
025089,2023,134552,largest_attachment_fallback
025089,2025,155745,largest_attachment_fallback
025100,2019,91176,largest_attachment_fallback
025100,2020,102127,largest_attachment_fallback
025100,2024,145292,largest_attachment_fallback
025186,2019,96147,largest_attachment_fallback
025186,2020,102193,largest_attachment_fallback
025186,2025,155479,largest_attachment_fallback
025232,2019,96797,largest_attachment_fallback_content_filtered
025232,2020,102488,largest_attachment_fallback_content_filtered
025291,2019,96710,largest_attachment_fallback_all_flagged
025291,2020,101006,largest_attachment_fallback_content_filtered
025291,2022,123994,largest_attachment_fallback
025291,2023,134516,largest_attachment_fallback
025372,2019,99878,largest_attachment_fallback
025372,2020,100574,largest_attachment_fallback
025453,2019,98900,largest_attachment_fallback
025453,2020,102703,largest_attachment_fallback
025453,2021,121282,largest_attachment_fallback
025453,2022,123808,largest_attachment_fallback
025453,2023,134323,largest_attachment_fallback
025453,2025,154903,largest_attachment_fallback
025585,2019,97692,largest_attachment_fallback_content_filtered
025585,2020,100356,largest_attachment_fallback_content_filtered
025712,2020,100323,largest_attachment_fallback_content_filtered
025712,2022,130998,largest_attachment_fallback
025712,2024,145124,largest_attachment_fallback
025780,2020,100511,largest_attachment_fallback_content_filtered
025780,2023,134467,largest_attachment_fallback
025844,2020,100450,largest_attachment_fallback
025844,2023,134749,largest_attachment_fallback
025844,2024,145451,largest_attachment_fallback
025844,2025,155867,largest_attachment_fallback
025917,2020,100975,largest_attachment_fallback
025917,2021,105560,largest_attachment_fallback
025984,2020,104504,largest_attachment_fallback
025984,2021,112592,largest_attachment_fallback
025984,2024,145251,largest_attachment_fallback
026123,2020,105781,largest_attachment_fallback
026123,2021,113182,largest_attachment_fallback
026441,2021,134808,largest_attachment_fallback
026441,2023,134810,largest_attachment_fallback
026441,2024,144855,largest_attachment_fallback
026441,2025,155480,largest_attachment_fallback
026620,2024,144969,largest_attachment_fallback
027111,2024,146097,largest_attachment_fallback
027707,2023,141876,largest_attachment_fallback
