CD_CVM,board_size,pct_female_board,pct_black_brown_board,exec_size,pct_female_exec,pct_black_brown_exec,year,has_black_brown_board,has_black_brown_exec,despesas_financeiras,cost_of_debt_proxy,return_volatility,ln_total_assets,leverage,roa,past_12m_return
2437,9,0.1111111111111111,0.0,11,0.18181818181818182,0.0,2023,0,0,5305593.0,0.03431974705712761,0.3139948222870105,19.402975125638708,0.5788750394699416,0.0164566000418771,0.0363947239863213
2453,11,0.0,0.09090909090909091,7,0.14285714285714285,0.0,2023,1,0,3134.0,0.00010327934323828591,0.2687996740624014,17.82284519774114,0.5517244156735772,0.1048513929434284,0.04840182652099
2577,3,0.0,0.0,4,0.5,0.0,2023,0,0,685354.0,0.12223196204027291,,16.423237977137106,0.4132458875659162,-0.0331193989820743,
3980,7,0.14285714285714285,0.0,8,0.0,0.0,2023,0,0,408205.0,0.015916732722377955,0.29171540667401974,18.131466084355303,0.3424748839369261,0.1006472391907265,-0.1730858467142618
4030,5,0.0,0.2,6,0.0,0.0,2023,1,0,2929830.0,0.04077994031641669,0.4057447219387455,18.33217428624998,0.7849350134579238,0.0043991066508233,0.413371675053918
4170,12,0.16666666666666666,0.16666666666666666,9,0.2222222222222222,0.0,2023,1,0,13069000.0,0.050722078405955155,0.2756958107024408,19.93796827914377,0.5650614933857329,0.0889373311344257,-0.0989729225023343
4820,11,0.09090909090909091,0.0,6,0.0,0.0,2023,0,0,5198000.0,0.058759693427686464,0.5222556127432142,18.334479947444503,0.9642580743615178,-0.0533022312815426,-0.0310283687943262
5258,10,0.3,0.0,5,0.2,0.0,2023,0,0,1203131.0,0.08553401860684876,0.2327235780868046,16.815952324427126,0.7000011246907847,0.0541017572447504,0.3961643834822845
5410,7,0.14285714285714285,0.14285714285714285,13,0.0,0.0,2023,1,0,101246.0,0.007421914344572522,0.25259353827212305,17.265379684086113,0.4331145878543713,0.1862955518224856,-0.014419225634179
6505,5,0.2,,4,0.0,,2023,0,0,0.0,0.0,0.6964911629966176,17.28112145295085,0.8920490061257658,-0.0820415051881485,-0.761675392670157
8133,8,0.25,0.0,5,0.4,0.0,2023,0,0,388813.0,0.03723043904116823,0.47892185127422,16.8354786568704,0.5096677321613899,0.0476441485130916,-0.1039094646765291
8451,7,0.14285714285714285,0.0,3,0.0,0.0,2023,0,0,292378.0,0.06688132520998062,0.35951122967328136,15.889851991172648,0.5492433194213111,0.1018695983806622,2.065217392102836
8656,3,0.0,0.0,8,0.0,0.0,2023,0,0,5710.0,0.00022253380419044014,0.28033973940974455,18.136093371306902,0.3410631836028442,0.1008220892731119,-0.1778955337212889
8672,8,0.125,0.0,5,0.6,0.0,2023,0,0,87375.0,0.024175735391976174,0.2908169433296236,15.868566927357364,0.4638488058863821,0.0396492206621961,0.4494649227110581
9512,11,0.09090909090909091,0.18181818181818182,9,0.1111111111111111,0.125,2023,1,1,35469000.0,0.053053782226556656,0.33808362007744064,20.77290135798673,0.6361743592085931,0.1191049854979788,0.5604483586869493
10456,8,0.125,0.0,3,0.0,0.0,2023,0,0,193927.0,0.07458954537866905,0.5344993101137903,15.660398228774216,0.41089966177202,-0.2951429096583124,-0.2368024132730015
11312,9,0.1111111111111111,0.0,3,0.3333333333333333,0.0,2023,0,0,7491807.0,0.14027668772818486,1.049762145716521,17.078363497123462,2.044382013891385,-0.2077692582683001,-0.68
12653,11,0.36363636363636365,0.0,6,0.0,0.0,2023,0,0,1055552.0,0.025311687099941277,0.2277301205965133,17.83071612903802,0.7522754975269096,0.0513647320838269,0.0978260870877834
13986,9,0.3333333333333333,0.0,7,0.0,0.0,2023,0,0,4606858.0,0.046636271676044574,0.26242298018390914,18.78249364097532,0.6879353993691546,0.0982386226629044,0.0816643982111609
14176,6,0.3333333333333333,0.0,9,0.4444444444444444,0.1111111111111111,2023,0,1,2411645.0,0.09344567684060932,,17.169997286773796,0.9014031865216976,0.0454656253443612,
14311,9,0.1111111111111111,0.1111111111111111,7,0.14285714285714285,0.0,2023,1,0,115669.0,0.0036572394316106913,0.22420231203072408,17.83762619689866,0.5666057269240977,0.0416912684721355,0.4968454258675079
14320,8,0.0,0.0,6,0.0,0.0,2023,0,0,0.0,0.0,0.30659428374952613,17.50842563299488,0.3389372639654083,0.0408440359086933,0.2639455782312925
14443,11,0.2727272727272727,0.18181818181818182,6,0.5,0.0,2023,1,0,2398668.0,0.07587460591699498,0.28541184144982906,17.934075377332036,0.5142848353572891,0.0573202561333151,0.4014503531071958
14460,9,0.1111111111111111,0.1111111111111111,6,0.16666666666666666,0.0,2023,1,0,334413.0,0.037695739126768865,0.3961371396192088,16.670324220459726,0.5106943676890485,0.0636513309385649,0.9900826446280993
14826,8,0.0,0.0,4,0.0,0.0,2023,0,0,0.0,0.0,0.5452458298664877,16.90882315985713,0.7858503401360544,-0.0967800453514739,-0.207268252019779
15253,7,0.14285714285714285,0.16666666666666666,5,0.2,0.0,2023,1,0,770118.0,0.014710165793503783,0.2949966331701552,18.03602468300056,0.7691193034143518,0.0379549292358866,0.2915067179772435
16101,5,0.0,0.0,7,0.42857142857142855,0.0,2023,0,0,142547.0,0.04169169781057678,1.2069656298687037,15.449907388989567,0.6669587514739976,-0.0381303321164216,0.8409893990849842
16292,9,0.2222222222222222,0.0,8,0.0,0.0,2023,0,0,3613947.0,0.08681438749293331,0.6157840532424372,17.86332397750545,0.7268537607061311,-0.0326311122922177,1.01018922852984
16306,5,0.2,0.0,2,0.5,0.0,2023,0,0,66841.0,0.0478721423251017,0.5154560327923433,13.203906497357725,2.573809172688394,0.4695159268544462,0.6144578313253009
17329,9,0.2222222222222222,0.0,8,0.125,0.0,2023,0,0,1362450.0,0.0420402043762728,0.17731597092274015,17.558510539822407,0.7675232086377963,0.0812102497999205,0.2257977287548616
17450,10,0.3,0.1,5,0.0,0.0,2023,1,0,913434.0,0.02737505829420655,0.27038143162271516,17.712185095981603,0.6776693922609565,0.0146616557845176,0.338192419825073
17671,12,0.3333333333333333,0.08333333333333333,5,0.0,0.0,2023,1,0,4343439.0,0.0849810783112564,0.22059831602435157,18.609133301028614,0.4233188264372155,0.0417430952546994,0.4498100922409116
17892,8,0.25,,3,0.0,,2023,0,0,126912.0,0.05095175216905871,0.3224284026133647,15.364740824135549,0.5290800780399525,0.107119924296573,0.3540462427745663
17973,6,0.3333333333333333,0.0,6,0.0,0.0,2023,0,0,560821.0,0.045119852764179395,0.459105118605218,17.03980618911259,0.4944960115353907,-0.0203435625027077,0.7715736041232704
18376,9,0.0,0.1111111111111111,5,0.6,0.0,2023,1,0,1032950.0,0.05700781988674708,0.21230659449867842,17.396558557274215,0.5045630945436566,0.0805421579856688,0.2200736648250461
18465,9,0.2222222222222222,0.0,5,0.0,0.0,2023,0,0,115732.0,0.004777941246168589,0.3212839857961701,17.459705724748318,0.6332260918090136,0.0658202110040125,1.2485156912637834
18627,9,0.1111111111111111,0.0,8,0.125,0.0,2023,0,0,618671.0,0.0682882058521773,0.24124344934443756,16.749575118996827,0.4817991262985002,0.0799495104873163,0.7323442136498515
18660,4,0.25,0.0,8,0.125,0.125,2023,0,1,2210.0,4.0201938155448485e-05,0.24104255589797433,18.13261495789193,0.7332476231181331,0.0738571612280001,0.2794019933554816
18724,9,0.1111111111111111,0.0,2,0.0,0.0,2023,0,0,528.0,0.009355233083506087,0.29260151040150517,15.88116473929956,0.0071528167312974,0.240368683288093,-0.1179099346854589
18821,11,0.18181818181818182,0.0,7,0.0,0.0,2023,0,0,0.0,0.0,0.25909515885919104,17.81633409222826,0.7606793658899347,0.0339384096797379,0.399802566633761
19445,6,0.0,0.0,5,0.2,0.25,2023,0,1,329589.0,0.04981667275792551,0.32070784353517146,16.46803839440322,0.4662510131352219,0.0972064353264016,0.3571901921802518
19453,9,0.1111111111111111,0.0,5,0.2,0.0,2023,0,0,144185.0,0.006276105733523041,0.44137407213061347,17.07206363623357,0.8849664334236097,0.0229828303274346,1.3432835820895526
19550,3,0.0,0.0,4,0.5,0.0,2023,0,0,1877004.0,0.18430256112263096,0.5164626967043792,16.788862448663174,0.5207430817363731,0.3292850713419252,0.7043390514631684
19569,9,0.1111111111111111,0.0,3,0.3333333333333333,0.0,2023,0,0,1390864.0,0.03486459433246298,,16.63248655156494,2.385079833463608,-0.0730745440355409,
19623,7,0.14285714285714285,0.0,13,0.15384615384615385,0.0,2023,0,0,892042.0,0.047249536412237246,,17.08177365865215,0.7202242000213633,-0.0430992782262371,
19739,8,0.25,0.0,8,0.125,0.16666666666666666,2023,0,1,2899111.0,0.05218990370512346,0.3253374818211839,18.209306215203156,0.68624175516934,0.0222749222195576,0.2850334411291422
19763,3,0.0,0.0,2,0.5,0.0,2023,0,0,38821.0,0.0015307102766172994,,17.437861859602926,0.6776517100135808,0.0370097492180657,
19836,10,0.2,0.0,4,0.25,0.0,2023,0,0,3033265.0,0.03412603063028006,0.31693793755631583,18.75619096083809,0.6354982250003793,0.0349246105801934,0.2331210191082802
19879,9,0.0,0.0,7,0.14285714285714285,1.0,2023,0,1,909.0,4.408074622835631e-05,0.8079235869614512,16.981699950057074,0.8694735272718196,0.0107586409981457,0.7543859649122808
19909,3,0.3333333333333333,0.0,4,0.25,0.0,2023,0,0,304616.0,0.039616378574309254,,16.851488884215865,0.3692914931787765,0.1229944012243593,0.0727272727272727
19925,3,0.0,0.0,2,0.0,0.0,2023,0,0,,,,,,,
19992,7,0.42857142857142855,0.0,8,0.125,0.0,2023,0,0,272335.0,0.07136307976360709,0.3304856245748494,15.99353645892257,0.4322402892332645,0.086583658592389,0.3248132127408571
20010,7,0.2857142857142857,0.0,9,0.0,0.1111111111111111,2023,0,1,1243559.0,0.015869860707773947,0.2287210792685407,18.456467220706735,0.7560515545159573,0.0277517194236255,0.3631871907915371
20087,11,0.09090909090909091,0.09090909090909091,4,0.0,0.0,2023,1,0,1391858.0,0.03712908673028446,0.32846563963818254,17.770616577480375,0.7181248303200837,0.0150256043785023,0.6523985239852399
20257,11,0.09090909090909091,0.0,4,0.0,0.0,2023,0,0,935726.0,0.07327908571041931,0.15755786377641862,16.783288525384126,0.65656701419368,0.0703305153836851,0.1662108781525373
20362,9,0.1111111111111111,0.0,4,0.25,0.0,2023,0,0,325218.0,0.10893593702163124,0.5540046981101124,15.33760969436498,0.6515745990742133,0.0547558149762333,-0.0781456953642384
20478,3,0.0,0.0,2,0.0,0.0,2023,0,0,638272.0,0.15993809675589313,1.4917431227282214,13.415332946376148,5.954547963969018,1.670236242560068,-0.9625
20494,3,0.0,0.0,5,0.6,0.0,2023,0,0,325770.0,0.13140857308127024,,15.631069069936348,0.4034598707430881,0.0506055245766666,
20524,5,0.2,0.0,9,0.1111111111111111,0.0,2023,0,0,53546.0,0.012117999889560678,0.4479331110460405,15.803197080261269,0.6054172639820438,0.0467613849121526,0.8303571428571426
20605,6,0.0,0.0,6,0.3333333333333333,0.0,2023,0,0,80826.0,0.01380431908871614,0.4017458590360544,16.2204779461169,0.5285329058701476,0.0449414965730941,0.2241758241758242
20745,6,0.16666666666666666,0.0,4,0.0,0.0,2023,0,0,1220367.0,0.1149722095874568,0.2366570044324002,16.579078590850294,0.6694146774806106,0.059154969016136,-0.0995215311483826
20770,6,0.0,0.0,7,0.0,0.0,2023,0,0,44102.0,0.03755752598249779,0.4525333411884328,15.586950986577742,0.1997259545157974,0.0418579304123132,0.4473684208195372
20788,7,0.14285714285714285,0.0,4,0.0,0.0,2023,0,0,4231051.0,0.039891188783732316,0.4241318311147433,18.690361531116835,0.809935442071711,-0.0276526750836068,0.2603763078255776
20915,7,0.2857142857142857,0.0,7,0.14285714285714285,0.2857142857142857,2023,0,1,272408.0,0.015559894122713922,0.5608845240278996,17.03725035773832,0.6982796780210614,-0.0007354506686462,0.4993324432576769
20931,10,0.1,0.3,6,0.0,0.0,2023,1,0,1885459.0,0.0674954619009455,0.45161421132318175,17.168712849302004,0.9769340963890732,0.0138326526464115,-0.3956310679611651
20982,7,0.2857142857142857,0.0,6,0.0,0.0,2023,0,0,344091.0,0.07475484072522565,0.2776399712530761,16.261063232386647,0.3989734178711761,0.0884598008966688,0.4041501976284587
20990,7,0.14285714285714285,0.0,2,0.5,0.0,2023,0,0,4458000.0,0.07965692843741624,1.4104352473801445,17.1155976382573,2.0639867232159324,-0.0837912594504886,-0.8761904761904762
21016,9,0.1111111111111111,0.0,4,0.25,0.0,2023,0,0,656541.0,0.10537514499212022,0.6464309952248161,16.044190304428486,0.6708421641079134,0.0166513487451435,1.332986472424558
21091,8,0.125,0.0,7,0.2857142857142857,0.0,2023,0,0,892434.0,0.07829389675653307,0.47510232538634184,16.701460944877947,0.6360567572799357,0.0452702703833818,0.1915436242000521
21350,7,0.2857142857142857,0.0,7,0.14285714285714285,0.0,2023,0,0,251118.0,0.04598378469045664,0.36587284467713876,15.839914699569205,0.7212495961882815,0.0510958188746946,0.5602787456836431
21431,9,0.3333333333333333,0.0,5,0.2,0.0,2023,0,0,1371031.0,0.10553797826444063,0.2943388845631396,17.014540795413524,0.5300505929494327,0.0673453331016337,-0.1590214067278287
21881,10,0.2,0.0,4,0.25,0.0,2023,0,0,452934.0,0.07001718066972148,0.29343877041454886,16.26478726672016,0.5586283139987952,0.0363406012866356,0.21578947352814
22187,8,0.125,0.0,3,0.0,0.0,2023,0,0,38473.0,0.0026656916552827573,0.370563985440178,17.158758577775437,0.5097907762273598,0.1829648349266636,0.3026874115983025
22349,5,0.4,0.0,3,0.0,0.0,2023,0,0,69552.0,0.02282784753208689,0.4389435801335729,15.60324594140873,0.5098483844452655,0.0667134210991341,-0.1273833671399594
22357,9,0.2222222222222222,0.0,10,0.3,0.0,2023,0,0,411373.0,0.03276733355567304,0.2995729774461177,17.135465164938214,0.4538963765806509,0.1263204743322223,0.6687617850408549
22470,7,0.42857142857142855,0.0,6,0.16666666666666666,0.0,2023,0,0,2419081.0,0.08687813151687622,0.7514854645460017,17.438652559175765,0.7434116457460882,-0.0261407622098233,-0.0886075949423521
22691,3,0.0,0.0,4,0.0,0.0,2023,0,0,1201406.0,0.22326916157960935,,16.82491212952157,0.2653961134807474,0.0355743844111911,
23264,11,0.18181818181818182,0.0,14,0.21428571428571427,0.0,2023,0,0,4016885.0,0.07651161285059327,0.22536148383651225,18.703180408395365,0.3957983652394184,0.1127864358689728,-0.0754208754208753
23272,7,0.14285714285714285,0.14285714285714285,3,0.0,0.0,2023,1,0,158811.0,0.06296466927600404,0.4509833159069676,15.64880296892971,0.4032690350622637,0.0311714308783593,0.5713301171605789
23310,7,0.0,0.0,2,0.0,0.0,2023,0,0,291479.0,0.08515494788813661,0.7960336721492198,15.20949626470682,0.8491747715885647,-0.1133448643027187,-0.0437158469945355
24112,12,0.25,0.0,4,0.0,0.25,2023,0,1,603046.0,0.014405998439063107,,16.837539474037687,2.0387153617638885,-0.1159336945388498,
24171,5,0.2,0.2,3,0.0,0.0,2023,1,0,3281000.0,0.045608084627253645,,18.345590751312788,0.7754888644546494,-0.0068882995925231,
24260,8,0.125,0.0,7,0.14285714285714285,0.0,2023,0,0,448919.0,0.04914520627906618,0.4445192695097002,16.470875408498866,0.6419135194172216,0.073377583427107,1.1423868309121883
24295,8,0.25,0.0,9,0.1111111111111111,0.0,2023,0,0,2034000.0,0.0732972972972973,0.36591883336553443,17.587834619032844,0.6382097927830547,0.1096110945010464,0.5971929823068651
24392,9,0.1111111111111111,0.2222222222222222,4,0.0,0.0,2023,1,0,1125324.0,0.04702368918777408,0.8880563172039879,18.1085166850603,0.3269881478249742,-0.0103490763176554,-0.0305010893246185
24716,5,0.2,0.0,4,0.0,0.0,2023,0,0,1676447.0,0.10429861366491283,0.481084070835468,16.850887781593414,0.7724381471592872,0.028207213612147,-0.1235857270901015
24783,9,0.3333333333333333,0.0,5,0.0,0.0,2023,0,0,73119.0,0.0037255146727264853,,17.570809926347792,0.4591326435307822,0.0695840399616207,
24805,5,0.4,0.0,2,0.5,0.0,2023,0,0,27634.0,2.1129044023827437e-05,0.36992780392917257,21.89932980408452,0.4034649514002165,0.1139084667508952,0.7700258397932815
24821,7,0.14285714285714285,,7,0.14285714285714285,,2023,0,0,6905536.0,0.10383216971640907,0.4440620676574449,18.31911696710682,0.7361631126821621,0.0233965671650183,0.1536301644604893
24848,5,0.4,0.0,5,0.2,0.0,2023,0,0,683308.0,0.106684577849868,0.7815624402488964,16.0580967833169,0.6800988483758591,0.0002481509199316,3.0153846153846158
24910,8,0.25,0.0,8,0.25,0.0,2023,0,0,185305.0,0.1075952160033259,0.6171002670998044,15.342520319816884,0.3740436296854218,-0.0160140717941233,-0.1096296296296296
24929,10,0.3,0.0,6,0.5,0.0,2023,0,0,3059128.0,0.10460625786651281,0.22077040289107905,17.82756270047402,0.5292097981048045,0.0513466158148377,0.4600977198697069
25011,6,0.0,0.0,6,0.0,0.0,2023,0,0,68907.0,0.019221338706950947,,16.05349931481616,0.3824137886158325,-0.1725037330158181,
25100,6,0.0,0.0,6,0.0,0.0,2023,0,0,69447.0,0.03314824564460014,0.379249611527814,14.944336127212884,0.6775638473581859,0.1602869706984715,0.6860356138706654
25232,8,0.0,,8,0.25,,2023,0,0,17416.0,0.08862743501536834,0.5293158258050666,13.794281814247308,0.2007242120746275,-0.0261002354455334,-0.3429752066115702
25291,7,0.14285714285714285,0.0,3,0.0,0.0,2023,0,0,189453.0,0.013016559247114073,0.4960671784793272,16.817217845516833,0.7234031174573896,0.0211340954792026,-0.1873519456826039
25372,9,0.2222222222222222,0.2,5,0.4,0.2,2023,1,1,3012000.0,0.07813837652735621,0.4507397557780104,17.580818504027782,0.8927669824211965,0.0164439400606804,-0.2768572955638696
25585,7,0.2857142857142857,0.2857142857142857,5,0.0,0.0,2023,1,0,1753585.0,0.09233327162284063,0.36185729354083823,17.206341223763722,0.6396605256107109,0.1201975170260087,1.0390625
25780,7,0.14285714285714285,0.0,3,0.0,0.0,2023,0,0,116248.0,0.05029548293363781,0.4654160889901935,15.7367157514959,0.3384446809457762,0.1038100598841677,-0.2295140120610146
26620,7,0.2857142857142857,0.0,2,0.0,0.0,2023,0,0,96317.0,0.005793293284262034,0.1935473947502684,17.182618680679667,0.5734043117127121,-0.0109568495907697,-0.0731197771587742
2437,10,0.2,0.0,11,0.09090909090909091,0.18181818181818182,2024,0,1,7384239.0,0.04398743458346731,0.24420807164457994,19.484947692830243,0.5791243790822639,0.0358115892316773,-0.1787776708373436
2453,9,0.0,0.1111111111111111,7,0.2857142857142857,0.0,2024,1,0,2559.0,7.911882345640922e-05,0.2504551406365932,17.905291991599427,0.5415280494684165,0.1191974575716684,0.2537326388235901
2577,3,0.0,0.0,4,0.5,0.0,2024,0,0,519447.0,0.07925143010409162,,16.489210762026623,0.4522315832774404,0.0743712750109549,
3980,7,0.14285714285714285,0.0,9,0.1111111111111111,0.0,2024,0,0,939248.0,0.032794162518404314,0.29132384470379696,18.279284135738717,0.3299069776287238,0.0529757398917252,-0.0752761259005477
4030,5,0.0,0.2,8,0.0,0.0,2024,1,0,3005311.0,0.03397845850723397,0.3966349813200031,18.459003496367245,0.8512211162145593,-0.0148031039475104,-0.5218564490016191
4170,13,0.15384615384615385,0.15384615384615385,6,0.0,0.0,2024,1,0,19743000.0,0.06986075971762708,0.2347865420619337,20.022741512047418,0.5693950536442856,0.0613126479625245,-0.2649238647082603
4820,11,0.09090909090909091,0.09090909090909091,6,0.0,0.0,2024,1,0,16626000.0,0.15706687576166947,0.45563868169224414,18.436307999838064,1.0421166625646074,-0.1186512429239478,-0.3626857457347276
5258,10,0.3,0.0,5,0.2,0.0,2024,0,0,1272105.0,0.08093883075566768,0.25824474663664493,16.913968900065612,0.7091247981614669,0.0546555827450906,-0.2405937175581156
5410,7,0.14285714285714285,0.14285714285714285,13,0.0,0.0,2024,1,0,113787.0,0.006196035782981978,0.2534215096962365,17.540955785727288,0.4426275330352465,0.1522971447781703,0.4642064372918979
6505,5,0.2,,4,0.0,,2024,0,0,2660000.0,0.0846810136253661,0.7005384982856514,17.338601035918614,0.9269084363657824,-0.0308359644722476,-0.7177734375
8133,8,0.375,0.0,6,0.3333333333333333,0.0,2024,0,0,327887.0,0.034184668543092586,0.448246105674966,16.829308166281578,0.4709959296995422,0.058762194574013,-0.2293641619833473
8451,7,0.14285714285714285,0.0,3,0.0,0.0,2024,0,0,498534.0,0.09302019230823054,0.38749003491368766,16.06065222003427,0.56762944338832,0.1294650474334586,0.2872093023380748
8656,5,0.0,0.0,9,0.1111111111111111,0.0,2024,0,0,3372.0,0.00011751251924781533,0.2717491015728787,18.280826880852626,0.330020706848301,0.0530257619424475,-0.0456238361603815
8672,8,0.25,0.0,5,0.4,0.0,2024,0,0,179470.0,0.042793573643717685,0.25348077305614436,15.95603238233724,0.4931698188378614,0.0470228039597011,-0.2959641255605382
9512,11,0.18181818181818182,0.18181818181818182,9,0.2222222222222222,0.1111111111111111,2024,1,1,114325000.0,0.1509673398187996,0.2934348320416232,20.840868411876293,0.6732619308195168,0.0329028260210509,0.0428684837258532
10456,8,0.125,0.0,4,0.0,0.0,2024,0,0,106015.0,0.03781730831656171,0.3820418931484966,15.73825808411214,0.409862384818103,0.0157019470812057,-0.3326337880377753
11312,6,0.0,,3,0.0,,2024,0,0,14031985.0,0.38926666487272393,1.0143706377661135,16.799202031155495,1.824194554950379,0.4863261430760196,-0.7950840604943661
12653,6,0.16666666666666666,0.0,5,0.0,0.2,2024,0,1,4182371.0,0.08240535376857365,0.19064574656729658,17.899650428986355,0.8545701464495395,0.0344656730857045,0.2117758784300203
13986,9,0.2222222222222222,0.0,8,0.0,0.0,2024,0,0,31134808.0,0.23318367594856013,0.29463926600876006,18.927113362585533,0.8046502598093405,-0.0424543290322501,0.1756422454804949
14176,6,0.3333333333333333,0.0,9,0.4444444444444444,0.1111111111111111,2024,0,1,2518133.0,0.10791369280437103,,17.181562994567827,0.8056457327456974,0.0371230609180428,
14311,9,0.1111111111111111,0.1111111111111111,9,0.1111111111111111,0.0,2024,1,0,147583.0,0.0046486903530863375,0.22247000911861958,17.865278795312523,0.5532401835795929,0.0487829776567594,-0.0935093509350935
14320,8,0.125,0.0,6,0.0,0.0,2024,0,0,0.0,0.0,0.46729932681733805,17.50117961426146,0.3307627272314586,8.432026753752465e-05,-0.3988700564971751
14443,9,0.2222222222222222,0.0,3,0.0,0.0,2024,0,0,3220178.0,0.07312374833595899,0.2353052847743775,18.209532831412428,0.5439034412588187,0.1183167062782226,0.2255920230091468
14460,8,0.125,0.125,6,0.16666666666666666,0.0,2024,1,0,344931.0,0.030547337120898133,0.35325260198704783,16.871442045214437,0.5315996516541953,0.090440913175213,-0.3047579983593108
14826,9,0.2222222222222222,0.1111111111111111,4,0.0,0.0,2024,1,0,0.0,0.0,0.6396908416363362,16.796281466378105,0.8510379130081713,-0.1219611226716743,-0.3734643734643735
15253,7,0.14285714285714285,0.0,5,0.2,0.2,2024,0,1,499596.0,0.009077220969471314,0.24370324649787933,18.16167233131006,0.713102516734126,0.0600697422222869,-0.2899961075264695
16101,5,0.0,0.0,6,0.3333333333333333,0.0,2024,0,0,88018.0,0.02627112042218608,0.9573188548412113,15.483663882598153,0.6318632791732447,-0.0076801549194916,-0.7659625370166183
16292,9,0.2222222222222222,0.0,8,0.0,0.0,2024,0,0,6635019.0,0.14369017221807961,0.3905006731496711,17.953474414612604,0.7367501556759182,0.058905457091109,0.8257739380849531
16306,4,0.0,0.0,3,0.6666666666666666,0.0,2024,0,0,123172.0,0.10129934428305787,0.5023302882095786,13.034770740606852,2.6544610286268164,0.1877236299493305,-0.3301435406698564
17329,9,0.2222222222222222,0.0,8,0.125,0.0,2024,0,0,1809587.0,0.047832301748077545,0.18224531075514355,17.72977706485991,0.7549424441715419,0.0858639678110171,-0.195193833580123
17450,10,0.3,0.1,4,0.0,0.0,2024,1,0,875202.0,0.024544428735896382,0.2539889488477267,17.739324239375136,0.7047981299713995,-0.0187623103683683,-0.1967582170193607
17671,12,0.3333333333333333,0.08333333333333333,5,0.0,0.0,2024,1,0,3395232.0,0.061573439725934036,0.2305307035376369,18.64334956660075,0.441338890498853,0.0444797668090038,-0.1324429604897049
17892,7,0.2857142857142857,,3,0.0,,2024,0,0,226586.0,0.0464288648834504,0.34134138528798685,15.527801404700355,0.8806564913431795,0.1338891974616909,0.4508287292817678
17973,6,0.3333333333333333,0.0,7,0.0,0.0,2024,0,0,618543.0,0.05805045674603119,0.5762292931793424,17.001879719915934,0.4402929290424952,0.0409758103171848,-0.688571428560653
18376,9,0.0,0.25,5,0.2,0.0,2024,1,0,1235964.0,0.05319783845205276,0.2093114558560759,17.583770161847188,0.5365095817001747,0.0820404385378451,-0.0416493127863389
18465,9,0.2222222222222222,0.1111111111111111,5,0.0,0.0,2024,1,0,20959.0,0.0008830556869856408,0.3131290813093801,17.493280377992654,0.5999945801203567,0.0638529570474032,-0.382101167315175
18627,9,0.2222222222222222,0.0,9,0.1111111111111111,0.0,2024,0,0,697190.0,0.0720290211278861,0.24334038391286297,16.836325611885727,0.4719764482153306,0.0753533742929588,-0.0515358361774744
18660,6,0.16666666666666666,0.0,8,0.125,0.14285714285714285,2024,0,1,2728.0,4.9300463827365966e-05,0.17760612802545744,18.160992417965787,0.7174217975102917,0.0747000415951449,-0.1719528178243774
18724,8,0.125,0.0,2,0.0,0.0,2024,0,0,528.0,0.00427471522138653,0.2407245104394769,15.968072906138676,0.0143509544220649,0.1385179584156124,-0.3260162601626017
18821,11,0.18181818181818182,0.0,8,0.125,0.0,2024,0,0,0.0,0.0,0.24382380883735005,17.89469239487714,0.7630664408755495,0.0221942366409559,-0.2863157894736842
19445,7,0.14285714285714285,0.2857142857142857,5,0.0,0.0,2024,1,0,697742.0,0.09348648634163857,0.2802562059909886,16.557110873439754,0.481154043547137,0.0848980088628075,0.0062832286128564
19453,9,0.1111111111111111,0.0,5,0.2,0.0,2024,0,0,84108.0,0.0032847584209914605,0.48132625092907194,17.19296434490944,0.8740259533680989,0.0311799714378188,-0.5646817248459959
19550,3,0.0,0.0,4,0.5,0.0,2024,0,0,55769.0,0.005021827828628786,0.3954994080907547,16.826881605919954,0.5466498195393664,0.0374418035253741,-0.2224253503961
19569,9,0.1111111111111111,0.0,3,0.6666666666666666,0.0,2024,0,0,4295920.0,0.08093784136867384,,16.992991766062055,2.2127992353622767,-0.252940756377161,
19623,5,0.2,0.0,8,0.25,0.0,2024,0,0,1461246.0,0.07888894689540574,,17.09108692964509,0.7000715574229516,-0.0452002309581683,
19739,8,0.25,0.0,8,0.125,0.14285714285714285,2024,0,1,4149864.0,0.06814126682838624,0.4281046525610847,18.28421484415597,0.6980556523757666,0.020784445558286,-0.4981928924560452
19763,3,0.0,0.0,3,0.3333333333333333,0.0,2024,0,0,50599.0,0.0019506509481700257,,17.469016403320023,0.6718385847692667,0.06396289811374,
19836,9,0.2222222222222222,0.0,3,0.3333333333333333,0.0,2024,0,0,5915360.0,0.05806913566382382,0.32414859247120453,18.766154502185085,0.7211049415166018,-0.0577759097166986,-0.5629351901446171
19879,9,0.0,0.0,5,0.2,0.25,2024,0,1,62460.0,0.0031035710246713525,0.5478268304643497,17.04803919755986,0.794092218957632,0.0648595717879906,-0.3985185185185186
19909,3,0.3333333333333333,0.0,4,0.25,0.0,2024,0,0,377688.0,0.04608138399347593,,16.83727298822195,0.3992757401094087,0.0330124489963141,
19992,7,0.42857142857142855,0.0,8,0.125,0.0,2024,0,0,244153.0,0.0688802685775546,0.33113000642829216,15.959301657616766,0.4154613119674213,0.0862010138399978,-0.2071724955542383
20010,5,0.2,0.0,1,0.0,0.0,2024,0,0,822656.0,0.009507780483690718,0.23950881459781528,18.572646962437467,0.7432604659596742,0.0323660967484898,-0.2003381600919145
20087,11,0.18181818181818182,0.09090909090909091,4,0.0,0.0,2024,1,0,1855356.0,0.03533418487297656,0.42130432870075357,18.10897531424223,0.7171402927282512,0.0262747665867819,1.4033361847733103
20257,8,0.125,0.0,5,0.2,0.0,2024,0,0,986088.0,0.07308909276735305,0.14314731686045878,16.832568465118005,0.6603459247138662,0.0829086823695629,-0.1118918918918918
20362,9,0.1111111111111111,0.0,4,0.25,0.0,2024,0,0,231869.0,0.08219780734001544,0.4893337841556452,15.31222469009944,0.6314918758438294,0.0190369929440134,-0.2481857764876632
20478,3,0.3333333333333333,0.0,2,0.0,0.0,2024,0,0,443112.0,0.11455407459954339,1.56403000414912,13.189367606184804,7.234914430000935,-0.8039801739455719,-0.9782608695652174
20494,3,0.0,0.0,5,0.4,0.0,2024,0,0,254090.0,0.09489096072943061,,15.682206489386711,0.4140635365292828,0.0573236549106881,
20516,7,0.14285714285714285,0.0,11,0.09090909090909091,0.0,2024,0,0,1103909.0,0.08171608750797056,0.32088281798307855,16.829644919693703,0.6631378062503065,0.0724680409331707,-0.2112580535774838
20524,5,0.0,0.0,10,0.1,0.0,2024,0,0,54859.0,0.017640105701079968,0.37825560647612794,15.460105939745851,0.6004930763476667,0.0253948993939656,-0.2928759894459102
20605,7,0.0,0.0,6,0.3333333333333333,0.0,2024,0,0,28525.0,0.003825145332055469,0.3488224596517935,16.4028043322607,0.5609579451150981,0.064808289190399,-0.2422360248447205
20745,6,0.16666666666666666,0.0,4,0.0,0.0,2024,0,0,1396290.0,0.10366078189728133,0.21659317163009925,16.681950555415316,0.7664469031045373,0.0274105852725524,-0.0611587980779801
20770,7,0.14285714285714285,0.0,8,0.0,0.0,2024,0,0,39007.0,0.02463483827288987,0.418236977105285,15.682150819691085,0.2448619306725983,0.0662979580715109,-0.4281942976641499
20788,7,0.14285714285714285,0.0,4,0.0,0.0,2024,0,0,6777033.0,0.057641542575429104,0.49521103039917064,18.73920821053419,0.8550062406670973,0.0282224280203803,0.8470715835140998
20915,8,0.25,0.0,7,0.14285714285714285,0.2857142857142857,2024,0,1,838327.0,0.03817472321826368,0.5007380363692738,17.197548463464212,0.7461689222545161,-0.0163807593074534,-0.5128440366972478
20931,10,0.1,0.3,7,0.0,0.0,2024,1,0,4418686.0,0.10507002086497914,0.3917832444823999,17.556552958209043,0.997930396866814,-0.0371081073333767,-0.3121621621621622
20982,6,0.16666666666666666,0.0,6,0.0,0.0,2024,0,0,386883.0,0.056347392496859904,0.25301480349325917,16.34218283690929,0.5487644824274299,0.1071776956810614,-0.2657610588645072
20990,7,0.42857142857142855,0.0,2,0.5,0.0,2024,0,0,10743000.0,0.8597839135654262,2.4025833753006824,16.67570943622307,0.7154308617234469,0.4741482965931863,-0.9347368421052632
21016,9,0.2222222222222222,0.0,4,0.25,0.0,2024,0,0,557467.0,0.08198690367358369,0.5037156348236018,16.11191901475432,0.6841591785578881,0.0343322039792224,-0.6256567425569177
21091,10,0.2,0.0,15,0.26666666666666666,0.0,2024,0,0,813996.0,0.07434422183182689,0.378040034540886,16.713856548101468,0.6034473446203754,0.009610556814305,-0.2605459057227124
21350,7,0.2857142857142857,0.0,7,0.14285714285714285,0.14285714285714285,2024,0,1,185284.0,0.023622150642780695,0.32467252113372586,16.124813634688742,0.7791138054827629,0.0722795921809451,0.2424100887322555
21431,9,0.3333333333333333,0.0,5,0.2,0.0,2024,0,0,1213227.0,0.09739112858168535,0.3336268644965063,17.016592323412617,0.5072365283345474,0.054190744825448,-0.4925666199158486
21881,10,0.1,0.0,5,0.4,0.0,2024,0,0,521946.0,0.06789471691933183,0.22507360957665817,16.385249197713414,0.5885268491802049,0.0462130648172886,-0.3335173937051352
22187,8,0.125,0.125,3,0.0,0.3333333333333333,2024,1,1,189701.0,0.006361115007380631,0.3111774377513882,17.836319176700744,0.534960082007435,0.184794882302666,-0.1290672451193059
22349,7,0.2857142857142857,0.0,5,0.0,0.0,2024,0,0,381318.0,0.050626192407624504,0.38762350151660996,16.540322493019676,0.493788820893766,0.0221947750506521,-0.5518181818181818
22357,9,0.2222222222222222,0.0,8,0.375,0.0,2024,0,0,569805.0,0.04331711299828877,0.23507839078356946,17.121986553115974,0.4820393282369793,0.0297550019623442,-0.3209598800149982
22470,8,0.375,0.0,5,0.2,0.2,2024,0,1,1875712.0,0.07216331912364582,0.5870861141164411,17.43482174293892,0.6966309745282585,0.012026123169744,-0.6999614215450289
22691,3,0.0,0.0,4,0.0,0.25,2024,0,1,145195.0,0.06866891692808574,,16.76812935940078,0.1103787345765469,0.0435786514278984,
23264,11,0.2727272727272727,0.0,13,0.23076923076923078,0.0,2024,0,0,4213869.0,0.06696394029090809,0.21927788302979603,18.90623747546075,0.3872268119019827,0.0913613893434837,-0.193127147766323
23272,8,0.125,0.125,4,0.0,0.0,2024,1,0,168218.0,0.05308527511450613,0.3131284365710413,15.728631984195992,0.4677785616340584,0.0508366964605862,-0.2152505446623093
23310,5,0.0,0.0,3,0.3333333333333333,0.0,2024,0,0,177959.0,0.05378003611949897,0.6379928815622493,15.16115166032723,0.8615775254592454,-0.0269071781636848,-0.6387434554973822
24112,12,0.25,0.0,4,0.0,0.25,2024,0,1,308038.0,0.005431790566542221,,17.084126305362425,2.158338193159924,-0.3482927060964509,
24171,7,0.5714285714285714,0.14285714285714285,3,0.0,0.0,2024,1,0,3443000.0,0.04438342743702787,,18.422558978964137,0.7742843454305904,0.0193635964386952,
24260,8,0.125,0.0,7,0.14285714285714285,0.0,2024,0,0,516045.0,0.04007019748536401,0.330357019487593,16.725156590095093,0.701815370668014,0.0240091961429299,-0.3258750002609367
24295,7,0.0,0.0,9,0.2222222222222222,0.0,2024,0,0,1995000.0,0.06971867901450288,0.27701373010714225,17.7073308560749,0.5839795918367346,0.129938775510204,-0.1861313867453952
24392,9,0.1111111111111111,0.2222222222222222,4,0.0,0.0,2024,1,0,1100267.0,0.04432499206473037,0.44464529847120027,18.112791147844938,0.3377257490464648,-0.0088350901717268,-0.5055432372505544
24716,5,0.2,0.0,4,0.0,0.0,2024,0,0,1907552.0,0.10695761184938042,0.5251215527293557,16.82499912830764,0.8795497485898697,0.0187884545402045,-0.4776005130177994
24783,8,0.25,0.0,5,0.0,0.0,2024,0,0,8369.0,0.00038994799885713413,,17.430028011508156,0.5779654625430034,-0.2404755414010714,
24805,5,0.4,0.0,4,0.0,0.0,2024,0,0,61212.0,3.445094368224508e-05,0.342633271560188,22.175752891712087,0.4157462437071749,0.1528860968300079,-0.4236526946107783
24821,7,0.14285714285714285,,6,0.0,,2024,0,0,5254119.0,0.06922786485203294,0.3051842281451493,18.446327847213013,0.7397425026766147,0.0383450410798928,-0.1093202522775051
24848,5,0.4,0.0,5,0.2,0.0,2024,0,0,506249.0,0.07505087532842698,0.6465990727661867,16.123471077431265,0.6709248819786234,0.0450052263306006,-0.0086206896551722
24910,8,0.25,0.0,7,0.14285714285714285,0.0,2024,0,0,73144.0,0.05783144723307392,0.43649138002424354,15.204456899473549,0.3153573186403505,0.0105205626458938,-0.4420168067226891
24929,10,0.3,0.0,6,0.5,0.0,2024,0,0,3051173.0,,0.25602805723915256,,,,
25011,6,0.0,0.0,6,0.0,0.0,2024,0,0,,,,,,,
25100,6,0.16666666666666666,0.0,6,0.0,0.0,2024,0,0,102856.0,0.03394860840278887,0.31197110349397233,15.28322245048508,0.6982138803653589,0.1610427500319752,0.0210526315789474
25232,8,0.0,,8,0.25,,2024,0,0,13666.0,0.09951647199324226,0.7478932307702585,13.095596314629248,0.2820987933294165,-0.0232829492557426,-0.6617466174661747
25291,7,0.14285714285714285,0.0,3,0.0,0.0,2024,0,0,843159.0,0.024842578431468452,0.47777215411955687,17.610184740951834,0.7633201943147077,-0.0204591619325289,-0.1184407796101949
25372,9,0.2222222222222222,0.1111111111111111,4,0.0,0.25,2024,1,1,3233000.0,0.08014775149982646,0.429453031499512,17.635264753929007,0.8847410786743579,0.0168666242624964,-0.5738077214231643
25585,7,0.2857142857142857,0.0,5,0.0,0.0,2024,0,0,448040.0,0.01715195408586811,0.3952714791536079,17.40982982346017,0.7178110835837919,0.1244188969231582,-0.2817294281729428
25780,7,0.14285714285714285,0.0,5,0.0,0.2,2024,0,1,868742.0,0.2712873958481014,0.3905926063189376,15.822054875008943,0.4305564276293967,0.0588226989698653,-0.2291963861150737
25917,8,0.25,0.0,6,0.0,0.0,2024,0,0,3126070.0,0.029475169121546293,0.34701072567530383,18.668971906768267,0.827391225893605,0.0047910527509392,-0.4404145077720206
26620,8,0.375,0.0,4,0.0,0.0,2024,0,0,264991.0,0.00692411071083166,0.1817620417510203,17.781152374668274,0.7254554748779133,0.0051535124737278,-0.3430711610486892
27707,2,0.0,0.0,2,0.0,0.0,2024,0,0,30929.0,0.004681091291042223,,16.00266257697785,0.7415675454965217,-0.0118388713913058,
