CD_CVM,board_size,pct_female_board,pct_black_brown_board,exec_size,pct_female_exec,pct_black_brown_exec,year,has_black_brown_board,has_black_brown_exec,leadership_n,pct_female_leadership,pct_black_brown_leadership,cost_of_debt_proxy,return_volatility,ln_total_assets,leverage,roa
2437,9,0.1111111111111111,0.0,11,0.18181818181818182,0.0,2023,0,0,907.0,0.24035281146637266,0.237045203969129,0.10550129659808034,0.3139948222870105,19.402975125638708,0.5788750394699416,0.0164566000418771
2453,11,0.0,0.09090909090909091,7,0.14285714285714285,0.0,2023,1,0,199.0,0.18592964824120603,0.1708542713567839,0.05440933096900311,0.2687996740624014,17.82284519774114,0.5517244156735772,0.1048513929434284
2577,3,0.0,0.0,4,0.5,0.0,2023,0,0,,,,0.12501116908433127,,16.423237977137106,0.4132458875659162,-0.0331193989820743
3980,7,0.14285714285714285,0.0,8,0.0,0.0,2023,0,0,4610.0,0.2438177874186551,0.14273318872017354,0.08820549848923515,0.29171540667401974,18.131466084355303,0.3424748839369261,0.1006472391907265
4030,5,0.0,0.2,6,0.0,0.0,2023,1,0,1269.0,0.13317572892040977,0.32466509062253746,0.08082870816045046,0.4057447219387455,18.33217428624998,0.7849350134579238,0.0043991066508233
4170,12,0.16666666666666666,0.16666666666666666,9,0.2222222222222222,0.0,2023,1,0,5355.0,0.20709617180205417,0.2907563025210084,0.046095808801555546,0.2756958107024408,19.93796827914377,0.5650614933857329,0.0889373311344257
4820,11,0.09090909090909091,0.0,6,0.0,0.0,2023,0,0,981.0,0.3312945973496432,0.12232415902140673,0.04985191381610183,0.5222556127432142,18.334479947444503,0.9642580743615178,-0.0533022312815426
5258,10,0.3,0.0,5,0.2,0.0,2023,0,0,3630.0,0.6286501377410468,0.4019283746556474,0.09188971990907792,0.2327235780868046,16.815952324427126,0.7000011246907847,0.0541017572447504
5410,7,0.14285714285714285,0.14285714285714285,13,0.0,0.0,2023,1,0,1869.0,0.10914927768860354,0.021936864633493848,0.10445901306704383,0.25259353827212305,17.265379684086113,0.4331145878543713,0.1862955518224856
6505,5,0.2,,4,0.0,,2023,0,0,1596.0,0.3383458646616541,0.31704260651629074,0.0,0.6964911629966176,17.28112145295085,0.8920490061257658,-0.0820415051881485
8133,8,0.25,0.0,5,0.4,0.0,2023,0,0,3072.0,0.4892578125,0.2965494791666667,0.06310434602008136,0.47892185127422,16.8354786568704,0.5096677321613899,0.0476441485130916
8451,7,0.14285714285714285,0.0,3,0.0,0.0,2023,0,0,527.0,0.0872865275142315,0.058823529411764705,0.15033715390770505,0.35951122967328136,15.889851991172648,0.5492433194213111,0.1018695983806622
8656,3,0.0,0.0,8,0.0,0.0,2023,0,0,4610.0,0.2438177874186551,0.14273318872017354,0.08838419140120807,0.28033973940974455,18.136093371306902,0.3410631836028442,0.1008220892731119
8672,8,0.125,0.0,5,0.6,0.0,2023,0,0,173.0,0.5895953757225434,0.13872832369942195,0.13087795480057474,0.2908169433296236,15.868566927357364,0.4638488058863821,0.0396492206621961
9512,11,0.09090909090909091,0.18181818181818182,9,0.1111111111111111,0.125,2023,1,1,4528.0,0.02318904593639576,0.2124558303886926,0.033927257279955964,0.33808362007744064,20.77290135798673,0.6361743592085931,0.1191049854979788
10456,8,0.125,0.0,3,0.0,0.0,2023,0,0,128.0,0.4375,0.0546875,0.07539418490247016,0.5344993101137903,15.660398228774216,0.41089966177202,-0.2951429096583124
11312,9,0.1111111111111111,0.0,3,0.3333333333333333,0.0,2023,0,0,1537.0,0.328562134027326,0.0,0.13449658507715678,1.049762145716521,17.078363497123462,2.044382013891385,-0.2077692582683001
12653,11,0.36363636363636365,0.0,6,0.0,0.0,2023,0,0,1648.0,0.0,0.18021844660194175,0.02461133966709014,0.2277301205965133,17.83071612903802,0.7522754975269096,0.0513647320838269
13986,9,0.3333333333333333,0.0,7,0.0,0.0,2023,0,0,1404.0,0.24216524216524216,0.32336182336182334,0.047165756968133854,0.26242298018390914,18.78249364097532,0.6879353993691546,0.0982386226629044
14176,6,0.3333333333333333,0.0,9,0.4444444444444444,0.1111111111111111,2023,0,1,,,,0.09344567684060932,,17.169997286773796,0.9014031865216976,0.0454656253443612
14311,9,0.1111111111111111,0.1111111111111111,7,0.14285714285714285,0.0,2023,1,0,387.0,0.22997416020671835,0.09043927648578812,0.07190301753159846,0.22420231203072408,17.83762619689866,0.5666057269240977,0.0416912684721355
14320,8,0.0,0.0,6,0.0,0.0,2023,0,0,305.0,0.16393442622950818,0.24262295081967214,0.0,0.30659428374952613,17.50842563299488,0.3389372639654083,0.0408440359086933
14443,11,0.2727272727272727,0.18181818181818182,6,0.5,0.0,2023,1,0,1904.0,0.07563025210084033,0.1948529411764706,0.07587460591699498,0.28541184144982906,17.934075377332036,0.5142848353572891,0.0573202561333151
14460,9,0.1111111111111111,0.1111111111111111,6,0.16666666666666666,0.0,2023,1,0,350.0,0.4057142857142857,0.21142857142857144,0.06289363970000589,0.3961371396192088,16.670324220459726,0.5106943676890485,0.0636513309385649
14826,8,0.0,0.0,4,0.0,0.0,2023,0,0,1099.0,0.38034576888080074,0.4176524112829845,0.0,0.5452458298664877,16.90882315985713,0.7858503401360544,-0.0967800453514739
15253,7,0.14285714285714285,0.16666666666666666,5,0.2,0.0,2023,1,0,1207.0,0.2195526097763049,0.3628831814415907,0.07955226824175032,0.2949966331701552,18.03602468300056,0.7691193034143518,0.0379549292358866
16101,5,0.0,0.0,7,0.42857142857142855,0.0,2023,0,0,131.0,0.45038167938931295,0.366412213740458,0.048870542140942254,1.2069656298687037,15.449907388989567,0.6669587514739976,-0.0381303321164216
16292,9,0.2222222222222222,0.0,8,0.0,0.0,2023,0,0,3033.0,0.2713484998351467,0.2522255192878338,0.09664949202749255,0.6157840532424372,17.86332397750545,0.7268537607061311,-0.0326311122922177
16306,5,0.2,0.0,2,0.5,0.0,2023,0,0,18.0,0.5,0.3333333333333333,0.07395146966137627,0.5154560327923433,13.203906497357725,2.573809172688394,0.4695159268544462
17329,9,0.2222222222222222,0.0,8,0.125,0.0,2023,0,0,285.0,0.11929824561403508,0.22105263157894736,0.0744247848149097,0.17731597092274015,17.558510539822407,0.7675232086377963,0.0812102497999205
17450,10,0.3,0.1,5,0.0,0.0,2023,1,0,485.0,0.2288659793814433,0.15051546391752577,0.09748544544146273,0.27038143162271516,17.712185095981603,0.6776693922609565,0.0146616557845176
17671,12,0.3333333333333333,0.08333333333333333,5,0.0,0.0,2023,1,0,4122.0,0.3508005822416303,0.22343522561863174,0.08581530741336543,0.22059831602435157,18.609133301028614,0.4233188264372155,0.0417430952546994
17892,8,0.25,,3,0.0,,2023,0,0,299.0,0.1705685618729097,0.32441471571906355,0.0646933729239325,0.3224284026133647,15.364740824135549,0.5290800780399525,0.107119924296573
17973,6,0.3333333333333333,0.0,6,0.0,0.0,2023,0,0,1937.0,0.551368094992256,0.275684047496128,0.10395351928109581,0.459105118605218,17.03980618911259,0.4944960115353907,-0.0203435625027077
18376,9,0.0,0.1111111111111111,5,0.6,0.0,2023,1,0,109.0,0.1926605504587156,0.08256880733944955,0.05759823535424156,0.21230659449867842,17.396558557274215,0.5045630945436566,0.0805421579856688
18465,9,0.2222222222222222,0.0,5,0.0,0.0,2023,0,0,1174.0,0.31601362862010224,0.2061328790459966,0.07761549471169939,0.3212839857961701,17.459705724748318,0.6332260918090136,0.0658202110040125
18627,9,0.1111111111111111,0.0,8,0.125,0.0,2023,0,0,142.0,0.33098591549295775,0.09859154929577464,0.0682882058521773,0.24124344934443756,16.749575118996827,0.4817991262985002,0.0799495104873163
18660,4,0.25,0.0,8,0.125,0.125,2023,0,1,12.0,0.3333333333333333,0.08333333333333333,0.08171676974188936,0.24104255589797433,18.13261495789193,0.7332476231181331,0.0738571612280001
18724,9,0.1111111111111111,0.0,2,0.0,0.0,2023,0,0,19.0,0.05263157894736842,0.0,0.009355233083506087,0.29260151040150517,15.88116473929956,0.0071528167312974,0.240368683288093
18821,11,0.18181818181818182,0.0,7,0.0,0.0,2023,0,0,1935.0,0.3297157622739018,0.2558139534883721,0.0,0.25909515885919104,17.81633409222826,0.7606793658899347,0.0339384096797379
19445,6,0.0,0.0,5,0.2,0.25,2023,0,1,1345.0,0.041635687732342004,0.5368029739776952,0.05079656434863282,0.32070784353517146,16.46803839440322,0.4662510131352219,0.0972064353264016
19453,9,0.1111111111111111,0.0,5,0.2,0.0,2023,0,0,324.0,0.2839506172839506,0.2037037037037037,0.08202043376581013,0.44137407213061347,17.07206363623357,0.8849664334236097,0.0229828303274346
19550,3,0.0,0.0,4,0.5,0.0,2023,0,0,,,,0.20748791136842937,0.5164626967043792,16.788862448663174,0.5207430817363731,0.3292850713419252
19569,9,0.1111111111111111,0.0,3,0.3333333333333333,0.0,2023,0,0,455.0,0.35384615384615387,0.16703296703296702,0.07689735832385722,,16.63248655156494,2.385079833463608,-0.0730745440355409
19623,7,0.14285714285714285,0.0,13,0.15384615384615385,0.0,2023,0,0,3040.0,0.6710526315789473,0.12697368421052632,0.1168521362008638,,17.08177365865215,0.7202242000213633,-0.0430992782262371
19739,8,0.25,0.0,8,0.125,0.16666666666666666,2023,0,1,1693.0,0.47666863555818073,0.0,0.09451029859636857,0.3253374818211839,18.209306215203156,0.68624175516934,0.0222749222195576
19763,3,0.0,0.0,2,0.5,0.0,2023,0,0,169.0,0.21301775147928995,0.17159763313609466,0.09523777228798898,,17.437861859602926,0.6776517100135808,0.0370097492180657
19836,10,0.2,0.0,4,0.25,0.0,2023,0,0,42.0,0.5238095238095238,0.023809523809523808,0.14291177413057046,0.31693793755631583,18.75619096083809,0.6354982250003793,0.0349246105801934
19879,9,0.0,0.0,7,0.14285714285714285,1.0,2023,0,1,160.0,0.26875,0.175,0.06999765484610825,0.8079235869614512,16.981699950057074,0.8694735272718196,0.0107586409981457
19909,3,0.3333333333333333,0.0,4,0.25,0.0,2023,0,0,,,,0.04983936441291312,,16.851488884215865,0.3692914931787765,0.1229944012243593
19925,3,0.0,0.0,2,0.0,0.0,2023,0,0,10.0,0.1,0.0,,,,,
19992,7,0.42857142857142855,0.0,8,0.125,0.0,2023,0,0,1529.0,0.36886854153041204,0.1484630477436233,0.09778682345135421,0.3304856245748494,15.99353645892257,0.4322402892332645,0.086583658592389
20010,7,0.2857142857142857,0.0,9,0.0,0.1111111111111111,2023,0,1,723.0,0.2351313969571231,0.5076071922544951,0.10219711785098769,0.2287210792685407,18.456467220706735,0.7560515545159573,0.0277517194236255
20087,11,0.09090909090909091,0.09090909090909091,4,0.0,0.0,2023,1,0,945.0,0.15661375661375662,0.033862433862433865,0.04650780518621416,0.32846563963818254,17.770616577480375,0.7181248303200837,0.0150256043785023
20257,11,0.09090909090909091,0.0,4,0.0,0.0,2023,0,0,74.0,0.22972972972972974,0.28378378378378377,0.08237148558743729,0.15755786377641862,16.783288525384126,0.65656701419368,0.0703305153836851
20362,9,0.1111111111111111,0.0,4,0.25,0.0,2023,0,0,330.0,0.30303030303030304,0.19090909090909092,0.12016657030903,0.5540046981101124,15.33760969436498,0.6515745990742133,0.0547558149762333
20478,3,0.0,0.0,2,0.0,0.0,2023,0,0,42.0,0.35714285714285715,0.16666666666666666,0.08687978983367513,1.4917431227282214,13.415332946376148,5.954547963969018,1.670236242560068
20494,3,0.0,0.0,5,0.6,0.0,2023,0,0,,,,0.1585410126894769,,15.631069069936348,0.4034598707430881,0.0506055245766666
20524,5,0.2,0.0,9,0.1111111111111111,0.0,2023,0,0,95.0,0.43157894736842106,0.14736842105263157,0.01433674397720967,0.4479331110460405,15.803197080261269,0.6054172639820438,0.0467613849121526
20605,6,0.0,0.0,6,0.3333333333333333,0.0,2023,0,0,358.0,0.4748603351955307,0.329608938547486,0.054250772485774854,0.4017458590360544,16.2204779461169,0.5285329058701476,0.0449414965730941
20745,6,0.16666666666666666,0.0,4,0.0,0.0,2023,0,0,414.0,0.10869565217391304,0.3671497584541063,0.11639395043663112,0.2366570044324002,16.579078590850294,0.6694146774806106,0.059154969016136
20770,6,0.0,0.0,7,0.0,0.0,2023,0,0,57.0,0.47368421052631576,0.2631578947368421,0.04312106770948655,0.4525333411884328,15.586950986577742,0.1997259545157974,0.0418579304123132
20788,7,0.14285714285714285,0.0,4,0.0,0.0,2023,0,0,2683.0,0.20163995527394707,0.27059262020126723,0.16144409680267066,0.4241318311147433,18.690361531116835,0.809935442071711,-0.0276526750836068
20915,7,0.2857142857142857,0.0,7,0.14285714285714285,0.2857142857142857,2023,0,1,1383.0,0.4201012292118583,0.27114967462039047,0.02669551598041019,0.5608845240278996,17.03725035773832,0.6982796780210614,-0.0007354506686462
20931,10,0.1,0.3,6,0.0,0.0,2023,1,0,1201.0,0.22647793505412156,0.0,0.07503260114229648,0.45161421132318175,17.168712849302004,0.9769340963890732,0.0138326526464115
20982,7,0.2857142857142857,0.0,6,0.0,0.0,2023,0,0,39.0,0.38461538461538464,0.10256410256410256,0.0800101935160374,0.2776399712530761,16.261063232386647,0.3989734178711761,0.0884598008966688
20990,7,0.14285714285714285,0.0,2,0.5,0.0,2023,0,0,9367.0,0.5247144229742714,0.6782320913846482,0.0757616367372465,1.4104352473801445,17.1155976382573,2.0639867232159324,-0.0837912594504886
21016,9,0.1111111111111111,0.0,4,0.25,0.0,2023,0,0,1426.0,0.5336605890603086,0.18373071528751753,0.16096657240473533,0.6464309952248161,16.044190304428486,0.6708421641079134,0.0166513487451435
21091,8,0.125,0.0,7,0.2857142857142857,0.0,2023,0,0,683.0,0.2913616398243045,0.15666178623718888,0.09311828656948498,0.47510232538634184,16.701460944877947,0.6360567572799357,0.0452702703833818
21350,7,0.2857142857142857,0.0,7,0.14285714285714285,0.0,2023,0,0,239.0,0.4225941422594142,0.4393305439330544,0.05274571819289172,0.36587284467713876,15.839914699569205,0.7212495961882815,0.0510958188746946
21431,9,0.3333333333333333,0.0,5,0.2,0.0,2023,0,0,1280.0,0.396875,0.36328125,0.09667868484331851,0.2943388845631396,17.014540795413524,0.5300505929494327,0.0673453331016337
21881,10,0.2,0.0,4,0.25,0.0,2023,0,0,966.0,0.6625258799171843,0.28467908902691513,0.09351159965731412,0.29343877041454886,16.26478726672016,0.5586283139987952,0.0363406012866356
22187,8,0.125,0.0,3,0.0,0.0,2023,0,0,139.0,0.12949640287769784,0.2517985611510791,0.17851480102201592,0.370563985440178,17.158758577775437,0.5097907762273598,0.1829648349266636
22349,5,0.4,0.0,3,0.0,0.0,2023,0,0,832.0,0.5252403846153846,0.20793269230769232,0.055836523833983465,0.4389435801335729,15.60324594140873,0.5098483844452655,0.0667134210991341
22357,9,0.2222222222222222,0.0,10,0.3,0.0,2023,0,0,354.0,0.3502824858757062,0.3107344632768362,0.06715354653995587,0.2995729774461177,17.135465164938214,0.4538963765806509,0.1263204743322223
22470,7,0.42857142857142855,0.0,6,0.16666666666666666,0.0,2023,0,0,5577.0,0.46548323471400394,0.4125874125874126,0.10049800440179765,0.7514854645460017,17.438652559175765,0.7434116457460882,-0.0261407622098233
22691,3,0.0,0.0,4,0.0,0.0,2023,0,0,,,,0.27793842604018304,,16.82491212952157,0.2653961134807474,0.0355743844111911
23264,11,0.18181818181818182,0.0,14,0.21428571428571427,0.0,2023,0,0,7427.0,0.2781742291638616,0.21300659754948162,0.11961928392413373,0.22536148383651225,18.703180408395365,0.3957983652394184,0.1127864358689728
23272,7,0.14285714285714285,0.14285714285714285,3,0.0,0.0,2023,1,0,78.0,0.3974358974358974,0.2564102564102564,0.06873497357887325,0.4509833159069676,15.64880296892971,0.4032690350622637,0.0311714308783593
23310,7,0.0,0.0,2,0.0,0.0,2023,0,0,369.0,0.26558265582655827,0.16531165311653118,0.09408006310392428,0.7960336721492198,15.20949626470682,0.8491747715885647,-0.1133448643027187
24112,12,0.25,0.0,4,0.0,0.25,2023,0,1,2898.0,0.40062111801242234,0.1559696342305038,0.09516567031981768,,16.837539474037687,2.0387153617638885,-0.1159336945388498
24171,5,0.2,0.2,3,0.0,0.0,2023,1,0,5468.0,0.37179956108266277,0.44092904169714703,0.06256689695436411,,18.345590751312788,0.7754888644546494,-0.0068882995925231
24260,8,0.125,0.0,7,0.14285714285714285,0.0,2023,0,0,689.0,0.4412191582002903,0.4644412191582003,0.10223051114872414,0.4445192695097002,16.470875408498866,0.6419135194172216,0.073377583427107
24295,8,0.25,0.0,9,0.1111111111111111,0.0,2023,0,0,273.0,0.2271062271062271,0.20146520146520147,0.07286486486486486,0.36591883336553443,17.587834619032844,0.6382097927830547,0.1096110945010464
24392,9,0.1111111111111111,0.2222222222222222,4,0.0,0.0,2023,1,0,3914.0,0.6686254471129279,0.4831374552887072,0.12129207962123775,0.8880563172039879,18.1085166850603,0.3269881478249742,-0.0103490763176554
24716,5,0.2,0.0,4,0.0,0.0,2023,0,0,335.0,0.2,0.28059701492537314,0.11024099185175927,0.481084070835468,16.850887781593414,0.7724381471592872,0.028207213612147
24783,9,0.3333333333333333,0.0,5,0.0,0.0,2023,0,0,806.0,0.5831265508684863,0.10297766749379653,0.1280662673776084,,17.570809926347792,0.4591326435307822,0.0695840399616207
24805,5,0.4,0.0,2,0.5,0.0,2023,0,0,580.0,0.8189655172413793,0.33448275862068966,0.06924580217605358,0.36992780392917257,21.89932980408452,0.4034649514002165,0.1139084667508952
24821,7,0.14285714285714285,,7,0.14285714285714285,,2023,0,0,293.0,0.6348122866894198,0.0,0.18543083848231254,0.4440620676574449,18.31911696710682,0.7361631126821621,0.0233965671650183
24848,5,0.4,0.0,5,0.2,0.0,2023,0,0,1145.0,0.5694323144104804,0.36069868995633186,0.09937271826405163,0.7815624402488964,16.0580967833169,0.6800988483758591,0.0002481509199316
24910,8,0.25,0.0,8,0.25,0.0,2023,0,0,672.0,0.38392857142857145,0.14136904761904762,0.2077658075926612,0.6171002670998044,15.342520319816884,0.3740436296854218,-0.0160140717941233
24929,10,0.3,0.0,6,0.5,0.0,2023,0,0,837.0,0.34408602150537637,0.14934289127837516,0.10145777202575716,0.22077040289107905,17.82756270047402,0.5292097981048045,0.0513466158148377
25011,6,0.0,0.0,6,0.0,0.0,2023,0,0,1137.0,0.6763412489006156,0.21372031662269128,0.09180116052734202,,16.05349931481616,0.3824137886158325,-0.1725037330158181
25100,6,0.0,0.0,6,0.0,0.0,2023,0,0,111.0,0.3063063063063063,0.7117117117117117,0.04779233648187651,0.379249611527814,14.944336127212884,0.6775638473581859,0.1602869706984715
25232,8,0.0,,8,0.25,,2023,0,0,103.0,0.4563106796116505,0.24271844660194175,0.018233354367252225,0.5293158258050666,13.794281814247308,0.2007242120746275,-0.0261002354455334
25291,7,0.14285714285714285,0.0,3,0.0,0.0,2023,0,0,141.0,0.14893617021276595,0.15602836879432624,0.0910444604819534,0.4960671784793272,16.817217845516833,0.7234031174573896,0.0211340954792026
25372,9,0.2222222222222222,0.2,5,0.4,0.2,2023,1,1,6194.0,0.39296092993219245,0.6159186309331611,0.07813837652735621,0.4507397557780104,17.580818504027782,0.8927669824211965,0.0164439400606804
25585,7,0.2857142857142857,0.2857142857142857,5,0.0,0.0,2023,1,0,304.0,0.1118421052631579,0.29605263157894735,0.09300266197582675,0.36185729354083823,17.206341223763722,0.6396605256107109,0.1201975170260087
25780,7,0.14285714285714285,0.0,3,0.0,0.0,2023,0,0,51.0,0.19607843137254902,0.7058823529411765,0.05972350637151976,0.4654160889901935,15.7367157514959,0.3384446809457762,0.1038100598841677
26620,7,0.2857142857142857,0.0,2,0.0,0.0,2023,0,0,74.0,0.0,0.0,0.07118514310818422,0.1935473947502684,17.182618680679667,0.5734043117127121,-0.0109568495907697
2437,10,0.2,0.0,11,0.09090909090909091,0.18181818181818182,2024,0,1,696.0,0.23132183908045978,0.2442528735632184,0.09301855870113647,0.24420807164457994,19.484947692830243,0.5791243790822639,0.035811589231677377
2453,9,0.0,0.1111111111111111,7,0.2857142857142857,0.0,2024,1,0,208.0,0.19230769230769232,0.16826923076923078,0.060314205303978755,0.2504551406365932,17.905291991599427,0.5415280494684165,0.11919745757166846
2577,3,0.0,0.0,4,0.5,0.0,2024,0,0,,,,0.09112449038190729,,16.489210762026623,0.45223158327744045,0.07437127501095492
3980,7,0.14285714285714285,0.0,9,0.1111111111111111,0.0,2024,0,0,4551.0,0.2606020654801143,0.17161063502526916,0.0960046482092778,0.29132384470379696,18.279284135738713,0.3299069776287238,0.05297573989172522
4030,5,0.0,0.2,8,0.0,0.0,2024,1,0,1570.0,0.14904458598726114,0.3254777070063694,0.08153346224289476,0.3966349813200031,18.459003496367245,0.8512211162145593,-0.014803103947510426
4170,13,0.15384615384615385,0.15384615384615385,6,0.0,0.0,2024,1,0,5364.0,0.22595078299776286,0.3167412378821775,0.08321154968949594,0.2347865420619337,20.022741512047418,0.5693950536442856,0.06131264796252456
4820,11,0.09090909090909091,0.09090909090909091,6,0.0,0.0,2024,1,0,985.0,0.32893401015228424,0.11878172588832488,0.18472787733932908,0.45563868169224414,18.436307999838064,1.0421166625646074,-0.11865124292394783
5258,10,0.3,0.0,5,0.2,0.0,2024,0,0,4011.0,0.5160807778608826,0.3886811269010222,0.08765747172671605,0.25824474663664493,16.913968900065612,0.7091247981614669,0.05465558274509068
5410,7,0.14285714285714285,0.14285714285714285,13,0.0,0.0,2024,1,0,1961.0,0.11116777154513004,0.022437531871494134,0.09388436941653247,0.2534215096962365,17.540955785727288,0.4426275330352465,0.15229714477817036
6505,5,0.2,,4,0.0,,2024,0,0,1484.0,0.330188679245283,0.34299191374663074,0.08461734369030943,0.7005384982856514,17.338601035918614,0.9269084363657825,-0.03083596447224763
8133,8,0.375,0.0,6,0.3333333333333333,0.0,2024,0,0,2912.0,0.5999313186813187,0.3286401098901099,0.050639207751667886,0.448246105674966,16.829308166281578,0.4709959296995422,0.05876219457401303
8451,7,0.14285714285714285,0.0,3,0.0,0.0,2024,0,0,665.0,0.09924812030075188,0.06466165413533835,0.1311668787855097,0.38749003491368766,16.06065222003427,0.56762944338832,0.1294650474334586
8656,5,0.0,0.0,9,0.1111111111111111,0.0,2024,0,0,4551.0,0.2606020654801143,0.17161063502526916,0.09591966353503237,0.2717491015728787,18.280826880852626,0.33002070684830104,0.05302576194244758
8672,8,0.25,0.0,5,0.4,0.0,2024,0,0,138.0,0.6014492753623188,0.14492753623188406,0.11631568480924706,0.25348077305614436,15.95603238233724,0.49316981883786143,0.04702280395970119
9512,11,0.18181818181818182,0.18181818181818182,9,0.2222222222222222,0.1111111111111111,2024,1,1,4624.0,0.05125432525951557,0.21734429065743946,0.12275331679174101,0.2934348320416232,20.840868411876293,0.6732619308195168,0.03290282602105091
10456,8,0.125,0.0,4,0.0,0.0,2024,0,0,107.0,0.40186915887850466,0.056074766355140186,0.04576887761981575,0.3820418931484966,15.738258084112141,0.40986238481810305,0.01570194708120575
11312,6,0.0,,3,0.0,,2024,0,0,1224.0,0.35866013071895425,0.37745098039215685,0.26275885830894635,1.0143706377661135,16.799202031155495,1.824194554950379,0.4863261430760196
12653,6,0.16666666666666666,0.0,5,0.0,0.2,2024,0,1,1591.0,0.0,0.2545568824638592,0.07899426783880216,0.19064574656729658,17.899650428986355,0.8545701464495395,0.03446567308570454
13986,9,0.2222222222222222,0.0,8,0.0,0.0,2024,0,0,1568.0,0.2602040816326531,0.31505102040816324,0.22872571731103825,0.29463926600876006,18.927113362585533,0.8046502598093405,-0.0424543290322501
14176,6,0.3333333333333333,0.0,9,0.4444444444444444,0.1111111111111111,2024,0,1,,,,0.10791369280437103,,17.181562994567827,0.8056457327456974,0.03712306091804285
14311,9,0.1111111111111111,0.1111111111111111,9,0.1111111111111111,0.0,2024,1,0,400.0,0.2175,0.085,0.07376371620054556,0.22247000911861958,17.865278795312523,0.5532401835795929,0.04878297765675947
14320,8,0.125,0.0,6,0.0,0.0,2024,0,0,297.0,0.16835016835016836,0.22895622895622897,0.0,0.46729932681733805,17.50117961426146,0.3307627272314586,8.432026753752465e-05
14443,9,0.2222222222222222,0.0,3,0.0,0.0,2024,0,0,573.0,0.2600349040139616,0.07504363001745201,0.0732770272234204,0.2353052847743775,18.209532831412428,0.5439034412588187,0.11831670627822269
14460,8,0.125,0.125,6,0.16666666666666666,0.0,2024,1,0,388.0,0.5231958762886598,0.22938144329896906,0.05046083455370003,0.35325260198704783,16.871442045214437,0.5315996516541953,0.09044091317521306
14826,9,0.2222222222222222,0.1111111111111111,4,0.0,0.0,2024,1,0,1066.0,0.40337711069418386,0.47373358348968103,0.0,0.6396908416363362,16.796281466378105,0.8510379130081713,-0.12196112267167436
15253,7,0.14285714285714285,0.0,5,0.2,0.2,2024,0,1,1215.0,0.2189300411522634,0.362962962962963,0.065244356257176,0.24370324649787933,18.16167233131006,0.713102516734126,0.06006974222228695
16101,5,0.0,0.0,6,0.3333333333333333,0.0,2024,0,0,112.0,0.45535714285714285,0.19642857142857142,0.047276555342676975,0.9573188548412113,15.483663882598153,0.6318632791732447,-0.0076801549194916155
16292,9,0.2222222222222222,0.0,8,0.0,0.0,2024,0,0,3028.0,0.273778071334214,0.26188903566710703,0.06532210155121705,0.3905006731496711,17.953474414612604,0.7367501556759182,0.05890545709110907
16306,4,0.0,0.0,3,0.6666666666666666,0.0,2024,0,0,18.0,0.5,0.3333333333333333,0.13231616198749754,0.5023302882095786,13.034770740606852,2.6544610286268164,0.18772362994933056
17329,9,0.2222222222222222,0.0,8,0.125,0.0,2024,0,0,241.0,0.17427385892116182,0.13692946058091288,0.06867730127136348,0.18224531075514355,17.72977706485991,0.7549424441715419,0.0858639678110171
17450,10,0.3,0.1,4,0.0,0.0,2024,1,0,532.0,0.2575187969924812,0.18796992481203006,0.1317547644744212,0.2539889488477267,17.739324239375136,0.7047981299713995,-0.01876231036836838
17671,12,0.3333333333333333,0.08333333333333333,5,0.0,0.0,2024,1,0,4219.0,0.3536383029153828,0.32803981986252667,0.06263877786579025,0.2305307035376369,18.64334956660075,0.441338890498853,0.04447976680900382
17892,7,0.2857142857142857,,3,0.0,,2024,0,0,300.0,0.19333333333333333,0.41333333333333333,0.054001786371814915,0.34134138528798685,15.527801404700357,0.8806564913431795,0.13388919746169095
17973,6,0.3333333333333333,0.0,7,0.0,0.0,2024,0,0,1895.0,0.545646437994723,0.3007915567282322,0.11690980937592824,0.5762292931793424,17.001879719915934,0.4402929290424952,0.04097581031718484
18376,9,0.0,0.25,5,0.2,0.0,2024,1,0,121.0,0.2396694214876033,0.09917355371900827,0.0536493445844013,0.2093114558560759,17.583770161847188,0.5365095817001747,0.0820404385378451
18465,9,0.2222222222222222,0.1111111111111111,5,0.0,0.0,2024,1,0,1289.0,0.3405740884406517,0.21024049650892165,0.07638661314711878,0.3131290813093801,17.493280377992654,0.5999945801203567,0.06385295704740326
18627,9,0.2222222222222222,0.0,9,0.1111111111111111,0.0,2024,0,0,253.0,0.2766798418972332,0.09881422924901186,0.0720290211278861,0.24334038391286297,16.836325611885727,0.4719764482153306,0.07535337429295884
18660,6,0.16666666666666666,0.0,8,0.125,0.14285714285714285,2024,0,1,955.0,0.2198952879581152,0.17905759162303664,0.07849044076114639,0.17760612802545744,18.160992417965787,0.7174217975102917,0.0747000415951449
18724,8,0.125,0.0,2,0.0,0.0,2024,0,0,,,,0.00427471522138653,0.2407245104394769,15.968072906138676,0.014350954422064943,0.13851795841561243
18821,11,0.18181818181818182,0.0,8,0.125,0.0,2024,0,0,2062.0,0.22308438409311349,0.3642095053346266,0.0,0.24382380883735005,17.89469239487714,0.7630664408755495,0.02219423664095593
19445,7,0.14285714285714285,0.2857142857142857,5,0.0,0.0,2024,1,0,1285.0,0.049805447470817124,0.5416342412451361,0.09349104180846673,0.2802562059909886,16.557110873439754,0.481154043547137,0.0848980088628075
19453,9,0.1111111111111111,0.0,5,0.2,0.0,2024,0,0,365.0,0.27945205479452057,0.26301369863013696,0.08956020291861885,0.48132625092907194,17.19296434490944,0.8740259533680989,0.031179971437818886
19550,3,0.0,0.0,4,0.5,0.0,2024,0,0,,,,0.049122497066495796,0.3954994080907547,16.826881605919954,0.5466498195393664,0.03744180352537411
19569,9,0.1111111111111111,0.0,3,0.6666666666666666,0.0,2024,0,0,456.0,0.36403508771929827,0.17982456140350878,0.23629174565601002,,16.992991766062055,2.2127992353622767,-0.25294075637716107
19623,5,0.2,0.0,8,0.25,0.0,2024,0,0,2741.0,0.6950018241517695,0.3436701933600876,0.1304113309294161,,17.09108692964509,0.7000715574229516,-0.04520023095816837
19739,8,0.25,0.0,8,0.125,0.14285714285714285,2024,0,1,1897.0,0.4860305745914602,0.23141802846599896,0.08915123789728338,0.4281046525610847,18.28421484415597,0.6980556523757666,0.020784445558286006
19763,3,0.0,0.0,3,0.3333333333333333,0.0,2024,0,0,,,,0.08718159523686343,,17.469016403320023,0.6718385847692667,0.06396289811374002
19836,9,0.2222222222222222,0.0,3,0.3333333333333333,0.0,2024,0,0,46.0,0.5869565217391305,0.043478260869565216,0.1313320710404904,0.32414859247120453,18.766154502185085,0.7211049415166018,-0.05777590971669865
19879,9,0.0,0.0,5,0.2,0.25,2024,0,1,162.0,0.25308641975308643,0.24074074074074073,0.012760069413457871,0.5478268304643497,17.04803919755986,0.794092218957632,0.06485957178799069
19909,3,0.3333333333333333,0.0,4,0.25,0.0,2024,0,0,,,,0.052974167739126915,,16.83727298822195,0.3992757401094087,0.03301244899631411
19992,7,0.42857142857142855,0.0,8,0.125,0.0,2024,0,0,1542.0,0.3728923476005188,0.15369649805447472,0.09243130395531231,0.33113000642829216,15.959301657616766,0.41546131196742137,0.08620101383999781
20010,5,0.2,0.0,1,0.0,0.0,2024,0,0,723.0,0.2351313969571231,0.5076071922544951,0.10565969721525711,0.23950881459781528,18.572646962437467,0.7432604659596742,0.03236609674848981
20087,11,0.18181818181818182,0.09090909090909091,4,0.0,0.0,2024,1,0,991.0,0.16548940464177597,0.04036326942482341,0.033998485206577715,0.42130432870075357,18.10897531424223,0.7171402927282512,0.026274766586781993
20257,8,0.125,0.0,5,0.2,0.0,2024,0,0,90.0,0.25555555555555554,0.28888888888888886,0.08182572119562788,0.14314731686045878,16.832568465118005,0.6603459247138662,0.0829086823695629
20362,9,0.1111111111111111,0.0,4,0.25,0.0,2024,0,0,254.0,0.2874015748031496,0.10236220472440945,0.11398769030503399,0.4893337841556452,15.312224690099441,0.6314918758438294,0.01903699294401349
20478,3,0.3333333333333333,0.0,2,0.0,0.0,2024,0,0,47.0,0.48936170212765956,0.2553191489361702,0.12480187541993622,1.56403000414912,13.189367606184803,7.234914430000935,-0.8039801739455719
20494,3,0.0,0.0,5,0.4,0.0,2024,0,0,,,,0.11481772637389108,,15.682206489386711,0.41406353652928285,0.05732365491068819
20516,7,0.14285714285714285,0.0,11,0.09090909090909091,0.0,2024,0,0,557.0,0.04129263913824058,0.31956912028725315,0.08200722506746945,0.32088281798307855,16.829644919693703,0.6631378062503065,0.07246804093317073
20524,5,0.0,0.0,10,0.1,0.0,2024,0,0,96.0,0.4166666666666667,0.15625,0.015494378922551257,0.37825560647612794,15.460105939745853,0.6004930763476667,0.02539489939396561
20605,7,0.0,0.0,6,0.3333333333333333,0.0,2024,0,0,355.0,0.4647887323943662,0.2619718309859155,0.0549230525585026,0.3488224596517935,16.4028043322607,0.5609579451150981,0.06480828919039906
20745,6,0.16666666666666666,0.0,4,0.0,0.0,2024,0,0,417.0,0.12949640287769784,0.580335731414868,0.11705942181769588,0.21659317163009925,16.681950555415316,0.7664469031045373,0.02741058527255245
20770,7,0.14285714285714285,0.0,8,0.0,0.0,2024,0,0,46.0,0.5,0.08695652173913043,0.028350873558804807,0.418236977105285,15.682150819691085,0.24486193067259834,0.06629795807151095
20788,7,0.14285714285714285,0.0,4,0.0,0.0,2024,0,0,2668.0,0.1997751124437781,0.404047976011994,0.15468273758689216,0.49521103039917064,18.73920821053419,0.8550062406670973,0.028222428020380375
20915,8,0.25,0.0,7,0.14285714285714285,0.2857142857142857,2024,0,1,1496.0,0.4451871657754011,0.2840909090909091,0.05758336967169429,0.5007380363692738,17.197548463464212,0.7461689222545161,-0.016380759307453474
20931,10,0.1,0.3,7,0.0,0.0,2024,1,0,1707.0,0.210896309314587,0.0,0.1165550211428317,0.3917832444823999,17.556552958209043,0.997930396866814,-0.037108107333376744
20982,6,0.16666666666666666,0.0,6,0.0,0.0,2024,0,0,49.0,0.3877551020408163,0.02040816326530612,0.05414641236743435,0.25301480349325917,16.34218283690929,0.5487644824274299,0.10717769568106142
20990,7,0.42857142857142855,0.0,2,0.5,0.0,2024,0,0,7193.0,0.5577644932573336,0.663561796190741,0.35038015206082435,2.4025833753006824,16.67570943622307,0.7154308617234469,0.47414829659318636
21016,9,0.2222222222222222,0.0,4,0.25,0.0,2024,0,0,1464.0,0.5443989071038251,0.3831967213114754,0.1344673638980955,0.5037156348236018,16.11191901475432,0.6841591785578881,0.03433220397922246
21091,10,0.2,0.0,15,0.26666666666666666,0.0,2024,0,0,842.0,0.30997624703087884,0.1496437054631829,0.0928868030594533,0.378040034540886,16.713856548101468,0.6034473446203754,0.009610556814305027
21350,7,0.2857142857142857,0.0,7,0.14285714285714285,0.14285714285714285,2024,0,1,257.0,0.45525291828793774,0.4280155642023346,0.03273843635397018,0.32467252113372586,16.124813634688742,0.7791138054827629,0.07227959218094512
21431,9,0.3333333333333333,0.0,5,0.2,0.0,2024,0,0,1292.0,0.40092879256965946,0.3568111455108359,0.08928886792477064,0.3336268644965063,17.016592323412617,0.5072365283345474,0.054190744825448084
21881,10,0.1,0.0,5,0.4,0.0,2024,0,0,1655.0,0.6990936555891238,0.4368580060422961,0.08023267143010823,0.22507360957665817,16.385249197713414,0.5885268491802049,0.04621306481728869
22187,8,0.125,0.125,3,0.0,0.3333333333333333,2024,1,1,145.0,0.1310344827586207,0.23448275862068965,0.28037028267713876,0.3111774377513882,17.836319176700744,0.534960082007435,0.18479488230266602
22349,7,0.2857142857142857,0.0,5,0.0,0.0,2024,0,0,832.0,0.5252403846153846,0.20793269230769232,0.09887480533136485,0.38762350151660996,16.540322493019676,0.493788820893766,0.02219477505065216
22357,9,0.2222222222222222,0.0,8,0.375,0.0,2024,0,0,1239.0,0.36319612590799033,0.4043583535108959,0.07968986496400028,0.23507839078356946,17.121986553115974,0.48203932823697937,0.029755001962344246
22470,8,0.375,0.0,5,0.2,0.2,2024,0,1,2460.0,0.3796747967479675,0.3544715447154472,0.08445793563674825,0.5870861141164411,17.43482174293892,0.6966309745282585,0.012026123169744054
22691,3,0.0,0.0,4,0.0,0.25,2024,0,1,,,,0.07170473619019108,,16.76812935940078,0.11037873457654693,0.04357865142789846
23264,11,0.2727272727272727,0.0,13,0.23076923076923078,0.0,2024,0,0,6548.0,0.2889431887599267,0.1837202199144777,0.07824229606689038,0.21927788302979603,18.90623747546075,0.3872268119019827,0.09136138934348374
23272,8,0.125,0.125,4,0.0,0.0,2024,1,0,78.0,0.32051282051282054,0.2692307692307692,0.06245436006899716,0.3131284365710413,15.728631984195992,0.4677785616340584,0.05083669646058627
23310,5,0.0,0.0,3,0.3333333333333333,0.0,2024,0,0,320.0,0.24375,0.165625,0.05263860918170236,0.6379928815622493,15.16115166032723,0.8615775254592454,-0.02690717816368488
24112,12,0.25,0.0,4,0.0,0.25,2024,0,1,3443.0,0.3801916932907348,0.1728144060412431,0.23166185251323249,,17.084126305362425,2.158338193159924,-0.3482927060964509
24171,7,0.5714285714285714,0.14285714285714285,3,0.0,0.0,2024,1,0,5468.0,0.37179956108266277,0.44092904169714703,0.06061309201536597,,18.422558978964137,0.7742843454305904,0.019363596438695254
24260,8,0.125,0.0,7,0.14285714285714285,0.0,2024,0,0,736.0,0.35597826086956524,0.5788043478260869,0.08537010918331946,0.330357019487593,16.725156590095093,0.701815370668014,0.024009196142929963
24295,7,0.0,0.0,9,0.2222222222222222,0.0,2024,0,0,287.0,0.2578397212543554,0.21254355400696864,0.07017298619605102,0.27701373010714225,17.7073308560749,0.5839795918367346,0.12993877551020408
24392,9,0.1111111111111111,0.2222222222222222,4,0.0,0.0,2024,1,0,3910.0,0.6854219948849105,0.5186700767263427,0.0948712999778469,0.44464529847120027,18.112791147844938,0.3377257490464648,-0.008835090171726814
24716,5,0.2,0.0,4,0.0,0.0,2024,0,0,403.0,0.1935483870967742,0.2878411910669975,0.10817944659873974,0.5251215527293557,16.82499912830764,0.8795497485898697,0.018788454540204537
24783,8,0.25,0.0,5,0.0,0.0,2024,0,0,619.0,0.5815831987075929,0.10823909531502424,0.032280975402104464,,17.430028011508156,0.5779654625430034,-0.24047554140107147
24805,5,0.4,0.0,4,0.0,0.0,2024,0,0,658.0,0.831306990881459,0.34802431610942247,0.06431954321186925,0.342633271560188,22.175752891712087,0.4157462437071749,0.15288609683000798
24821,7,0.14285714285714285,,6,0.0,,2024,0,0,306.0,0.6535947712418301,0.0,0.13712065300293635,0.3051842281451493,18.446327847213013,0.7397425026766147,0.03834504107989286
24848,5,0.4,0.0,5,0.2,0.0,2024,0,0,1145.0,0.5694323144104804,0.36069868995633186,0.08425357624613238,0.6465990727661867,16.123471077431265,0.6709248819786234,0.045005226330600695
24910,8,0.25,0.0,7,0.14285714285714285,0.0,2024,0,0,597.0,0.3768844221105528,0.1507537688442211,0.11058453690328508,0.43649138002424354,15.204456899473547,0.31535731864035055,0.010520562645893829
24929,10,0.3,0.0,6,0.5,0.0,2024,0,0,875.0,0.36228571428571427,0.2,,0.25602805723915256,,,
25011,6,0.0,0.0,6,0.0,0.0,2024,0,0,1211.0,0.6796036333608588,0.23864574731626756,,,,,
25100,6,0.16666666666666666,0.0,6,0.0,0.0,2024,0,0,232.0,0.34051724137931033,0.45689655172413796,0.04527262261383425,0.31197110349397233,15.283222450485079,0.6982138803653589,0.16104275003197524
25232,8,0.0,,8,0.25,,2024,0,0,71.0,0.4225352112676056,0.18309859154929578,0.014061635256765024,0.7478932307702585,13.095596314629248,0.28209879332941656,-0.023282949255742674
25291,7,0.14285714285714285,0.0,3,0.0,0.0,2024,0,0,194.0,0.15979381443298968,0.25773195876288657,0.14546475971356104,0.47777215411955687,17.610184740951834,0.7633201943147077,-0.020459161932528988
25372,9,0.2222222222222222,0.1111111111111111,4,0.0,0.25,2024,1,1,7564.0,0.415520888418826,0.6159439450026442,0.08014775149982646,0.429453031499512,17.635264753929007,0.8847410786743579,0.016866624262496435
25585,7,0.2857142857142857,0.0,5,0.0,0.0,2024,0,0,330.0,0.11212121212121212,0.3151515151515151,0.002374989017795669,0.3952714791536079,17.40982982346017,0.7178110835837919,0.12441889692315822
25780,7,0.14285714285714285,0.0,5,0.0,0.2,2024,0,1,201.0,0.12935323383084577,0.5323383084577115,0.27314075472145904,0.3905926063189376,15.822054875008945,0.4305564276293967,0.0588226989698653
25917,8,0.25,0.0,6,0.0,0.0,2024,0,0,2248.0,0.2949288256227758,0.1846085409252669,0.07970940660948989,0.34701072567530383,18.668971906768267,0.827391225893605,0.00479105275093926
26620,8,0.375,0.0,4,0.0,0.0,2024,0,0,86.0,0.20930232558139536,0.12790697674418605,0.03857197725584933,0.1817620417510203,17.781152374668274,0.7254554748779133,0.00515351247372788
27707,2,0.0,0.0,2,0.0,0.0,2024,0,0,168.0,0.14285714285714285,0.25595238095238093,0.07454042698744706,,16.00266257697785,0.7415675454965217,-0.01183887139130589
2437,10,0.2,0.0,11,0.09090909090909091,0.18181818181818182,2025,0,1,654.0,0.26299694189602446,0.24617737003058104,0.12078184391774624,0.2388370224464766,19.44917664808618,0.5763040357963666,0.02345368930032803
2453,9,0.2222222222222222,0.1111111111111111,8,0.125,0.0,2025,1,0,168.0,0.20238095238095238,0.17261904761904762,0.05361202732960012,0.23169459307508075,18.020622134356618,0.5735861044258528,0.07309798061337759
2577,3,0.0,0.0,3,0.3333333333333333,0.0,2025,0,0,,,,0.07968438907550524,,16.416541238390902,0.6453792813005143,0.02491604231072811
3980,6,0.16666666666666666,0.0,9,0.1111111111111111,0.0,2025,0,0,4286.0,0.257816145590294,0.18152123191787214,0.07597783639442911,0.2677454607871456,18.21841981251274,0.34141644124134246,0.017364055446213604
4030,5,0.0,0.2,9,0.0,0.0,2025,1,0,1658.0,0.15259348612786489,0.3480096501809409,0.09444945373543275,0.4701770776747204,18.4264179446972,0.8435367410881685,-0.01498106360415143
4170,13,0.23076923076923078,0.15384615384615385,6,0.0,0.0,2025,1,0,5310.0,0.25536723163841807,0.35706214689265536,0.02813335747715623,0.23875439930014902,19.98112587169088,0.6031750032556596,0.0248081261263532
4820,11,0.09090909090909091,0.0,5,0.0,0.0,2025,0,0,947.0,0.3262935586061246,0.1246040126715945,0.03967229444709852,0.5726329431250001,18.220753105688157,1.2015412987457101,-0.1338682690311313
5258,11,0.18181818181818182,0.0,8,0.125,0.0,2025,0,0,4333.0,0.6009693053311793,0.4627279021463189,0.10270410053947665,0.46822478040205356,17.04118223860606,0.7085486865067108,0.05165746772756573
5410,7,0.14285714285714285,0.14285714285714285,12,0.0,0.0,2025,1,0,2038.0,0.11481844946025516,0.02649656526005888,0.09021285618022432,0.3144991280567741,17.568421295217338,0.564934905661926,0.1588920912941086
6505,7,0.14285714285714285,,5,0.2,,2025,0,0,2348.0,0.34497444633730834,0.3479557069846678,0.1369232763089684,0.9486540756188,17.331166938269515,0.9175337416017599,-0.08882811106486711
8133,8,0.375,0.0,5,0.4,0.0,2025,0,0,2957.0,0.5999323638823132,0.3780858978694623,0.04986561241718146,0.43132421918716546,16.79236715147371,0.4672237534372087,0.07426699249929698
8451,7,0.14285714285714285,0.0,2,0.0,0.0,2025,0,0,733.0,0.11050477489768076,0.0723055934515689,0.10977692742397313,0.4175620643644593,16.0899683616131,0.5993344815804258,0.12707528382705696
8656,5,0.0,0.0,9,0.1111111111111111,0.0,2025,0,0,4286.0,0.257816145590294,0.18152123191787214,0.07597760661524718,0.2713968256054449,18.21927929822393,0.34124521616521064,0.017291480026857174
8672,8,0.25,0.0,5,0.4,0.0,2025,0,0,120.0,0.5583333333333333,0.1,0.1469154140447619,0.2786541060680304,16.06649715210589,0.5101806330163279,0.061342508624473935
9512,11,0.18181818181818182,0.18181818181818182,9,0.4444444444444444,0.0,2025,1,0,5180.0,0.07181467181467181,0.2362934362934363,0.004113913839876297,0.2662981235256025,20.924890713396696,0.658663761076812,0.09040869257447959
10456,8,0.125,0.0,3,0.0,0.0,2025,0,0,102.0,0.39215686274509803,0.09803921568627451,0.06041762005684099,0.3964240869285214,15.623267712450586,0.454831731881108,0.09315213101782947
12653,14,0.2857142857142857,0.0,7,0.0,0.0,2025,0,0,1607.0,0.16614810205351588,0.268823895457374,0.05321403031309866,0.21316730736572528,17.971213229797602,0.77426601033466,0.026305576534062215
13986,9,0.2222222222222222,0.0,6,0.16666666666666666,0.0,2025,0,0,1946.0,0.2744090441932169,0.32425488180883866,0.05552161013625169,0.22662521073209904,18.93909064821533,0.7382794702292849,0.0800169438842774
14176,9,0.4444444444444444,0.0,13,0.38461538461538464,0.1111111111111111,2025,0,1,,,,0.10740626173947543,,17.256495799613845,0.7659024848082978,0.03023928732738158
14311,9,0.1111111111111111,0.2222222222222222,9,0.1111111111111111,0.0,2025,1,0,369.0,0.22493224932249323,0.08401084010840108,0.08418546056882932,0.22391605189030073,17.916738972016677,0.6177739645623889,0.04449165279250383
14320,9,0.2222222222222222,0.0,4,0.0,0.0,2025,0,0,759.0,0.1383399209486166,0.3794466403162055,0.0,0.4232679870363214,17.390234432988755,0.3358123463665139,-0.08154835595671274
14443,8,0.25,0.125,3,0.0,0.0,2025,1,0,454.0,0.29295154185022027,0.08370044052863436,0.0,0.26139917105206684,18.461849241633466,0.5930902295521576,0.0812076228263689
14460,10,0.1,0.1,6,0.16666666666666666,0.0,2025,1,0,490.0,0.5081632653061224,0.2693877551020408,0.04973689535494456,0.33946361952956017,17.077821931841864,0.5608248039425171,0.09175970095845559
14826,9,0.1111111111111111,0.0,4,0.0,0.25,2025,0,1,6045.0,0.4845326716294458,0.574524400330852,0.0,0.6373122799757046,16.729273268651013,0.8847281015955715,-0.044230977965917725
15253,7,0.14285714285714285,0.0,5,0.2,0.2,2025,0,1,1234.0,0.23905996758508913,0.3703403565640194,0.09221992552776134,0.2752450616678204,18.240017575272365,0.7462067089678966,0.0376184262903067
16101,3,0.3333333333333333,0.0,5,0.2,0.0,2025,0,0,98.0,0.42857142857142855,0.20408163265306123,0.06884950693512529,0.9172605742040378,15.368989783656804,0.6749009230542752,-0.11517820525050175
16292,9,0.2222222222222222,0.0,8,0.0,0.0,2025,0,0,3219.0,0.2764833799316558,0.27896862379621,0.17017318004311466,0.4197766793938994,18.038825359883326,0.7798083006208554,0.04817197567115176
16306,5,0.0,0.0,2,0.5,0.0,2025,0,0,18.0,0.5,0.3333333333333333,0.08265945623734511,0.48575637752371753,12.985681885565839,3.0926685988388622,-0.35669442635580706
17329,9,0.2222222222222222,0.0,9,0.1111111111111111,0.0,2025,0,0,253.0,0.22924901185770752,0.1422924901185771,0.0814316422154896,0.22300062763700987,17.828516875055367,0.7484404047525326,0.051668210037551995
17450,5,0.2,0.0,3,0.0,0.0,2025,0,0,595.0,0.21680672268907564,0.21680672268907564,0.06530949030033079,0.3381224288922647,17.80046970064431,0.738794526725983,0.016085445589480055
17671,12,0.4166666666666667,0.08333333333333333,5,0.0,0.0,2025,1,0,4375.0,0.3590857142857143,0.3389714285714286,0.0749842108333609,0.25280855642667305,18.66810088376995,0.4612180388817802,0.04823503251787663
17892,4,0.25,,4,0.0,,2025,0,0,222.0,0.26576576576576577,0.35585585585585583,0.09628234433271378,0.046966444297212306,15.591495765126751,0.8182144654921855,0.14758714596119907
17973,6,0.3333333333333333,0.3333333333333333,7,0.0,0.0,2025,1,0,1668.0,0.5995203836930456,0.30935251798561153,0.09843219643508107,0.4917658041400885,16.99867576129347,0.44224361601654055,0.02429363328844807
18376,9,0.2222222222222222,0.25,5,0.2,0.0,2025,1,0,136.0,0.2426470588235294,0.11029411764705882,0.06976516902553881,0.18923091657377353,17.669933517929934,0.5458392395882052,0.05319792399254835
18465,9,0.2222222222222222,0.1111111111111111,5,0.4,0.0,2025,1,0,1158.0,0.3393782383419689,0.22884283246977546,0.08691768081581164,0.37169120502809916,17.714427938630923,0.6407096566142767,0.05150881089896179
18627,9,0.2222222222222222,0.0,9,0.1111111111111111,0.0,2025,0,0,320.0,0.246875,0.084375,0.2181519906690278,0.2576783933241743,17.091368576702152,0.5334460644563175,0.07857530309540675
18660,6,0.3333333333333333,0.0,7,0.14285714285714285,0.16666666666666666,2025,0,1,953.0,0.24134312696747115,0.18467995802728226,0.08582225659918347,0.2099353017796113,18.211192655953333,0.7101784304869314,0.07080835951399711
18724,7,0.14285714285714285,0.0,2,0.0,0.0,2025,0,0,1.0,0.0,0.0,0.0015065849131155322,0.23530089709252286,15.894897098131555,0.04397604368240253,0.0683778857837181
18821,11,0.18181818181818182,0.0,7,0.14285714285714285,0.0,2025,0,0,2009.0,0.29965156794425085,0.3902439024390244,0.0,0.2618443630309854,18.078385768039528,0.7707146927776222,0.049335390396270475
19445,7,0.14285714285714285,0.14285714285714285,5,0.0,0.25,2025,1,1,1634.0,0.05813953488372093,0.5587515299877601,0.09232505406736846,0.29953968982081053,16.69117733678282,0.5163678444574854,0.0798175725917331
19453,9,0.1111111111111111,0.0,5,0.2,0.0,2025,0,0,412.0,0.32281553398058255,0.27427184466019416,0.09362281742128496,0.4460284803712363,17.4291404115917,0.882093271143299,0.0233640655519317
19550,9,0.1111111111111111,0.0,4,0.5,0.0,2025,0,0,603.0,0.39800995024875624,0.13764510779436154,0.05420063044984339,0.6014132449479042,17.181816967601343,0.552084283626556,-0.06162086982502455
19569,8,0.125,0.0,4,0.5,0.0,2025,0,0,503.0,0.3757455268389662,0.1749502982107356,0.03745682553186151,,17.099521063731498,1.6372097454334327,-0.048905710690750955
19623,7,0.2857142857142857,0.0,10,0.1,0.1,2025,0,1,3342.0,0.7148414123279473,0.3916816277678037,0.16732277965212786,,16.73663969833101,0.6286543619343252,-0.061146947013654335
19739,7,0.2857142857142857,0.0,7,0.14285714285714285,0.0,2025,0,0,2005.0,0.47331670822942645,0.3316708229426434,0.10530512282657348,0.40004888635789815,18.26480529757005,0.70153051350331,0.021859820591629144
19763,3,0.0,0.0,3,0.3333333333333333,0.0,2025,0,0,,,,0.0837613746612905,,17.544799705614096,0.7098829851245961,0.04788286608352549
19836,9,0.2222222222222222,0.0,3,0.3333333333333333,0.0,2025,0,0,33.0,0.5454545454545454,0.0,0.13228671265114345,0.4612613206706853,18.7216554614378,0.7704988038634635,-0.07544840336691205
19879,9,0.1111111111111111,0.0,5,0.2,0.25,2025,0,1,212.0,0.3113207547169811,0.2783018867924528,0.06108307139561207,0.629297328411851,17.063300899896987,0.7882638196290699,0.008280867502428263
19909,3,0.6666666666666666,0.0,3,0.3333333333333333,0.0,2025,0,0,,,,0.07724959617850369,,16.841209123540104,0.39740506733275116,0.04247613448421701
19992,7,0.42857142857142855,0.0,7,0.14285714285714285,0.0,2025,0,0,1671.0,0.38001196888090966,0.1615798922800718,0.08751859075005101,0.26742680233117955,16.061755008534515,0.424105107704886,0.09741063719647053
20010,7,0.14285714285714285,0.0,9,0.1111111111111111,0.1111111111111111,2025,0,1,1140.0,0.22105263157894736,0.5210526315789473,0.12868224797045552,0.22559205163704474,18.51238391723219,0.7415426309841551,0.02284526367043872
20087,11,0.18181818181818182,0.09090909090909091,4,0.0,0.25,2025,1,1,1075.0,0.17209302325581396,0.044651162790697675,0.07355310273304114,0.42105253394008385,18.07948660869392,0.7049608389614327,0.028020516150826798
20257,9,0.2222222222222222,0.0,4,0.25,0.0,2025,0,0,88.0,0.2727272727272727,0.29545454545454547,0.0786480357407043,0.17570310239287878,16.929314980932794,0.6619207797069878,0.07019583581742986
20362,9,0.1111111111111111,0.0,5,0.2,0.0,2025,0,0,570.0,0.33157894736842103,0.16842105263157894,0.11823710923573946,0.39403862192170985,15.313693058374234,0.6477089453098892,0.0027347402544421646
20478,3,0.0,0.0,2,0.0,0.0,2025,0,0,31.0,0.5161290322580645,0.2903225806451613,0.06368981259042247,2.230524878808097,12.965480301313418,8.741033032133682,-0.7808550264154122
20494,3,0.0,0.0,5,0.4,0.0,2025,0,0,,,,0.11028807025345788,,15.847391697756983,0.4893239402167394,0.07467913092915797
20516,7,0.14285714285714285,0.0,11,0.09090909090909091,0.0,2025,0,0,598.0,0.056856187290969896,0.3193979933110368,0.09648513429410616,0.4021210840861369,16.896015091054387,0.6922576078522759,0.02557403671018145
20524,5,0.2,0.0,8,0.125,0.0,2025,0,0,87.0,0.41379310344827586,0.21839080459770116,0.013753364278127119,0.37856483585123984,15.467209748652696,0.5792129160527509,0.05733540267282228
20605,7,0.0,0.0,5,0.4,0.0,2025,0,0,488.0,0.4098360655737705,0.3114754098360656,0.05435249436589252,0.3362798265095091,16.73776258538026,0.6159554734976799,0.10055055429425354
20745,6,0.16666666666666666,0.0,4,0.0,0.0,2025,0,0,448.0,0.14955357142857142,0.3861607142857143,0.10882585276536774,0.2279362735837961,16.876160905616498,0.7350020842087822,0.026484305270611644
20770,8,0.125,0.0,6,0.0,0.0,2025,0,0,39.0,0.5641025641025641,0.1282051282051282,0.04142839257682714,0.404720384575383,15.789124391535552,0.28857089776794353,0.0760904016695576
20788,7,0.14285714285714285,0.0,3,0.0,0.0,2025,0,0,2161.0,0.2026839426191578,0.3762147154095326,0.14725966689156705,0.6218440171207721,18.771256098158574,0.8991672384562334,0.005371388548045378
20915,8,0.25,0.0,9,0.1111111111111111,0.1111111111111111,2025,0,1,1518.0,0.4657444005270092,0.3339920948616601,0.07203439335409842,0.48951092199306373,17.166441731640102,0.784249883286603,-0.03654854746282303
20931,10,0.1,0.3,6,0.0,0.0,2025,1,0,2382.0,0.21326616288832914,0.0,0.10859450666080626,0.48080946281010395,17.641464847412802,0.9587323016096303,0.018490052839403234
20982,6,0.16666666666666666,0.0,6,0.0,0.0,2025,0,0,50.0,0.38,0.04,0.10296895129670083,0.2448293405383764,16.39230722728884,0.5211393355084872,0.08675324864873864
20990,7,0.42857142857142855,0.0,2,0.0,0.5,2025,0,1,7634.0,0.563793555148022,0.6744825779407913,0.09808529155787642,0.7222453519024413,16.603541926384914,0.7071204381808112,-0.016677949412271523
21016,9,0.2222222222222222,0.0,3,0.0,0.0,2025,0,0,2198.0,0.5555050045495905,0.3794358507734304,0.16392782982210363,0.5073601950541085,16.109979604775948,0.7007771216295561,0.0181645275087588
21091,10,0.2,0.0,8,0.375,0.0,2025,0,0,814.0,0.33415233415233414,0.128992628992629,0.10463841155205268,0.3243206950383202,16.759990852066714,0.6206450944000471,0.003319073396178105
21237,3,0.0,0.0,1,0.0,0.0,2025,0,0,368.0,0.18478260869565216,0.3641304347826087,0.08361710629498328,0.2644230700546718,17.855759288321636,0.6233961715910241,0.02976100887538263
21350,7,0.2857142857142857,0.0,7,0.14285714285714285,0.14285714285714285,2025,0,1,362.0,0.4116022099447514,0.4116022099447514,0.03184196609674366,0.3588081158920603,16.39721378232436,0.8244920529197667,0.0741088539887826
21431,10,0.3,0.1,5,0.2,0.0,2025,1,0,1249.0,0.3955164131305044,0.35708566853482787,0.08719109234638026,0.3198874671555055,17.040686654376092,0.5021713964271569,0.04730629663625143
21881,10,0.1,0.0,5,0.4,0.0,2025,0,0,1816.0,0.7048458149779736,0.44768722466960353,0.09888687064211635,0.28279745059703104,16.397277775992187,0.6145172025132822,0.045132321584971075
22187,8,0.125,0.125,4,0.0,0.25,2025,1,1,156.0,0.1282051282051282,0.3076923076923077,0.24987887933777858,0.3330523602365441,17.97719603906176,0.5983166147563544,0.03508091082829195
22349,9,0.1111111111111111,0.0,5,0.0,0.0,2025,0,0,2391.0,0.6035131744040151,0.27059807611877873,0.12069577745336586,0.530679956495144,16.5530290070463,0.48362288598171443,0.05898585897842788
22357,9,0.2222222222222222,0.0,8,0.375,0.0,2025,0,0,1239.0,0.36319612590799033,0.4043583535108959,0.08348772196385476,0.24119396300597104,17.073854719170757,0.4655552034632654,0.03634842125059875
22470,8,0.375,0.0,5,0.2,0.2,2025,0,1,2611.0,0.3531214094216775,0.34469551895825357,0.1058844083203445,0.6582015126173193,17.45075603305607,0.7025142307707931,0.0053969071585732095
22691,3,0.0,0.0,4,0.0,0.0,2025,0,0,,,,,,,,
23264,10,0.3,0.0,13,0.15384615384615385,0.0,2025,0,0,6277.0,0.3436354946630556,0.2518719133343954,0.11042589754258256,0.22314454768447314,18.792845161211133,0.38812789149054283,0.11019882112096888
23272,7,0.14285714285714285,0.14285714285714285,4,0.0,0.0,2025,1,0,75.0,0.4,0.32,0.09249848461008273,0.34274356588475696,15.716077345794075,0.45696755527352934,0.05433529381428274
23310,5,0.0,0.0,3,0.3333333333333333,0.0,2025,0,0,309.0,0.4854368932038835,0.1553398058252427,0.08465430751383242,0.5712566040691982,15.13429799659938,0.8719428385735319,-0.010948451209384615
24112,13,0.23076923076923078,0.0,4,0.0,0.25,2025,0,1,939.0,0.37486687965921195,0.23322683706070288,0.11555939656438449,,16.97836250633804,2.228452815252649,0.005282107380541278
24171,6,0.3333333333333333,,3,0.0,0.0,2025,0,0,14292.0,0.4235936188077246,0.5424013434089001,,,,,
24260,8,0.125,0.0,7,0.14285714285714285,0.0,2025,0,0,1023.0,0.04398826979472141,0.5151515151515151,0.0880998282077538,0.3414066768276872,16.883454091764946,0.7365569479972879,0.029795538563102346
24295,7,0.0,0.0,9,0.3333333333333333,0.1111111111111111,2025,0,1,368.0,0.31521739130434784,0.21739130434782608,0.08438168166674954,0.3122063391487029,17.92577768073019,0.6597772419336319,0.03246231320637108
24392,9,0.1111111111111111,0.2222222222222222,5,0.0,0.2,2025,1,1,3920.0,0.6806122448979591,0.5193877551020408,0.1422742285484997,0.7086958615760305,18.096193930335254,0.33254409361959436,-0.0019666530105260736
24716,5,0.4,0.0,4,0.0,0.0,2025,0,0,310.0,0.25806451612903225,0.3,0.13253726465335566,0.6281296318350241,16.949463891691792,0.8884336130233912,0.014313429629716398
24783,8,0.25,0.0,5,0.2,0.0,2025,0,0,603.0,0.39800995024875624,0.13764510779436154,,,,,
24805,5,0.4,0.0,3,0.0,0.3333333333333333,2025,0,1,624.0,0.8958333333333334,0.36538461538461536,0.11745348934759364,0.37200557058741673,22.275645106845595,0.37544816089593663,0.1311756343475754
24821,7,0.14285714285714285,0.2,6,0.0,0.25,2025,1,1,331.0,0.6827794561933535,0.3716012084592145,0.17952078977531938,0.2990350966919659,18.48411113884477,0.7970775702475188,0.04545931238170414
24848,5,0.4,0.0,5,0.2,0.0,2025,0,0,1654.0,0.6233373639661427,0.3688029020556227,0.10226055884112434,0.5456843535701027,16.047526502084374,0.6021888618212564,0.0630014080391405
24910,8,0.25,0.0,8,0.0,0.0,2025,0,0,546.0,0.36446886446886445,0.1813186813186813,0.07564130822948864,0.5014089111188548,15.107050459838563,0.3217081204985179,-0.06196430559162925
24929,10,0.3,0.1,6,0.5,0.0,2025,1,0,855.0,0.3742690058479532,0.22105263157894736,,0.2709655356193968,,,
25100,6,0.16666666666666666,0.0,5,0.0,0.0,2025,0,0,252.0,0.3968253968253968,0.45634920634920634,0.05456347541455001,0.3237387276794376,15.547943676840005,0.7060597995010961,0.1912176280574668
25232,8,0.125,0.16666666666666666,6,0.16666666666666666,0.3333333333333333,2025,1,1,65.0,0.4307692307692308,0.2153846153846154,0.041944816270132565,0.7862640421457513,13.359630716788937,0.18267365000236635,-0.0017984192841029201
25291,7,0.0,0.0,5,0.0,0.2,2025,0,1,317.0,0.17350157728706625,0.31545741324921134,0.13782391573412203,0.4419440040457499,17.569903253334246,0.7243113190593626,0.03304336220556789
25372,7,0.14285714285714285,1.0,3,0.0,0.3333333333333333,2025,1,1,7784.0,0.4249743062692703,0.6479958890030832,0.09029831326441295,0.461833885086597,17.68305907329059,0.883868269733403,0.010392054364871929
25585,6,0.16666666666666666,0.0,5,0.0,0.0,2025,0,0,354.0,0.11864406779661017,0.3333333333333333,0.12466167420205274,0.3574515777733325,17.328653943279097,0.8008913148864559,0.04915002497200447
25780,7,0.14285714285714285,0.3333333333333333,13,0.07692307692307693,0.18181818181818182,2025,1,1,229.0,0.13537117903930132,0.537117903930131,0.15227587491662437,0.36127108948294206,15.97515037213989,0.5003797293844092,0.07364454260865953
25917,8,0.375,0.0,6,0.0,0.0,2025,0,0,2157.0,0.3041261010662958,0.18173388966156698,0.10776557528699256,0.4900673373303256,18.76426816465189,0.8710923439130124,-0.029623833609038454
26620,8,0.375,0.0,5,0.0,0.0,2025,0,0,84.0,0.39285714285714285,0.13095238095238096,0.10132952619920076,0.3287277356348936,17.70175181190555,0.7172952713984998,-0.011448900154467544
27707,5,0.0,0.0,4,0.0,0.0,2025,0,0,610.0,0.26721311475409837,0.26885245901639343,0.10381101066815869,0.5408318855272206,15.947085478561817,0.7604493523474365,-0.0338835542403831
2437,10,0.2,0.0,11,0.09090909090909091,0.18181818181818182,2026,0,1,611.0,0.24713584288052373,0.25859247135842883,,0.3427383535548085,,,
2453,9,0.2222222222222222,0.1111111111111111,8,0.0,0.0,2026,1,0,185.0,0.20540540540540542,0.21081081081081082,,0.2334256815146661,,,
2577,3,0.0,0.0,3,0.3333333333333333,0.0,2026,0,0,,,,,,,,
3980,6,0.16666666666666666,0.0,9,0.1111111111111111,0.0,2026,0,0,4263.0,0.2641332395026976,0.16326530612244897,,0.3318561466813561,,,
4030,5,0.0,0.2,9,0.0,0.0,2026,1,0,1658.0,0.15259348612786489,0.3480096501809409,,0.6141085396519135,,,
4170,12,0.3333333333333333,0.25,6,0.0,0.0,2026,1,0,7209.0,0.2745179636565404,0.3610764322374809,,0.3029464010623604,,,
4820,11,0.09090909090909091,0.18181818181818182,7,0.0,0.0,2026,1,0,897.0,0.3255295429208473,0.11928651059085842,,0.8595014138734721,,,
5258,13,0.23076923076923078,0.0,9,0.3333333333333333,0.0,2026,0,0,4552.0,0.6025922671353251,0.48703866432337434,,0.37204867268718256,,,
5410,7,0.14285714285714285,0.0,12,0.0,0.0,2026,0,0,2635.0,0.12941176470588237,0.026565464895635674,,0.3200664636931322,,,
6505,7,0.14285714285714285,0.14285714285714285,5,0.2,0.2,2026,1,1,2168.0,0.35977859778597787,0.4077490774907749,,0.707185345294683,,,
8133,8,0.375,0.0,5,0.4,0.0,2026,0,0,3064.0,0.5985639686684073,0.39033942558746737,,0.40897265690034734,,,
8451,7,0.14285714285714285,0.0,2,0.0,0.0,2026,0,0,839.0,0.08343265792610251,0.12514898688915377,,0.347064176353391,,,
8656,5,0.0,0.0,9,0.1111111111111111,0.0,2026,0,0,4263.0,0.2641332395026976,0.16326530612244897,,0.3361762137817118,,,
8672,8,0.25,0.0,5,0.4,0.0,2026,0,0,120.0,0.5583333333333333,0.1,,0.3156160889611701,,,
9512,11,0.2727272727272727,0.18181818181818182,8,0.625,0.0,2026,1,0,5980.0,0.13193979933110367,0.2508361204013378,,0.3180435118478074,,,
10456,8,0.125,0.0,3,0.0,0.0,2026,0,0,92.0,0.358695652173913,0.13043478260869565,,0.444135246434241,,,
12653,11,0.18181818181818182,0.0,8,0.125,0.0,2026,0,0,1621.0,0.1634793337446021,0.28315854410857494,,0.224863445666092,,,
13986,9,0.2222222222222222,0.0,6,0.16666666666666666,0.0,2026,0,0,1867.0,0.30048205677557577,0.3352972683449384,,0.3197771914710084,,,
14176,6,0.3333333333333333,0.0,9,0.4444444444444444,0.0,2026,0,0,,,,,,,,
14311,9,0.1111111111111111,0.1111111111111111,9,0.1111111111111111,0.0,2026,1,0,337.0,0.2195845697329377,0.08902077151335312,,0.29322860319062677,,,
14320,9,0.2222222222222222,0.0,4,0.0,0.0,2026,0,0,1074.0,0.1154562383612663,0.4180633147113594,,0.5305739344992827,,,
14443,9,0.2222222222222222,0.1111111111111111,7,0.42857142857142855,0.14285714285714285,2026,1,1,623.0,0.3290529695024077,0.1187800963081862,,0.2989843122075713,,,
14460,10,0.1,0.1,6,0.16666666666666666,0.0,2026,1,0,465.0,0.5268817204301075,0.26666666666666666,,0.4196441649801492,,,
14826,7,0.14285714285714285,0.0,2,0.0,0.0,2026,0,0,5952.0,0.4963037634408602,0.5949260752688172,,0.7432498776765625,,,
15253,7,0.14285714285714285,0.0,5,0.2,0.2,2026,0,1,1255.0,0.2613545816733068,0.3713147410358566,,0.2933367934049965,,,
16101,3,0.0,0.0,5,0.2,0.0,2026,0,0,80.0,0.4625,0.2,,0.7765397887676985,,,
16292,3,0.3333333333333333,0.0,8,0.0,0.0,2026,0,0,4318.0,0.30453913849004166,0.2568318666049097,,,,,
17329,9,0.2222222222222222,0.0,9,0.1111111111111111,0.1111111111111111,2026,0,1,284.0,0.22887323943661972,0.20774647887323944,,0.2884351899305083,,,
17450,9,0.2222222222222222,0.0,4,0.0,0.0,2026,0,0,576.0,0.3211805555555556,0.22395833333333334,,0.35240366249984106,,,
17671,12,0.4166666666666667,0.08333333333333333,5,0.0,0.0,2026,1,0,4424.0,0.3679927667269439,0.33340867992766726,,0.26778167710275,,,
17892,5,0.2,0.0,4,0.0,0.0,2026,0,0,333.0,0.1981981981981982,0.43543543543543545,,,,,
17973,6,0.3333333333333333,0.3333333333333333,7,0.0,0.0,2026,1,0,1974.0,0.5699088145896657,0.3221884498480243,,0.45975282865404826,,,
18376,9,0.4444444444444444,0.125,5,0.2,0.0,2026,1,0,141.0,0.24113475177304963,0.1347517730496454,,0.28773826643645567,,,
18465,9,0.2222222222222222,0.1111111111111111,4,0.5,0.0,2026,1,0,1253.0,0.35195530726256985,0.22266560255387072,,0.2972537529854665,,,
18627,9,0.2222222222222222,0.0,9,0.1111111111111111,0.0,2026,0,0,452.0,0.19690265486725664,0.1172566371681416,,0.31491555556496914,,,
18660,7,0.2857142857142857,0.0,8,0.125,0.14285714285714285,2026,0,1,965.0,0.23626943005181347,0.18756476683937823,,0.2790155317235305,,,
18724,7,0.14285714285714285,0.0,2,0.0,0.0,2026,0,0,1.0,0.0,0.0,,0.29725866719541516,,,
18821,11,0.18181818181818182,0.0,8,0.125,0.0,2026,0,0,1950.0,0.2712820512820513,0.37948717948717947,,0.30948101073235285,,,
19445,7,0.2857142857142857,0.2857142857142857,5,0.4,0.0,2026,1,0,1321.0,0.05147615442846329,0.546555639666919,,0.36338764490336145,,,
19453,9,0.1111111111111111,0.0,5,0.2,0.0,2026,0,0,413.0,0.324455205811138,0.30024213075060535,,0.4969754991544095,,,
19550,8,0.375,0.0,4,0.5,0.0,2026,0,0,1034.0,0.5705996131528046,0.13539651837524178,,0.4656545708334055,,,
19623,7,0.2857142857142857,0.0,11,0.18181818181818182,0.0,2026,0,0,2153.0,0.7412912215513238,0.3924756154203437,,,,,
19739,7,0.2857142857142857,0.0,6,0.16666666666666666,0.16666666666666666,2026,0,1,2228.0,0.4533213644524237,0.3752244165170557,,0.4036241947035029,,,
19763,3,0.0,0.0,3,0.3333333333333333,0.0,2026,0,0,,,,,,,,
19836,8,0.125,0.0,3,0.3333333333333333,0.0,2026,0,0,29.0,0.6206896551724138,0.034482758620689655,,0.49005192590136804,,,
19879,9,0.1111111111111111,0.0,5,0.2,0.2,2026,0,1,272.0,0.28308823529411764,0.27941176470588236,,0.7286017238186194,,,
19909,3,0.6666666666666666,0.0,3,0.3333333333333333,0.0,2026,0,0,,,,,,,,
19992,7,0.42857142857142855,0.0,8,0.125,0.0,2026,0,0,1937.0,0.42540010325245226,0.17552916881775943,,0.4329057878881163,,,
20010,7,0.14285714285714285,0.0,9,0.1111111111111111,0.1111111111111111,2026,0,1,1146.0,0.2181500872600349,0.5043630017452007,,0.28266687945262986,,,
20087,11,0.18181818181818182,0.09090909090909091,4,0.0,0.25,2026,1,1,1082.0,0.17929759704251386,0.04528650646950092,,0.40894274353035803,,,
20257,9,0.2222222222222222,0.0,4,0.25,0.0,2026,0,0,89.0,0.29213483146067415,0.29213483146067415,,0.23861756519172153,,,
20362,9,0.0,0.0,5,0.2,0.0,2026,0,0,647.0,0.3446676970633694,0.26120556414219476,,0.43039327823533824,,,
20478,3,0.0,0.0,2,0.0,0.0,2026,0,0,29.0,0.4827586206896552,0.20689655172413793,,1.203561025981211,,,
20494,3,0.0,0.0,5,0.4,0.0,2026,0,0,,,,,,,,
20516,7,0.14285714285714285,0.0,11,0.09090909090909091,0.0,2026,0,0,598.0,0.05852842809364549,0.3511705685618729,,0.45031381985589347,,,
20524,5,0.2,0.0,8,0.125,0.0,2026,0,0,90.0,0.3888888888888889,0.18888888888888888,,0.37855200398681166,,,
20605,7,0.0,0.0,4,0.25,0.0,2026,0,0,682.0,0.3914956011730205,0.2595307917888563,,0.4172753161660976,,,
20745,6,0.16666666666666666,0.0,4,0.0,0.0,2026,0,0,491.0,0.14663951120162932,0.43584521384928715,,0.2778465712591464,,,
20770,8,0.125,0.0,6,0.0,0.0,2026,0,0,39.0,0.5384615384615384,0.05128205128205128,,0.39813182578321754,,,
20788,7,0.14285714285714285,0.0,3,0.0,0.0,2026,0,0,1867.0,0.209962506695233,0.37171933583288697,,0.4843766519922189,,,
20915,8,0.25,0.0,9,0.1111111111111111,0.1111111111111111,2026,0,1,2157.0,0.3143254520166898,0.5076495132127955,,0.5122016780978267,,,
20931,10,0.1,0.2,5,0.0,0.0,2026,1,0,1285.0,0.20389105058365758,0.30739299610894943,,0.4629035708164699,,,
20982,7,0.14285714285714285,0.0,6,0.0,0.0,2026,0,0,48.0,0.375,0.041666666666666664,,0.28974063933554056,,,
20990,7,0.42857142857142855,0.0,2,0.0,0.5,2026,0,1,6171.0,0.5676551612380489,0.6744449846054125,,0.6385028234572917,,,
21016,7,0.14285714285714285,0.0,3,0.0,0.3333333333333333,2026,0,1,1413.0,0.5208775654635527,0.4267515923566879,,0.48190509673109283,,,
21091,10,0.2,0.0,6,0.5,0.0,2026,0,0,794.0,0.3526448362720403,0.16750629722921914,,0.36615932150062475,,,
21237,3,0.0,0.0,1,0.0,0.0,2026,0,0,422.0,0.17535545023696683,0.35545023696682465,,0.4253435784649412,,,
21350,7,0.2857142857142857,0.0,7,0.14285714285714285,0.14285714285714285,2026,0,1,423.0,0.3947990543735225,0.4160756501182033,,0.43348775321399546,,,
21431,10,0.3,0.1,5,0.2,0.0,2026,1,0,861.0,0.40185830429732866,0.2764227642276423,,0.3301264005220469,,,
21881,10,0.1,0.0,5,0.4,0.0,2026,0,0,1762.0,0.7133938706015891,0.4307604994324631,,0.3133687000127128,,,
22187,8,0.125,0.125,4,0.0,0.25,2026,1,1,267.0,0.10486891385767791,0.3333333333333333,,0.36727287311096707,,,
22349,9,0.1111111111111111,0.0,4,0.0,0.0,2026,0,0,2297.0,0.6020896821941663,0.29734436221158034,,0.47650260297607944,,,
22357,9,0.2222222222222222,0.0,8,0.375,0.0,2026,0,0,326.0,0.44785276073619634,0.1196319018404908,,0.26359226944167297,,,
22470,8,0.375,0.0,5,0.2,0.2,2026,0,1,2817.0,0.3500177493787717,0.35179268725594603,,0.586150780365857,,,
23264,9,0.3333333333333333,0.0,7,0.14285714285714285,0.0,2026,0,0,6009.0,0.4127142619404227,0.254618072890664,,0.30479530771726215,,,
23272,7,0.14285714285714285,0.14285714285714285,4,0.0,0.0,2026,1,0,115.0,0.3652173913043478,0.391304347826087,,0.33832357505907334,,,
23310,4,0.0,0.0,3,0.3333333333333333,0.0,2026,0,0,343.0,0.4839650145772595,0.1661807580174927,,0.7364907736597731,,,
24112,9,0.2222222222222222,0.0,4,0.0,0.25,2026,0,1,1376.0,0.33648255813953487,0.3008720930232558,,,,,
24260,9,0.1111111111111111,0.0,5,0.2,0.0,2026,0,0,1185.0,0.43544303797468353,0.4911392405063291,,0.40082936680691017,,,
24295,7,0.14285714285714285,0.0,10,0.3,0.1,2026,0,1,311.0,0.2990353697749196,0.24115755627009647,,0.30359563021311026,,,
24392,9,0.2222222222222222,0.1,6,0.3333333333333333,0.16666666666666666,2026,1,1,4148.0,0.7080520732883318,0.5499035679845709,,0.8152686032915382,,,
24716,5,0.4,0.0,4,0.0,0.0,2026,0,0,315.0,0.2126984126984127,0.3238095238095238,,0.5850873224109828,,,
24805,5,0.4,0.0,3,0.0,0.3333333333333333,2026,0,1,585.0,0.9179487179487179,0.37264957264957266,,0.4251642706105397,,,
24821,7,0.14285714285714285,0.0,5,0.0,0.0,2026,0,0,3075.0,0.6679674796747967,0.4835772357723577,,0.3413728418678847,,,
24848,5,0.4,0.0,5,0.2,0.0,2026,0,0,1823.0,0.6258913878222709,0.3867251782775645,,0.5085665847897664,,,
24910,8,0.125,0.0,8,0.0,0.0,2026,0,0,499.0,0.3687374749498998,0.21042084168336672,,0.4928021248967196,,,
24929,10,0.3,0.2,5,0.4,0.0,2026,1,0,694.0,0.3631123919308357,0.2132564841498559,,0.3365431536620727,,,
25100,6,0.16666666666666666,0.0,5,0.0,0.0,2026,0,0,168.0,0.39285714285714285,0.625,,0.4323564604755564,,,
25232,7,0.0,0.16666666666666666,8,0.25,0.375,2026,1,1,65.0,0.4307692307692308,0.2153846153846154,,0.5310024727295887,,,
25291,8,0.0,0.0,4,0.0,0.25,2026,0,1,291.0,0.17525773195876287,0.4054982817869416,,0.3834595112115363,,,
25372,7,0.14285714285714285,1.0,3,0.0,0.3333333333333333,2026,1,1,7784.0,0.4249743062692703,0.6479958890030832,,0.47311975902663983,,,
25585,7,0.2857142857142857,0.0,5,0.0,0.0,2026,0,0,354.0,0.11864406779661017,0.3333333333333333,,0.4523663584995736,,,
25780,7,0.14285714285714285,0.5,4,0.0,0.5,2026,1,1,249.0,0.1646586345381526,0.5421686746987951,,0.3474669062188375,,,
25917,8,0.375,0.0,6,0.0,0.0,2026,0,0,1962.0,0.30784913353720694,0.1962283384301733,,0.842560512412761,,,
26620,8,0.375,0.0,5,0.0,0.0,2026,0,0,72.0,0.3194444444444444,0.1388888888888889,,0.3308586609570017,,,
27707,5,0.0,0.0,4,0.0,0.0,2026,0,0,608.0,0.2993421052631579,0.25164473684210525,,0.45255394544037225,,,
