CD_CVM,board_size,pct_female_board,pct_black_brown_board,exec_size,pct_female_exec,pct_black_brown_exec,year,has_black_brown_board,has_black_brown_exec,leadership_n,pct_female_leadership,pct_black_brown_leadership,cost_of_debt_proxy,return_volatility,ln_total_assets,leverage,sector_group,market_cap,roa,roe,past_12m_return,total_equity,market_to_book
2437,9,0.1111111111111111,0.0,11,0.1818181818181818,0.0,2023,0,0,907.0,0.2403528114663726,0.237045203969129,0.1055012965980803,0.3139948222870105,19.402975125638708,0.5788750394699416,Utilities/Energy,77931892416.61302,0.0164566000418771,0.039077712280848,0.0363947239863213,112464644.0,692.9457084896212
2453,11,0.0,0.0909090909090909,7,0.1428571428571428,0.0,2023,1,0,199.0,0.185929648241206,0.1708542713567839,0.0544093309690031,0.2687996740624014,17.82284519774114,0.5517244156735772,Utilities/Energy,25271735504.19887,0.1048513929434284,0.2338994061007756,0.04840182652099,24655193.0,1025.0065981717876
2577,3,0.0,0.0,4,0.5,0.0,2023,0,0,,,,0.1250111690843312,,16.423237977137106,0.4132458875659162,Utilities/Energy,,-0.0331193989820743,-0.0564451075505584,,7961186.0,
3980,7,0.1428571428571428,0.0,8,0.0,0.0,2023,0,0,4610.0,0.2438177874186551,0.1427331887201735,0.0882054984892351,0.2917154066740197,18.131466084355303,0.3424748839369261,Industrials/Materials,41747913108.0,0.1006472391907265,0.1530698017945702,-0.1730858467142618,49238863.0,847.8650920107558
4030,5,0.0,0.2,6,0.0,0.0,2023,1,0,1269.0,0.1331757289204097,0.3246650906225374,0.0808287081604504,0.4057447219387455,18.33217428624998,0.7849350134579238,Industrials/Materials,26071006998.02,0.0043991066508233,0.0204547784442015,0.413371675053918,19684838.0,1324.4207037934475
4170,12,0.1666666666666666,0.1666666666666666,9,0.2222222222222222,0.0,2023,1,0,5355.0,0.2070961718020541,0.2907563025210084,0.0460958088015555,0.2756958107024408,19.93796827914377,0.5650614933857329,Industrials/Materials,,0.0889373311344257,0.2044825412832472,-0.0989729225023343,198325000.0,
4820,11,0.0909090909090909,0.0,6,0.0,0.0,2023,0,0,981.0,0.3312945973496432,0.1223241590214067,0.0498519138161018,0.5222556127432142,18.334479947444503,0.9642580743615178,Industrials/Materials,17426963251.239998,-0.0533022312815426,-1.4913083257090576,-0.0310283687943262,3279000.0,5314.718893333333
5258,10,0.3,0.0,5,0.2,0.0,2023,0,0,3630.0,0.6286501377410468,0.4019283746556474,0.0918897199090779,0.2327235780868046,16.815952324427126,0.7000011246907847,Commerce/Retail,49519031055.79175,0.0541017572447504,0.1803398669044561,0.3961643834822845,6028301.0,8214.42576536768
5410,7,0.1428571428571428,0.1428571428571428,13,0.0,0.0,2023,1,0,1869.0,0.1091492776886035,0.0219368646334938,0.1044590130670438,0.252593538272123,17.265379684086113,0.4331145878543713,Other,154923007306.18,0.1862955518224856,0.3286299979344462,-0.014419225634179,17854776.0,8676.838472024516
6505,5,0.2,,4,0.0,,2023,0,0,1596.0,0.3383458646616541,0.3170426065162907,0.0,0.6964911629966176,17.28112145295085,0.8920490061257658,Commerce/Retail,1082051356.6200001,-0.0820415051881485,-0.759988419224088,-0.761675392670157,3454000.0,313.27485715691955
8133,8,0.25,0.0,5,0.4,0.0,2023,0,0,3072.0,0.4892578125,0.2965494791666667,0.0631043460200813,0.47892185127422,16.8354786568704,0.5096677321613899,Commerce/Retail,15254012929.011734,0.0476441485130916,0.0971670673910726,-0.1039094646765291,10047221.0,1518.2320493409804
8451,7,0.1428571428571428,0.0,3,0.0,0.0,2023,0,0,527.0,0.0872865275142315,0.0588235294117647,0.150337153907705,0.3595112296732813,15.889851991172648,0.5492433194213111,Industrials/Materials,6068722559.876025,0.1018695983806622,0.2259968687538482,2.065217392102836,3587709.0,1691.5314368796426
8656,3,0.0,0.0,8,0.0,0.0,2023,0,0,4610.0,0.2438177874186551,0.1427331887201735,0.088384191401208,0.2803397394097445,18.136093371306902,0.3410631836028442,Industrials/Materials,8411599063.462868,0.1008220892731119,0.1530072182403968,-0.1778955337212889,49573439.0,169.6795548814531
8672,8,0.125,0.0,5,0.6,0.0,2023,0,0,173.0,0.5895953757225434,0.1387283236994219,0.1308779548005747,0.2908169433296236,15.868566927357364,0.4638488058863821,Commerce/Retail,29860862387.64,0.0396492206621961,0.0739515664564461,0.4494649227110581,4177518.0,7147.991316288762
9512,11,0.0909090909090909,0.1818181818181818,9,0.1111111111111111,0.125,2023,1,1,4528.0,0.0231890459363957,0.2124558303886926,0.0339272572799559,0.3380836200774406,20.77290135798673,0.6361743592085931,Utilities/Energy,508474490331.39996,0.1191049854979788,0.3273683109274468,0.5604483586869493,382340000.0,1329.9013713746926
10456,8,0.125,0.0,3,0.0,0.0,2023,0,0,128.0,0.4375,0.0546875,0.0753941849024701,0.5344993101137903,15.660398228774216,0.41089966177202,Consumer/Textile/Food,6912589686.639999,-0.2951429096583124,-0.5010061792632906,-0.2368024132730015,3727467.0,1854.5005728125827
11312,9,0.1111111111111111,0.0,3,0.3333333333333333,0.0,2023,0,0,1537.0,0.328562134027326,0.0,0.1344965850771567,1.049762145716521,17.078363497123462,2.044382013891385,TechTelecom,418705679.99009275,-0.2077692582683001,0.1989399046562937,-0.68,-27283395.0,
12653,11,0.3636363636363636,0.0,6,0.0,0.0,2023,0,0,1648.0,0.0,0.1802184466019417,0.0246113396670901,0.2277301205965133,17.83071612903802,0.7522754975269096,Industrials/Materials,123593640620.0,0.0513647320838269,0.2073461913175364,0.0978260870877834,13732531.0,9000.06274298598
13986,9,0.3333333333333333,0.0,7,0.0,0.0,2023,0,0,1404.0,0.2421652421652421,0.3233618233618233,0.0471657569681338,0.2624229801839091,18.78249364097532,0.6879353993691546,Industrials/Materials,72548062922.45,0.0982386226629044,0.3148021994943127,0.0816643982111609,44810300.0,1619.004178111952
14176,6,0.3333333333333333,0.0,9,0.4444444444444444,0.1111111111111111,2023,0,1,,,,0.0934456768406093,,17.169997286773796,0.9014031865216976,Utilities/Energy,,0.0454656253443612,0.461126721446901,,2822916.0,
14311,9,0.1111111111111111,0.1111111111111111,7,0.1428571428571428,0.0,2023,1,0,387.0,0.2299741602067183,0.0904392764857881,0.0719030175315984,0.224202312030724,17.83762619689866,0.5666057269240977,Utilities/Energy,28306872508.59,0.0416912684721355,0.0961970913372774,0.4968454258675079,24191667.0,1170.1083893305079
14320,8,0.0,0.0,6,0.0,0.0,2023,0,0,305.0,0.1639344262295081,0.2426229508196721,0.0,0.3065942837495261,17.50842563299488,0.3389372639654083,Industrials/Materials,,0.0408440359086933,0.0617854156380039,0.2639455782312925,26549437.0,
14443,11,0.2727272727272727,0.1818181818181818,6,0.5,0.0,2023,1,0,1904.0,0.0756302521008403,0.1948529411764706,0.0758746059169949,0.285411841449829,17.934075377332036,0.5142848353572891,Utilities/Energy,9990478515.340633,0.0573202561333151,0.1180120784894158,0.4014503531071958,29857376.0,334.6067154508365
14460,9,0.1111111111111111,0.1111111111111111,6,0.1666666666666666,0.0,2023,1,0,350.0,0.4057142857142857,0.2114285714285714,0.0628936397000058,0.3961371396192088,16.670324220459726,0.5106943676890485,Construction/RealEstate,8051534807.922884,0.0636513309385649,0.1300850158579717,0.9900826446280993,8499826.0,947.2587801118381
14826,8,0.0,0.0,4,0.0,0.0,2023,0,0,1099.0,0.3803457688808007,0.4176524112829845,0.0,0.5452458298664877,16.90882315985713,0.7858503401360544,Commerce/Retail,1096764620.1399999,-0.0967800453514739,-0.4519271495129182,-0.207268252019779,4722000.0,232.266967416349
15253,7,0.1428571428571428,0.1666666666666666,5,0.2,0.0,2023,1,0,1207.0,0.2195526097763049,0.3628831814415907,0.0795522682417503,0.2949966331701552,18.03602468300056,0.7691193034143518,Utilities/Energy,112036117834.95245,0.0379549292358866,0.1643919556601247,0.2915067179772435,15715696.0,7128.931345767471
16101,5,0.0,0.0,7,0.4285714285714285,0.0,2023,0,0,131.0,0.4503816793893129,0.366412213740458,0.0488705421409422,1.2069656298687037,15.449907388989567,0.6669587514739976,Construction/RealEstate,15782022562.461082,-0.0381303321164216,-0.1144913198745849,0.8409893990849842,1707291.0,9243.897239815053
16292,9,0.2222222222222222,0.0,8,0.0,0.0,2023,0,0,3033.0,0.2713484998351467,0.2522255192878338,0.0966494920274925,0.6157840532424372,17.86332397750545,0.7268537607061311,Consumer/Textile/Food,23234955527.260002,-0.0326311122922177,-0.1194638900267303,1.01018922852984,15643656.0,1485.2637725644186
16306,5,0.2,0.0,2,0.5,0.0,2023,0,0,18.0,0.5,0.3333333333333333,0.0739514696613762,0.5154560327923433,13.203906497357725,2.573809172688394,Construction/RealEstate,,0.4695159268544462,-0.2983309126686657,0.6144578313253009,-853760.0,
17329,9,0.2222222222222222,0.0,8,0.125,0.0,2023,0,0,285.0,0.119298245614035,0.2210526315789473,0.0744247848149097,0.1773159709227401,17.558510539822407,0.7675232086377963,Utilities/Energy,26418574611.308468,0.0812102497999205,0.349326267469828,0.2257977287548616,9816210.0,2691.32125446669
17450,10,0.3,0.1,5,0.0,0.0,2023,1,0,485.0,0.2288659793814433,0.1505154639175257,0.0974854454414627,0.2703814316227151,17.712185095981603,0.6776693922609565,TransportLogistics,42569242379.549995,0.0146616557845176,0.0454863901612085,0.338192419825073,15871055.0,2682.193614699842
17671,12,0.3333333333333333,0.0833333333333333,5,0.0,0.0,2023,1,0,4122.0,0.3508005822416303,0.2234352256186317,0.0858153074133654,0.2205983160243515,18.609133301028614,0.4233188264372155,TechTelecom,44157160979.2,0.0417430952546994,0.072385049431746,0.4498100922409116,69627320.0,634.1930291040931
17892,8,0.25,,3,0.0,,2023,0,0,299.0,0.1705685618729097,0.3244147157190635,0.0646933729239325,0.3224284026133647,15.364740824135549,0.5290800780399525,TransportLogistics,8097276357.53,0.107119924296573,0.2274695108474536,0.3540462427745663,2217018.0,3652.327747239761
17973,6,0.3333333333333333,0.0,6,0.0,0.0,2023,0,0,1937.0,0.551368094992256,0.275684047496128,0.1039535192810958,0.459105118605218,17.03980618911259,0.4944960115353907,Other,5953959703.148166,-0.0203435625027077,-0.0402441186754989,0.7715736041232704,12706279.0,468.5840522743256
18376,9,0.0,0.1111111111111111,5,0.6,0.0,2023,1,0,109.0,0.1926605504587156,0.0825688073394495,0.0575982353542415,0.2123065944986784,17.396558557274215,0.5045630945436566,Utilities/Energy,17460407556.0,0.0805421579856688,0.1625679417472585,0.2200736648250461,17791712.0,981.378720383963
18465,9,0.2222222222222222,0.0,5,0.0,0.0,2023,0,0,1174.0,0.3160136286201022,0.2061328790459966,0.0776154947116993,0.3212839857961701,17.459705724748318,0.6332260918090136,Utilities/Energy,29569367144.68,0.0658202110040125,0.1794571792978758,1.2485156912637834,14029826.0,2107.6075458583737
18627,9,0.1111111111111111,0.0,8,0.125,0.0,2023,0,0,142.0,0.3309859154929577,0.0985915492957746,0.0682882058521773,0.2412434493444375,16.749575118996827,0.4817991262985002,Utilities/Energy,44112089099.61,0.0799495104873163,0.1542828554422117,0.7323442136498515,9744200.0,4527.009821186963
18660,4,0.25,0.0,8,0.125,0.125,2023,0,1,12.0,0.3333333333333333,0.0833333333333333,0.0817167697418893,0.2410425558979743,18.13261495789193,0.7332476231181331,Utilities/Energy,44373318484.399994,0.0738571612280001,0.2768753631788942,0.2794019933554816,19998753.0,2218.8042666660263
18724,9,0.1111111111111111,0.0,2,0.0,0.0,2023,0,0,19.0,0.0526315789473684,0.0,0.009355233083506,0.2926015104015051,15.88116473929956,0.0071528167312974,Industrials/Materials,10086859012.6,0.240368683288093,0.2421003829579683,-0.1179099346854589,7834019.0,1287.5714256756335
18821,11,0.1818181818181818,0.0,7,0.0,0.0,2023,0,0,1935.0,0.3297157622739018,0.2558139534883721,0.0,0.259095158859191,17.81633409222826,0.7606793658899347,TransportLogistics,28643600000.0,0.0339384096797379,0.1418114647988499,0.399802566633761,13077229.0,2190.341700065052
19445,6,0.0,0.0,5,0.2,0.25,2023,0,1,1345.0,0.041635687732342,0.5368029739776952,0.0507965643486328,0.3207078435351714,16.46803839440322,0.4662510131352219,Utilities/Energy,7787582853.12,0.0972064353264016,0.1821201308453786,0.3571901921802518,7573825.0,1028.2232363594353
19453,9,0.1111111111111111,0.0,5,0.2,0.0,2023,0,0,324.0,0.2839506172839506,0.2037037037037037,0.0820204337658101,0.4413740721306134,17.07206363623357,0.8849664334236097,TransportLogistics,6559468390.08,0.0229828303274346,0.1997923824449311,1.3432835820895526,2986260.0,2196.5496608064936
19550,3,0.0,0.0,4,0.5,0.0,2023,0,0,,,,0.2074879113684293,0.5164626967043792,16.788862448663174,0.5207430817363731,Healthcare/Pharma,15542269155.33,0.3292850713419252,0.6870742159235643,0.7043390514631684,9373002.0,1658.1954378469138
19569,9,0.1111111111111111,0.0,3,0.3333333333333333,0.0,2023,0,0,455.0,0.3538461538461538,0.167032967032967,0.0768973583238572,,16.63248655156494,2.385079833463608,TransportLogistics,,-0.0730745440355409,0.0527583625651429,,-23167114.0,
19623,7,0.1428571428571428,0.0,13,0.1538461538461538,0.0,2023,0,0,3040.0,0.6710526315789473,0.1269736842105263,0.1168521362008638,,17.08177365865215,0.7202242000213633,Healthcare/Pharma,,-0.0430992782262371,-0.1540493431866807,,7333819.0,
19739,8,0.25,0.0,8,0.125,0.1666666666666666,2023,0,1,1693.0,0.4766686355581807,0.0,0.0945102985963685,0.3253374818211839,18.20930621520316,0.68624175516934,TransportLogistics,65572922410.549,0.0222749222195576,0.0709939024282206,0.2850334411291422,25397815.0,2581.833217170414
19763,3,0.0,0.0,2,0.5,0.0,2023,0,0,169.0,0.2130177514792899,0.1715976331360946,0.0952377722879889,,17.437861859602926,0.6776517100135808,Utilities/Energy,,0.0370097492180657,0.1148129224436867,,12064034.0,
19836,10,0.2,0.0,4,0.25,0.0,2023,0,0,42.0,0.5238095238095238,0.0238095238095238,0.1429117741305704,0.3169379375563158,18.75619096083809,0.6354982250003793,Consumer/Textile/Food,36282013243.52,0.0349246105801934,0.0958146516028071,0.2331210191082802,50981180.0,711.6746462816278
19879,9,0.0,0.0,7,0.1428571428571428,1.0,2023,0,1,160.0,0.26875,0.175,0.0699976548461082,0.8079235869614512,16.981699950057074,0.8694735272718196,Utilities/Energy,2980442592.0,0.0107586409981457,0.0824249730593005,0.7543859649122808,3095688.0,962.7722793769915
19909,3,0.3333333333333333,0.0,4,0.25,0.0,2023,0,0,,,,0.0498393644129131,,16.851488884215865,0.3692914931787765,Commerce/Retail,,0.1229944012243593,0.1950098974314651,0.0727272727272727,13132195.0,
19925,3,0.0,0.0,2,0.0,0.0,2023,0,0,10.0,0.1,0.0,,,,,Other,,,,,,
19992,7,0.4285714285714285,0.0,8,0.125,0.0,2023,0,0,1529.0,0.368868541530412,0.1484630477436233,0.0977868234513542,0.3304856245748494,15.99353645892257,0.4322402892332645,TechTelecom,20792901367.89,0.086583658592389,0.152500533148894,0.3248132127408571,5012671.0,4148.068239046608
20010,7,0.2857142857142857,0.0,9,0.0,0.1111111111111111,2023,0,1,723.0,0.2351313969571231,0.5076071922544951,0.1021971178509876,0.2287210792685407,18.45646722070673,0.7560515545159573,Utilities/Energy,40689169033.36997,0.0277517194236255,0.1137605913764301,0.3631871907915371,25283659.0,1609.306984933232
20087,11,0.0909090909090909,0.0909090909090909,4,0.0,0.0,2023,1,0,945.0,0.1566137566137566,0.0338624338624338,0.0465078051862141,0.3284656396381825,17.770616577480375,0.7181248303200837,Industrials/Materials,16579012335.16,0.0150256043785023,0.053305881449454,0.6523985239852399,14714230.0,1126.7332599232172
20257,11,0.0909090909090909,0.0,4,0.0,0.0,2023,0,0,74.0,0.2297297297297297,0.2837837837837837,0.0823714855874372,0.1575578637764186,16.783288525384126,0.65656701419368,Utilities/Energy,39665604151.98,0.0703305153836851,0.2047867219817616,0.1662108781525373,6679310.0,5938.5781094124995
20362,9,0.1111111111111111,0.0,4,0.25,0.0,2023,0,0,330.0,0.303030303030303,0.1909090909090909,0.12016657030903,0.5540046981101124,15.33760969436498,0.6515745990742133,TechTelecom,,0.0547558149762333,0.1571521904853776,-0.0781456953642384,1596427.0,
20478,3,0.0,0.0,2,0.0,0.0,2023,0,0,42.0,0.3571428571428571,0.1666666666666666,0.0868797898336751,1.4917431227282214,13.415332946376148,5.954547963969018,Other,875097798750.0,1.670236242560068,-0.3371117314246495,-0.9625,-3320543.0,
20494,3,0.0,0.0,5,0.6,0.0,2023,0,0,,,,0.1585410126894769,,15.631069069936348,0.4034598707430881,Commerce/Retail,,0.0506055245766666,0.0848317189318077,,3665445.0,
20524,5,0.2,0.0,9,0.1111111111111111,0.0,2023,0,0,95.0,0.431578947368421,0.1473684210526315,0.0143367439772096,0.4479331110460405,15.803197080261269,0.6054172639820438,Construction/RealEstate,1639999999.9999998,0.0467613849121526,0.1185084410536012,0.8303571428571426,2879913.0,569.4616469316954
20605,6,0.0,0.0,6,0.3333333333333333,0.0,2023,0,0,358.0,0.4748603351955307,0.329608938547486,0.0542507724857748,0.4017458590360544,16.2204779461169,0.5285329058701476,Other,3783859973.3700004,0.0449414965730941,0.0953226580023339,0.2241758241758242,5222945.0,724.4686615252507
20745,6,0.1666666666666666,0.0,4,0.0,0.0,2023,0,0,414.0,0.108695652173913,0.3671497584541063,0.1163939504366311,0.2366570044324002,16.579078590850294,0.6694146774806106,Consumer/Textile/Food,7416413560.599256,0.059154969016136,0.1789400949967053,-0.0995215311483826,5241866.0,1414.8422643003953
20770,6,0.0,0.0,7,0.0,0.0,2023,0,0,57.0,0.4736842105263157,0.2631578947368421,0.0431210677094865,0.4525333411884328,15.586950986577742,0.1997259545157974,Other,3249952204.074876,0.0418579304123132,0.0523044957518112,0.4473684208195372,4705064.0,690.7349621758335
20788,7,0.1428571428571428,0.0,4,0.0,0.0,2023,0,0,2683.0,0.201639955273947,0.2705926202012672,0.1614440968026706,0.4241318311147433,18.690361531116835,0.809935442071711,Consumer/Textile/Food,,-0.0276526750836068,-0.1454909604663912,0.2603763078255776,24889835.0,
20915,7,0.2857142857142857,0.0,7,0.1428571428571428,0.2857142857142857,2023,0,1,1383.0,0.4201012292118583,0.2711496746203904,0.0266955159804101,0.5608845240278996,17.03725035773832,0.6982796780210614,Construction/RealEstate,6320543515.33,-0.0007354506686462,-0.0024375244724072,0.4993324432576769,7564642.0,835.5376917149549
20931,10,0.1,0.3,6,0.0,0.0,2023,1,0,1201.0,0.2264779350541215,0.0,0.0750326011422964,0.4516142113231817,17.168712849302004,0.9769340963890732,Consumer/Textile/Food,3995803422.1069407,0.0138326526464115,0.5997013115002653,-0.3956310679611651,659550.0,6058.378321745039
20982,7,0.2857142857142857,0.0,6,0.0,0.0,2023,0,0,39.0,0.3846153846153846,0.1025641025641025,0.0800101935160374,0.2776399712530761,16.261063232386647,0.3989734178711761,Other,17073624067.500002,0.0884598008966688,0.1471811788812168,0.4041501976284587,6933998.0,2462.305882911994
20990,7,0.1428571428571428,0.0,2,0.5,0.0,2023,0,0,9367.0,0.5247144229742714,0.6782320913846482,0.0757616367372465,1.4104352473801445,17.1155976382573,2.0639867232159324,Commerce/Retail,82130184773.0,-0.0837912594504886,0.0787521663778162,-0.8761904761904762,-28850000.0,
21016,9,0.1111111111111111,0.0,4,0.25,0.0,2023,0,0,1426.0,0.5336605890603086,0.1837307152875175,0.1609665724047353,0.6464309952248161,16.044190304428486,0.6708421641079134,Other,6929772039.42,0.0166513487451435,0.0505877330856027,1.332986472424558,3057085.0,2266.7907629064944
21091,8,0.125,0.0,7,0.2857142857142857,0.0,2023,0,0,683.0,0.2913616398243045,0.1566617862371888,0.0931182865694849,0.4751023253863418,16.701460944877947,0.6360567572799357,Construction/RealEstate,5912472861.9207945,0.0452702703833818,0.1243882701188179,0.1915436242000521,6522078.0,906.5320687548959
21350,7,0.2857142857142857,0.0,7,0.1428571428571428,0.0,2023,0,0,239.0,0.4225941422594142,0.4393305439330544,0.0527457181928917,0.3658728446771387,15.839914699569205,0.7212495961882815,Construction/RealEstate,1294888333.2754998,0.0510958188746946,0.1833031205551444,0.5602787456836431,2110586.0,613.5207630845176
21431,9,0.3333333333333333,0.0,5,0.2,0.0,2023,0,0,1280.0,0.396875,0.36328125,0.0966786848433185,0.2943388845631396,17.014540795413524,0.5300505929494327,Healthcare/Pharma,22414247770.237072,0.0673453331016337,0.1433033685993933,-0.1590214067278287,11517873.0,1946.0405380608966
21881,10,0.2,0.0,4,0.25,0.0,2023,0,0,966.0,0.6625258799171843,0.2846790890269151,0.0935115996573141,0.2934387704145488,16.26478726672016,0.5586283139987952,Healthcare/Pharma,9871326109.039999,0.0363406012866356,0.0823355970471936,0.21578947352814,5111070.0,1931.3619475060993
22187,8,0.125,0.0,3,0.0,0.0,2023,0,0,139.0,0.1294964028776978,0.2517985611510791,0.1785148010220159,0.370563985440178,17.158758577775437,0.5097907762273598,Utilities/Energy,41079359960.7,0.1829648349266636,0.3732382543081707,0.3026874115983025,13878280.0,2959.974864370801
22349,5,0.4,0.0,3,0.0,0.0,2023,0,0,832.0,0.5252403846153846,0.2079326923076923,0.0558365238339834,0.4389435801335729,15.60324594140873,0.5098483844452655,Consumer/Textile/Food,7162133463.18,0.0667134210991341,0.1361077245938085,-0.1273833671399594,2929099.0,2445.1660606828245
22357,9,0.2222222222222222,0.0,10,0.3,0.0,2023,0,0,354.0,0.3502824858757062,0.3107344632768362,0.0671535465399558,0.2995729774461177,17.135465164938214,0.4538963765806509,Commerce/Retail,15238024933.95,0.1263204743322223,0.2313122801516769,0.6687617850408549,15104732.0,1008.8245811941583
22470,7,0.4285714285714285,0.0,6,0.1666666666666666,0.0,2023,0,0,5577.0,0.4654832347140039,0.4125874125874126,0.1004980044017976,0.7514854645460017,17.438652559175765,0.7434116457460882,Commerce/Retail,151072655145.85013,-0.0261407622098233,-0.1018782098892735,-0.0886075949423521,9610534.0,15719.48604997913
22691,3,0.0,0.0,4,0.0,0.0,2023,0,0,,,,0.277938426040183,,16.82491212952157,0.2653961134807474,TransportLogistics,,0.0355743844111911,0.0484266215630194,,14894287.0,
23264,11,0.1818181818181818,0.0,14,0.2142857142857142,0.0,2023,0,0,7427.0,0.2781742291638616,0.2130065975494816,0.1196192839241337,0.2253614838365122,18.703180408395365,0.3957983652394184,Consumer/Textile/Food,216352635223.28,0.1127864358689728,0.1866701931610382,-0.0754208754208753,80143802.0,2699.555421931193
23272,7,0.1428571428571428,0.1428571428571428,3,0.0,0.0,2023,1,0,78.0,0.3974358974358974,0.2564102564102564,0.0687349735788732,0.4509833159069676,15.64880296892971,0.4032690350622637,Construction/RealEstate,2329228711.2000003,0.0311714308783593,0.0522369923967524,0.5713301171605789,3732221.0,624.0864919842636
23310,7,0.0,0.0,2,0.0,0.0,2023,0,0,369.0,0.2655826558265582,0.1653116531165311,0.0940800631039242,0.7960336721492198,15.20949626470682,0.8491747715885647,Other,1839568839.5,-0.1133448643027187,-0.7514980450984359,-0.0437158469945355,607959.0,3025.810687069358
24112,12,0.25,0.0,4,0.0,0.25,2023,0,1,2898.0,0.4006211180124223,0.1559696342305038,0.0951656703198176,,16.837539474037687,2.0387153617638885,TransportLogistics,,-0.1159336945388498,0.111612573382931,,-21327848.0,
24171,5,0.2,0.2,3,0.0,0.0,2023,1,0,5468.0,0.3717995610826627,0.440929041697147,0.0625668969543641,,18.345590751312788,0.7754888644546494,Commerce/Retail,,-0.0068882995925231,-0.0306813271234455,,20827000.0,
24260,8,0.125,0.0,7,0.1428571428571428,0.0,2023,0,0,689.0,0.4412191582002903,0.4644412191582003,0.1022305111487241,0.4445192695097002,16.470875408498866,0.6419135194172216,Other,15127541348.95702,0.073377583427107,0.2049158161673307,1.1423868309121883,5095634.0,2968.726040558843
24295,8,0.25,0.0,9,0.1111111111111111,0.0,2023,0,0,273.0,0.2271062271062271,0.2014652014652014,0.0728648648648648,0.3659188333655344,17.587834619032844,0.6382097927830547,Commerce/Retail,23777791475.789997,0.1096110945010464,0.3029686606064459,0.5971929823068651,15731000.0,1511.5244724295974
24392,9,0.1111111111111111,0.2222222222222222,4,0.0,0.0,2023,1,0,3914.0,0.6686254471129279,0.4831374552887072,0.1212920796212377,0.8880563172039879,18.1085166850603,0.3269881478249742,Healthcare/Pharma,503256656509.386,-0.0103490763176554,-0.0153772571526185,-0.0305010893246185,49255143.0,10217.342308992707
24716,5,0.2,0.0,4,0.0,0.0,2023,0,0,335.0,0.2,0.2805970149253731,0.1102409918517592,0.481084070835468,16.850887781593414,0.7724381471592872,TransportLogistics,10079489449.099108,0.028207213612147,0.1239540514371332,-0.1235857270901015,4735295.0,2128.5874373400407
24783,9,0.3333333333333333,0.0,5,0.0,0.0,2023,0,0,806.0,0.5831265508684863,0.1029776674937965,0.1280662673776084,,17.570809926347792,0.4591326435307822,Healthcare/Pharma,,0.0695840399616207,0.1286526892949601,,23120465.0,
24805,5,0.4,0.0,2,0.5,0.0,2023,0,0,580.0,0.8189655172413793,0.3344827586206896,0.0692458021760535,0.3699278039291725,21.89932980408452,0.4034649514002165,Commerce/Retail,8089773588.25,0.1139084667508952,0.1909501663284777,0.7700258397932815,1933722081.0,4.183524441147445
24821,7,0.1428571428571428,,7,0.1428571428571428,,2023,0,0,293.0,0.6348122866894198,0.0,0.1854308384823125,0.4440620676574449,18.31911696710682,0.7361631126821621,Healthcare/Pharma,65840054888.4,0.0233965671650183,0.0886781503635353,0.1536301644604893,23835646.0,2762.2517505252426
24848,5,0.4,0.0,5,0.2,0.0,2023,0,0,1145.0,0.5694323144104804,0.3606986899563318,0.0993727182640516,0.7815624402488964,16.0580967833169,0.6800988483758591,Consumer/Textile/Food,2413558882.44,0.0002481509199316,0.0007757112429005,3.0153846153846158,3012719.0,801.1231324395006
24910,8,0.25,0.0,8,0.25,0.0,2023,0,0,672.0,0.3839285714285714,0.1413690476190476,0.2077658075926612,0.6171002670998044,15.342520319816884,0.3740436296854218,TechTelecom,3587287732.7799997,-0.0160140717941233,-0.0255833673936018,-0.1096296296296296,2882146.0,1244.6585748189023
24929,10,0.3,0.0,6,0.5,0.0,2023,0,0,837.0,0.3440860215053763,0.1493428912783751,0.1014577720257571,0.220770402891079,17.82756270047402,0.5292097981048045,TechTelecom,,0.0513466158148377,0.1090647503030834,0.4600977198697069,26015940.0,
25011,6,0.0,0.0,6,0.0,0.0,2023,0,0,1137.0,0.6763412489006156,0.2137203166226912,0.091801160527342,,16.05349931481616,0.3824137886158325,Consumer/Textile/Food,,-0.1725037330158181,-0.2793192753270728,,5789536.0,
25100,6,0.0,0.0,6,0.0,0.0,2023,0,0,111.0,0.3063063063063063,0.7117117117117117,0.0477923364818765,0.379249611527814,14.944336127212884,0.6775638473581859,Construction/RealEstate,5250832833.12,0.1602869706984715,0.4971122790828301,0.6860356138706654,996980.0,5266.738383036771
25232,8,0.0,,8,0.25,,2023,0,0,103.0,0.4563106796116505,0.2427184466019417,0.0182333543672522,0.5293158258050666,13.794281814247308,0.2007242120746275,TechTelecom,691315726.35,-0.0261002354455334,-0.0326548556078247,-0.3429752066115702,782487.0,883.4852545154105
25291,7,0.1428571428571428,0.0,3,0.0,0.0,2023,0,0,141.0,0.1489361702127659,0.1560283687943262,0.0910444604819534,0.4960671784793272,16.817217845516833,0.7234031174573896,Utilities/Energy,6318475250.04,0.0211340954792026,0.0764075693295166,-0.1873519456826039,5565090.0,1135.3770109809545
25372,9,0.2222222222222222,0.2,5,0.4,0.2,2023,1,1,6194.0,0.3929609299321924,0.6159186309331611,0.0781383765273562,0.4507397557780104,17.580818504027782,0.8927669824211965,Commerce/Retail,18290303196.0,0.0164439400606804,0.1533477321814254,-0.2768572955638696,4630000.0,3950.3894591792655
25585,7,0.2857142857142857,0.2857142857142857,5,0.0,0.0,2023,1,0,304.0,0.1118421052631579,0.2960526315789473,0.0930026619758267,0.3618572935408382,17.206341223763722,0.6396605256107109,Industrials/Materials,42950203101.54,0.1201975170260087,0.3335674428390672,1.0390625,10698697.0,4014.526544825038
25780,7,0.1428571428571428,0.0,3,0.0,0.0,2023,0,0,51.0,0.196078431372549,0.7058823529411765,0.0597235063715197,0.4654160889901935,15.7367157514959,0.3384446809457762,Utilities/Energy,6370066056.719999,0.1038100598841677,0.1569181849109417,-0.2295140120610146,4517883.0,1409.9670258658755
26620,7,0.2857142857142857,0.0,2,0.0,0.0,2023,0,0,74.0,0.0,0.0,0.0711851431081842,0.1935473947502684,17.182618680679667,0.5734043117127121,Utilities/Energy,13310000000.0,-0.0109568495907697,-0.025684388969705,-0.0731197771587742,12368953.0,1076.0813789170352
2437,10,0.2,0.0,11,0.0909090909090909,0.1818181818181818,2024,0,1,696.0,0.2313218390804597,0.2442528735632184,0.0930185587011364,0.2442080716445799,19.484947692830243,0.5791243790822639,Utilities/Energy,62728791255.37137,0.035811589231677377,0.08508829557195252,,121999776.0,514.1713641783356
2453,9,0.0,0.1111111111111111,7,0.2857142857142857,0.0,2024,1,0,208.0,0.1923076923076923,0.1682692307692307,0.0603142053039787,0.2504551406365932,17.905291991599427,0.5415280494684165,Utilities/Energy,31794396853.449997,0.11919745757166846,0.2599885498632203,,27383079.0,1161.0964878511286
2577,3,0.0,0.0,4,0.5,0.0,2024,0,0,,,,0.0911244903819072,,16.489210762026623,0.4522315832774404,Utilities/Energy,,0.07437127501095492,0.13577138210329381,,7939081.0,
3980,7,0.1428571428571428,0.0,9,0.1111111111111111,0.0,2024,0,0,4551.0,0.2606020654801143,0.1716106350252691,0.0960046482092778,0.2913238447037969,18.279284135738717,0.3299069776287238,Industrials/Materials,36791456374.86,0.05297573989172522,0.07905729223124656,,58173786.0,632.440466825728
4030,5,0.0,0.2,8,0.0,0.0,2024,1,0,1570.0,0.1490445859872611,0.3254777070063694,0.0815334622428947,0.3966349813200031,18.459003496367245,0.8512211162145593,Industrials/Materials,11749192370.42,-0.014803103947510426,-0.09949734512633193,,15459116.0,760.017090913866
4170,13,0.1538461538461538,0.1538461538461538,6,0.0,0.0,2024,1,0,5364.0,0.2259507829977628,0.3167412378821775,0.0832115496894959,0.2347865420619337,20.022741512047418,0.5693950536442856,Industrials/Materials,,0.06131264796252456,0.1423872356354108,,213720000.0,
4820,11,0.0909090909090909,0.0909090909090909,6,0.0,0.0,2024,1,0,985.0,0.3289340101522842,0.1187817258883248,0.184727877339329,0.4556386816922441,18.436307999838064,1.0421166625646074,Industrials/Materials,9231666717.72,-0.11865124292394783,2.817204301075269,,-4278000.0,
5258,10,0.3,0.0,5,0.2,0.0,2024,0,0,4011.0,0.5160807778608826,0.3886811269010222,0.087657471726716,0.2582447466366449,16.913968900065612,0.7091247981614669,Commerce/Retail,37055057253.21764,0.05465558274509068,0.18790045490172233,,6446887.0,5747.744183079003
5410,7,0.1428571428571428,0.1428571428571428,13,0.0,0.0,2024,1,0,1961.0,0.11116777154513,0.0224375318714941,0.0938843694165324,0.2534215096962365,17.540955785727288,0.4426275330352465,Other,221492470754.46002,0.15229714477817036,0.2732412413686756,,23125217.0,9577.962911849001
6505,5,0.2,,4,0.0,,2024,0,0,1484.0,0.330188679245283,0.3429919137466307,0.0846173436903094,0.7005384982856514,17.338601035918614,0.9269084363657824,Commerce/Retail,274801421.33,-0.03083596447224763,-0.421881308033912,,2477000.0,110.94122782801776
8133,8,0.375,0.0,6,0.3333333333333333,0.0,2024,0,0,2912.0,0.5999313186813187,0.3286401098901099,0.0506392077516678,0.448246105674966,16.829308166281578,0.4709959296995422,Commerce/Retail,12841742267.039999,0.05876219457401303,0.11108079856670657,,10772951.0,1192.0357074899903
8451,7,0.1428571428571428,0.0,3,0.0,0.0,2024,0,0,665.0,0.0992481203007518,0.0646616541353383,0.1311668787855097,0.3874900349136876,16.06065222003427,0.56762944338832,Industrials/Materials,7623348509.023975,0.1294650474334586,0.299430767090215,,4082336.0,1867.398594585055
8656,5,0.0,0.0,9,0.1111111111111111,0.0,2024,0,0,4551.0,0.2606020654801143,0.1716106350252691,0.0959196635350323,0.2717491015728787,18.280826880852626,0.330020706848301,Industrials/Materials,7639304350.555882,0.05302576194244758,0.07914537431896616,,58253714.0,131.1384944581539
8672,8,0.25,0.0,5,0.4,0.0,2024,0,0,138.0,0.6014492753623188,0.144927536231884,0.116315684809247,0.2534807730561443,15.95603238233724,0.4931698188378614,Commerce/Retail,20833857664.95,0.04702280395970119,0.09277822376694307,,4310020.0,4833.819254887449
9512,11,0.1818181818181818,0.1818181818181818,9,0.2222222222222222,0.1111111111111111,2024,1,1,4624.0,0.0512543252595155,0.2173442906574394,0.122753316791741,0.2934348320416232,20.840868411876293,0.6732619308195168,Utilities/Energy,507944958111.00995,0.03290282602105091,0.10070092567902175,,367514000.0,1382.110499493924
10456,8,0.125,0.0,4,0.0,0.0,2024,0,0,107.0,0.4018691588785046,0.0560747663551401,0.0457688776198157,0.3820418931484966,15.73825808411214,0.409862384818103,Consumer/Textile/Food,4344275731.92,0.01570194708120575,0.02660726358946967,,4036379.0,1076.2804315253845
11312,6,0.0,,3,0.0,,2024,0,0,1224.0,0.3586601307189542,0.3774509803921568,0.2627588583089463,1.0143706377661137,16.799202031155495,1.824194554950379,TechTelecom,442363128.92,0.4863261430760196,-0.5900623101123242,,-16286602.0,
12653,6,0.1666666666666666,0.0,5,0.0,0.2,2024,0,1,1591.0,0.0,0.2545568824638592,0.0789942678388021,0.1906457465672965,17.899650428986355,0.8545701464495395,Industrials/Materials,141949131803.02368,0.03446567308570454,0.23699173343213079,,8637200.0,16434.623697844636
13986,9,0.2222222222222222,0.0,8,0.0,0.0,2024,0,0,1568.0,0.2602040816326531,0.3150510204081632,0.2287257173110382,0.29463926600876,18.927113362585533,0.8046502598093405,Industrials/Materials,78097186254.7,-0.0424543290322501,-0.21732472738799172,,32415575.0,2409.248833460458
14176,6,0.3333333333333333,0.0,9,0.4444444444444444,0.1111111111111111,2024,0,1,,,,0.107913692804371,,17.181562994567827,0.8056457327456974,Utilities/Energy,,0.03712306091804285,0.19100718210354095,,5629270.0,
14311,9,0.1111111111111111,0.1111111111111111,9,0.1111111111111111,0.0,2024,1,0,400.0,0.2175,0.085,0.0737637162005455,0.2224700091186195,17.865278795312523,0.5532401835795929,Utilities/Energy,24578359269.84,0.04878297765675947,0.10919285008133772,,25636935.0,958.7089591575592
14320,8,0.125,0.0,6,0.0,0.0,2024,0,0,297.0,0.1683501683501683,0.2289562289562289,0.0,0.467299326817338,17.50117961426146,0.3307627272314586,Industrials/Materials,,8.432026753752465e-05,0.00012599457766107892,,26683688.0,
14443,9,0.2222222222222222,0.0,3,0.0,0.0,2024,0,0,573.0,0.2600349040139616,0.075043630017452,0.0732770272234204,0.2353052847743775,18.209532831412428,0.5439034412588187,Utilities/Energy,11730892244.517761,0.11831670627822269,0.2594115303232605,,36928054.0,317.6688445190684
14460,8,0.125,0.125,6,0.1666666666666666,0.0,2024,1,0,388.0,0.5231958762886598,0.229381443298969,0.0504608345537,0.3532526019870478,16.871442045214437,0.5315996516541953,Construction/RealEstate,5444305286.400001,0.09044091317521306,0.19308464115070104,,9949274.0,547.2062872527182
14826,9,0.2222222222222222,0.1111111111111111,4,0.0,0.0,2024,1,0,1066.0,0.4033771106941838,0.473733583489681,0.0,0.6396908416363362,16.796281466378105,0.8510379130081713,Commerce/Retail,1250230439.85,-0.12196112267167436,-0.8187393526405451,,2935000.0,425.9728926235093
15253,7,0.1428571428571428,0.0,5,0.2,0.2,2024,0,1,1215.0,0.2189300411522634,0.362962962962963,0.065244356257176,0.2437032464978793,18.16167233131006,0.713102516734126,Utilities/Energy,75925646997.34755,0.06006974222228695,0.20937702742627068,,22143222.0,3428.8436884816288
16101,5,0.0,0.0,6,0.3333333333333333,0.0,2024,0,0,112.0,0.4553571428571428,0.1964285714285714,0.0472765553426769,0.9573188548412112,15.483663882598153,0.6318632791732447,Construction/RealEstate,2720060346.973479,-0.0076801549194916155,-0.020862235373433142,,1951996.0,1393.4763938929582
16292,9,0.2222222222222222,0.0,8,0.0,0.0,2024,0,0,3028.0,0.273778071334214,0.261889035667107,0.065322101551217,0.3905006731496711,17.953474414612604,0.7367501556759182,Consumer/Textile/Food,42667521518.56,0.05890545709110907,0.22376255242374116,,16499204.0,2586.035151669135
16306,4,0.0,0.0,3,0.6666666666666666,0.0,2024,0,0,18.0,0.5,0.3333333333333333,0.1323161619874975,0.5023302882095786,13.034770740606852,2.6544610286268164,Construction/RealEstate,,0.18772362994933056,-0.11346512652832867,,-757854.0,
17329,9,0.2222222222222222,0.0,8,0.125,0.0,2024,0,0,241.0,0.1742738589211618,0.1369294605809128,0.0686773012713634,0.1822453107551435,17.72977706485991,0.7549424441715419,Utilities/Energy,20689596266.616936,0.0858639678110171,0.35038286218410836,,12280398.0,1684.7659389066166
17450,10,0.3,0.1,4,0.0,0.0,2024,1,0,532.0,0.2575187969924812,0.18796992481203,0.1317547644744212,0.2539889488477267,17.739324239375136,0.7047981299713995,TransportLogistics,33090862050.16,-0.01876231036836838,-0.06355755932897918,,14935155.0,2215.635662981737
17671,12,0.3333333333333333,0.0833333333333333,5,0.0,0.0,2024,1,0,4219.0,0.3536383029153828,0.3280398198625266,0.0626387778657902,0.2305307035376369,18.64334956660075,0.441338890498853,TechTelecom,76265205661.92,0.04447976680900382,0.07961851299927027,,69799495.0,1092.6326281002462
17892,7,0.2857142857142857,,3,0.0,,2024,0,0,300.0,0.1933333333333333,0.4133333333333333,0.0540017863718149,0.3413413852879868,15.527801404700355,0.8806564913431795,TransportLogistics,11346556944.970001,0.13388919746169095,1.1218808544224845,,661359.0,17156.42630548613
17973,6,0.3333333333333333,0.0,7,0.0,0.0,2024,0,0,1895.0,0.545646437994723,0.3007915567282322,0.1169098093759282,0.5762292931793424,17.001879719915934,0.4402929290424952,Other,1859546153.7160552,0.04097581031718484,0.073209384771728,,13545135.0,137.28516945132367
18376,9,0.0,0.25,5,0.2,0.0,2024,1,0,121.0,0.2396694214876033,0.0991735537190082,0.0536493445844013,0.2093114558560759,17.583770161847188,0.5365095817001747,Utilities/Energy,15160904825.04,0.0820404385378451,0.17700568404150765,,20071282.0,755.353087313506
18465,9,0.2222222222222222,0.1111111111111111,5,0.0,0.0,2024,1,0,1289.0,0.3405740884406517,0.2102404965089216,0.0763866131471187,0.3131290813093801,17.493280377992654,0.5999945801203567,Utilities/Energy,17714254050.16,0.06385295704740326,0.15963022967692747,,15823444.0,1119.4942169454387
18627,9,0.2222222222222222,0.0,9,0.1111111111111111,0.0,2024,0,0,253.0,0.2766798418972332,0.0988142292490118,0.0720290211278861,0.2433403839128629,16.836325611885727,0.4719764482153306,Utilities/Energy,41996401373.01,0.07535337429295884,0.142708358440209,,10828707.0,3878.247086472097
18660,6,0.1666666666666666,0.0,8,0.125,0.1428571428571428,2024,0,1,955.0,0.2198952879581152,0.1790575916230366,0.0784904407611463,0.1776061280254574,18.160992417965787,0.7174217975102917,Utilities/Energy,36399717759.6,0.0747000415951449,0.26435174736404343,,21795029.0,1670.092650925126
18724,8,0.125,0.0,2,0.0,0.0,2024,0,0,,,,0.0042747152213865,0.2407245104394769,15.968072906138676,0.0143509544220649,Industrials/Materials,6517541793.799999,0.13851795841561243,0.1405347664435595,,8483367.0,768.2729974784775
18821,11,0.1818181818181818,0.0,8,0.125,0.0,2024,0,0,2062.0,0.2230843840931134,0.3642095053346266,0.0,0.24382380883735,17.89469239487714,0.7630664408755495,TransportLogistics,20543400000.0,0.02219423664095593,0.09367282846284475,,14002086.0,1467.1671063868625
19445,7,0.1428571428571428,0.2857142857142857,5,0.0,0.0,2024,1,0,1285.0,0.0498054474708171,0.5416342412451361,0.0934910418084667,0.2802562059909886,16.557110873439754,0.481154043547137,Utilities/Energy,7916868896.58,0.0848980088628075,0.16362854486372094,,8048229.0,983.6783839749093
19453,9,0.1111111111111111,0.0,5,0.2,0.0,2024,0,0,365.0,0.2794520547945205,0.2630136986301369,0.0895602029186188,0.4813262509290719,17.19296434490944,0.8740259533680989,TransportLogistics,2952457109.76,0.031179971437818886,0.24751107288731802,,3690546.0,800.0055031857075
19550,3,0.0,0.0,4,0.5,0.0,2024,0,0,,,,0.0491224970664957,0.3954994080907547,16.826881605919954,0.5466498195393664,Healthcare/Pharma,11741820865.72,0.03744180352537411,0.08258914441664228,,9209915.0,1274.9108830776397
19569,9,0.1111111111111111,0.0,3,0.6666666666666666,0.0,2024,0,0,456.0,0.3640350877192982,0.1798245614035087,0.23629174565601,,16.992991766062055,2.2127992353622767,TransportLogistics,,-0.25294075637716107,0.20855946227703948,,-29090519.0,
19623,5,0.2,0.0,8,0.25,0.0,2024,0,0,2741.0,0.6950018241517695,0.3436701933600876,0.1304113309294161,,17.09108692964509,0.7000715574229516,Healthcare/Pharma,,-0.04520023095816837,-0.15070338301295622,,7935648.0,
19739,8,0.25,0.0,8,0.125,0.1428571428571428,2024,0,1,1897.0,0.4860305745914602,0.2314180284659989,0.0891512378972833,0.4281046525610847,18.28421484415597,0.6980556523757666,TransportLogistics,33601927206.657597,0.020784445558286006,0.0688353523482812,,26342714.0,1275.5681592510778
19763,3,0.0,0.0,3,0.3333333333333333,0.0,2024,0,0,,,,0.0871815952368634,,17.469016403320023,0.6718385847692667,Utilities/Energy,,0.06396289811374002,0.19491291524558763,,12670243.0,
19836,9,0.2222222222222222,0.0,3,0.3333333333333333,0.0,2024,0,0,46.0,0.5869565217391305,0.0434782608695652,0.1313320710404904,0.3241485924712045,18.766154502185085,0.7211049415166018,Consumer/Textile/Food,15231218805.12,-0.05777590971669865,-0.20716003370901562,,39398362.0,386.59522964736453
19879,9,0.0,0.0,5,0.2,0.25,2024,0,1,162.0,0.2530864197530864,0.2407407407407407,0.0127600694134578,0.5478268304643497,17.04803919755986,0.794092218957632,Utilities/Energy,1512574615.4399998,0.06485957178799069,0.31499330165985845,,5218457.0,289.85093015809076
19909,3,0.3333333333333333,0.0,4,0.25,0.0,2024,0,0,,,,0.0529741677391269,,16.83727298822195,0.3992757401094087,Commerce/Retail,,0.03301244899631411,0.054954412865441116,,12331330.0,
19992,7,0.4285714285714285,0.0,8,0.125,0.0,2024,0,0,1542.0,0.3728923476005188,0.1536964980544747,0.0924313039553123,0.3311300064282921,15.959301657616766,0.4154613119674213,TechTelecom,16033992291.75,0.08620101383999781,0.14746844923153057,,4987121.0,3215.0798610561083
20010,5,0.2,0.0,1,0.0,0.0,2024,0,0,723.0,0.2351313969571231,0.5076071922544951,0.1056596972152571,0.2395088145978152,18.572646962437467,0.7432604659596742,Utilities/Energy,34350517852.412903,0.03236609674848981,0.12606588568243685,,29887586.0,1149.3239317626021
20087,11,0.1818181818181818,0.0909090909090909,4,0.0,0.0,2024,1,0,991.0,0.1654894046417759,0.0403632694248234,0.0339984852065777,0.4213043287007535,18.10897531424223,0.7171402927282512,Industrials/Materials,41606730822.36,0.026274766586781993,0.09288974679429796,,20710908.0,2008.9283783386031
20257,8,0.125,0.0,5,0.2,0.0,2024,0,0,90.0,0.2555555555555555,0.2888888888888888,0.0818257211956278,0.1431473168604587,16.832568465118005,0.6603459247138662,Utilities/Energy,33960702252.059998,0.0829086823695629,0.24409741676062152,,6939504.0,4893.822707222303
20362,9,0.1111111111111111,0.0,4,0.25,0.0,2024,0,0,254.0,0.2874015748031496,0.1023622047244094,0.1139876903050339,0.4893337841556452,15.31222469009944,0.6314918758438294,TechTelecom,734524000.0,0.01903699294401349,0.05165962890941796,,1646121.0,446.215071674561
20478,3,0.3333333333333333,0.0,2,0.0,0.0,2024,0,0,47.0,0.4893617021276595,0.2553191489361702,0.1248018754199362,1.56403000414912,13.189367606184804,7.234914430000935,Other,7422757500.0,-0.8039801739455719,0.1289480686498293,,-3333497.0,
20494,3,0.0,0.0,5,0.4,0.0,2024,0,0,,,,0.114817726373891,,15.682206489386711,0.4140635365292828,Commerce/Retail,,0.05732365491068819,0.09783254411432103,,3789189.0,
20516,7,0.1428571428571428,0.0,11,0.0909090909090909,0.0,2024,0,0,557.0,0.0412926391382405,0.3195691202872531,0.0820072250674694,0.3208828179830785,16.829644919693703,0.6631378062503065,Consumer/Textile/Food,8056684035.160001,0.07246804093317073,0.21512666686193446,,6862371.0,1174.0379578953107
20524,5,0.0,0.0,10,0.1,0.0,2024,0,0,96.0,0.4166666666666667,0.15625,0.0154943789225512,0.3782556064761279,15.460105939745851,0.6004930763476667,Construction/RealEstate,1072000000.0000001,0.02539489939396561,0.06356560522606926,,2069012.0,518.121692865967
20605,7,0.0,0.0,6,0.3333333333333333,0.0,2024,0,0,355.0,0.4647887323943662,0.2619718309859155,0.0549230525585026,0.3488224596517935,16.4028043322607,0.5609579451150981,Other,2493641286.96,0.06480828919039906,0.14761294156066446,,5836514.0,427.24840323521886
20745,6,0.1666666666666666,0.0,4,0.0,0.0,2024,0,0,417.0,0.1294964028776978,0.580335731414868,0.1170594218176958,0.2165931716300992,16.681950555415316,0.7664469031045373,Consumer/Textile/Food,6896240028.637021,0.02741058527255245,0.11736339888835344,,4104542.0,1680.1484863931278
20770,7,0.1428571428571428,0.0,8,0.0,0.0,2024,0,0,46.0,0.5,0.0869565217391304,0.0283508735588048,0.418236977105285,15.682150819691085,0.2448619306725983,Other,1882191571.2428398,0.06629795807151095,0.08779580948761101,,4883126.0,385.44808617325043
20788,7,0.1428571428571428,0.0,4,0.0,0.0,2024,0,0,2668.0,0.1997751124437781,0.404047976011994,0.1546827375868921,0.4952110303991706,18.73920821053419,0.8550062406670973,Consumer/Textile/Food,,0.028222428020380375,0.19464581200065484,,19938112.0,
20915,8,0.25,0.0,7,0.1428571428571428,0.2857142857142857,2024,0,1,1496.0,0.4451871657754011,0.2840909090909091,0.0575833696716942,0.5007380363692738,17.197548463464212,0.7461689222545161,Construction/RealEstate,2988609623.0099998,-0.016380759307453474,-0.06453409666360259,,7470423.0,400.05895556516674
20931,10,0.1,0.3,7,0.0,0.0,2024,1,0,1707.0,0.210896309314587,0.0,0.1165550211428317,0.3917832444823999,17.556552958209043,0.997930396866814,Consumer/Textile/Food,2722709426.8439527,-0.037108107333376744,-17.930059506747536,,87217.0,31217.64595026145
20982,6,0.1666666666666666,0.0,6,0.0,0.0,2024,0,0,49.0,0.3877551020408163,0.0204081632653061,0.0541464123674343,0.2530148034932591,16.34218283690929,0.5487644824274299,Other,10817490817.08,0.10717769568106142,0.23752052200506255,,5645769.0,1916.0349665528292
20990,7,0.4285714285714285,0.0,2,0.5,0.0,2024,0,0,7193.0,0.5577644932573336,0.663561796190741,0.3503801520608243,2.4025833753006824,16.67570943622307,0.7154308617234469,Commerce/Retail,1241514790.2,0.47414829659318636,1.6661971830985915,,4970000.0,249.8017686519115
21016,9,0.2222222222222222,0.0,4,0.25,0.0,2024,0,0,1464.0,0.5443989071038251,0.3831967213114754,0.1344673638980955,0.5037156348236018,16.11191901475432,0.6841591785578881,Other,2471709676.05,0.03433220397922246,0.1087009710222494,,3138960.0,787.4294913124093
21091,10,0.2,0.0,15,0.2666666666666666,0.0,2024,0,0,842.0,0.3099762470308788,0.1496437054631829,0.0928868030594533,0.378040034540886,16.713856548101468,0.6034473446203754,Construction/RealEstate,4366584665.862615,0.009610556814305027,0.02423526027105966,,7195095.0,606.8835318870167
21350,7,0.2857142857142857,0.0,7,0.1428571428571428,0.1428571428571428,2024,0,1,257.0,0.4552529182879377,0.4280155642023346,0.0327384363539701,0.3246725211337258,16.124813634688742,0.7791138054827629,Construction/RealEstate,1538366666.7245002,0.07227959218094512,0.3272254852274378,,2223751.0,691.7890837258759
21431,9,0.3333333333333333,0.0,5,0.2,0.0,2024,0,0,1292.0,0.4009287925696594,0.3568111455108359,0.0892888679247706,0.3336268644965063,17.016592323412617,0.5072365283345474,Healthcare/Pharma,11341922857.72276,0.054190744825448084,0.10997313709616711,,12101819.0,937.2081054693315
21881,10,0.1,0.0,5,0.4,0.0,2024,0,0,1655.0,0.6990936555891238,0.4368580060422961,0.0802326714301082,0.2250736095766581,16.385249197713414,0.5885268491802049,Healthcare/Pharma,6604595683.82,0.04621306481728869,0.11231125220495305,,5374831.0,1228.8006234651843
22187,8,0.125,0.125,3,0.0,0.3333333333333333,2024,1,1,145.0,0.1310344827586207,0.2344827586206896,0.2803702826771387,0.3111774377513882,17.836319176700744,0.534960082007435,Utilities/Energy,35988298845.95,0.18479488230266602,0.3973742363889297,,25924192.0,1388.2129420253482
22349,7,0.2857142857142857,0.0,5,0.0,0.0,2024,0,0,832.0,0.5252403846153846,0.2079326923076923,0.0988748053313648,0.3876235015166099,16.540322493019676,0.493788820893766,Consumer/Textile/Food,6107968668.54,0.02219477505065216,0.043844893133018585,,7721515.0,791.032416376838
22357,9,0.2222222222222222,0.0,8,0.375,0.0,2024,0,0,1239.0,0.3631961259079903,0.4043583535108959,0.0796898649640002,0.2350783907835694,17.121986553115974,0.4820393282369793,Commerce/Retail,9832587421.99,0.029755001962344246,0.057446450250875164,,14134520.0,695.6435324291168
22470,8,0.375,0.0,5,0.2,0.2,2024,0,1,2460.0,0.3796747967479675,0.3544715447154472,0.0844579356367482,0.5870861141164411,17.43482174293892,0.6966309745282585,Commerce/Retail,4574732487.267145,0.012026123169744054,0.03964189538151869,,11319262.0,404.1546601949089
22691,3,0.0,0.0,4,0.0,0.25,2024,0,1,,,,0.071704736190191,,16.76812935940078,0.1103787345765469,TransportLogistics,,0.04357865142789846,0.04898562244592405,,17041633.0,
23264,11,0.2727272727272727,0.0,13,0.2307692307692307,0.0,2024,0,0,6548.0,0.2889431887599267,0.1837202199144777,0.0782422960668903,0.219277883029796,18.90623747546075,0.3872268119019827,Consumer/Textile/Food,185041638995.44,0.09136138934348374,0.14909495245224383,,99580514.0,1858.2113263187214
23272,8,0.125,0.125,4,0.0,0.0,2024,1,0,78.0,0.3205128205128205,0.2692307692307692,0.0624543600689971,0.3131284365710413,15.728631984195992,0.4677785616340584,Construction/RealEstate,1582343363.5400002,0.05083669646058627,0.09551794196165447,,3605375.0,438.88454419859244
23310,5,0.0,0.0,3,0.3333333333333333,0.0,2024,0,0,320.0,0.24375,0.165625,0.0526386091817023,0.6379928815622493,15.16115166032723,0.8615775254592454,Other,725315713.8599999,-0.02690717816368488,-0.19438446143196797,,531632.0,1364.3191415490412
24112,12,0.25,0.0,4,0.0,0.25,2024,0,1,3443.0,0.3801916932907348,0.1728144060412431,0.2316618525132324,,17.084126305362425,2.158338193159924,TransportLogistics,,-0.3482927060964509,0.3006830890608166,,-30435270.0,
24171,7,0.5714285714285714,0.1428571428571428,3,0.0,0.0,2024,1,0,5468.0,0.3717995610826627,0.440929041697147,0.0606130920153659,,18.422558978964137,0.7742843454305904,Commerce/Retail,,0.019363596438695254,0.08578756522508181,,22614000.0,
24260,8,0.125,0.0,7,0.1428571428571428,0.0,2024,0,0,736.0,0.3559782608695652,0.5788043478260869,0.0853701091833194,0.330357019487593,16.725156590095093,0.701815370668014,Other,10066042263.9011,0.024009196142929963,0.0805178865078225,,5471778.0,1839.629141368875
24295,7,0.0,0.0,9,0.2222222222222222,0.0,2024,0,0,287.0,0.2578397212543554,0.2125435540069686,0.070172986196051,0.2770137301071422,17.7073308560749,0.5839795918367346,Commerce/Retail,18637776797.46,0.12993877551020408,0.3123375030659799,,20385000.0,914.2887808417954
24392,9,0.1111111111111111,0.2222222222222222,4,0.0,0.0,2024,1,0,3910.0,0.6854219948849105,0.5186700767263427,0.0948712999778469,0.4446452984712002,18.112791147844938,0.3377257490464648,Healthcare/Pharma,252193785172.11926,-0.008835090171726814,-0.013340530994533077,,48676923.0,5180.97220672965
24716,5,0.2,0.0,4,0.0,0.0,2024,0,0,403.0,0.1935483870967742,0.2878411910669975,0.1081794465987397,0.5251215527293557,16.82499912830764,0.8795497485898697,TransportLogistics,5113512538.391576,0.018788454540204537,0.15598518326234362,,2442373.0,2093.665684312583
24783,8,0.25,0.0,5,0.0,0.0,2024,0,0,619.0,0.5815831987075929,0.1082390953150242,0.0322809754021044,,17.430028011508156,0.5779654625430034,Healthcare/Pharma,,-0.24047554140107147,-0.569800620702932,,15671587.0,
24805,5,0.4,0.0,4,0.0,0.0,2024,0,0,658.0,0.831306990881459,0.3480243161094224,0.0643195432118692,0.342633271560188,22.175752891712087,0.4157462437071749,Commerce/Retail,4546807053.25,0.15288609683000798,0.2616775590799663,,2496942987.0,1.8209494878026224
24821,7,0.1428571428571428,,6,0.0,,2024,0,0,306.0,0.6535947712418301,0.0,0.1371206530029363,0.3051842281451493,18.446327847213013,0.7397425026766147,Healthcare/Pharma,58193817637.8,0.03834504107989286,0.14733501041949573,,26701868.0,2179.3912559900305
24848,5,0.4,0.0,5,0.2,0.0,2024,0,0,1145.0,0.5694323144104804,0.3606986899563318,0.0842535762461323,0.6465990727661867,16.123471077431265,0.6709248819786234,Consumer/Textile/Food,2481372797.4,0.045005226330600695,0.13676277501988823,,3308488.0,750.0020545336722
24910,8,0.25,0.0,7,0.1428571428571428,0.0,2024,0,0,597.0,0.3768844221105528,0.1507537688442211,0.110584536903285,0.4364913800242435,15.204456899473549,0.3153573186403505,TechTelecom,1868783106.9599998,0.010520562645893829,0.015366501289403655,,2745843.0,680.5862924282269
24929,10,0.3,0.0,6,0.5,0.0,2024,0,0,875.0,0.3622857142857142,0.2,,0.2560280572391525,,,TechTelecom,,,,,0.0,
25011,6,0.0,0.0,6,0.0,0.0,2024,0,0,1211.0,0.6796036333608588,0.2386457473162675,,,,,Consumer/Textile/Food,,,,,,
25100,6,0.1666666666666666,0.0,6,0.0,0.0,2024,0,0,232.0,0.3405172413793103,0.4568965517241379,0.0452726226138342,0.3119711034939723,15.28322245048508,0.6982138803653589,Construction/RealEstate,5096139036.4800005,0.16104275003197524,0.5336320644135073,,1309539.0,3891.551940400401
25232,8,0.0,,8,0.25,,2024,0,0,71.0,0.4225352112676056,0.1830985915492957,0.014061635256765,0.7478932307702585,13.095596314629248,0.2820987933294165,TechTelecom,239769986.5,-0.023282949255742674,-0.03243196840930552,,349470.0,686.096049732452
25291,7,0.1428571428571428,0.0,3,0.0,0.0,2024,0,0,194.0,0.1597938144329896,0.2577319587628865,0.145464759713561,0.4777721541195568,17.610184740951834,0.7633201943147077,Utilities/Energy,10917532698.24,-0.020459161932528988,-0.08644236407618597,,10523671.0,1037.4262648689796
25372,9,0.2222222222222222,0.1111111111111111,4,0.0,0.25,2024,1,1,7564.0,0.415520888418826,0.6159439450026442,0.0801477514998264,0.429453031499512,17.635264753929007,0.8847410786743579,Commerce/Retail,7613140391.55,0.016866624262496435,0.14633682207421503,,5255000.0,1448.7422248430066
25585,7,0.2857142857142857,0.0,5,0.0,0.0,2024,0,0,330.0,0.1121212121212121,0.3151515151515151,0.0023749890177956,0.3952714791536079,17.40982982346017,0.7178110835837919,Industrials/Materials,28249495000.250004,0.12441889692315822,0.4409063917296078,,10269114.0,2750.918433688632
25780,7,0.1428571428571428,0.0,5,0.0,0.2,2024,0,1,201.0,0.1293532338308457,0.5323383084577115,0.273140754721459,0.3905926063189376,15.822054875008943,0.4305564276293967,Utilities/Energy,4757183162.46,0.0588226989698653,0.10329855638722095,,4235277.0,1123.2283419620487
25917,8,0.25,0.0,6,0.0,0.0,2024,0,0,2248.0,0.2949288256227758,0.1846085409252669,0.0797094066094898,0.3470107256753038,18.668971906768267,0.827391225893605,Commerce/Retail,22361420485.440002,0.00479105275093926,0.02775671616777769,,22125564.0,1010.6599083955556
26620,8,0.375,0.0,4,0.0,0.0,2024,0,0,86.0,0.2093023255813953,0.127906976744186,0.0385719772558493,0.1817620417510203,17.781152374668274,0.7254554748779133,Utilities/Energy,9211814831.98,0.00515351247372788,0.01877113547041659,,14483354.0,636.0277344584687
27707,2,0.0,0.0,2,0.0,0.0,2024,0,0,168.0,0.1428571428571428,0.2559523809523809,0.074540426987447,,16.00266257697785,0.7415675454965217,TransportLogistics,32203148484.0,-0.01183887139130589,-0.04581031207574801,,2302582.0,13985.668473044609
2437,10,0.2,0.0,11,0.0909090909090909,0.1818181818181818,2025,0,1,654.0,0.2629969418960244,0.246177370030581,0.1207818439177462,0.2388370224464766,19.44917664808618,0.5763040357963666,Utilities/Energy,147549847367.37,0.02345368930032803,0.05535499811618668,,118501657.0,1245.1289804949308
2453,9,0.2222222222222222,0.1111111111111111,8,0.125,0.0,2025,1,0,168.0,0.2023809523809523,0.1726190476190476,0.0536120273296001,0.2316945930750807,18.020622134356618,0.5735861044258528,Utilities/Energy,32051957223.999996,0.07309798061337759,0.17142494973095201,,28581703.0,1121.4152363139451
2577,3,0.0,0.0,3,0.3333333333333333,0.0,2025,0,0,,,,0.0796843890755052,,16.416541238390902,0.6453792813005143,Utilities/Energy,,0.02491604231072811,0.07026110150050927,,4779444.0,
3980,6,0.1666666666666666,0.0,9,0.1111111111111111,0.0,2025,0,0,4286.0,0.257816145590294,0.1815212319178721,0.0759778363944291,0.2677454607871456,18.21841981251274,0.3414164412413424,Industrials/Materials,40477333878.11,0.017364055446213604,0.026365759082936327,,53798489.0,752.3879319010242
4030,5,0.0,0.2,9,0.0,0.0,2025,1,0,1658.0,0.1525934861278648,0.3480096501809409,0.0944494537354327,0.4701770776747204,18.4264179446972,0.8435367410881685,Industrials/Materials,11855279886.179998,-0.01498106360415143,-0.09574812456509928,,15736350.0,753.3691031389108
4170,13,0.2307692307692307,0.1538461538461538,6,0.0,0.0,2025,1,0,5310.0,0.255367231638418,0.3570621468926553,0.0281333574771562,0.238754399300149,19.98112587169088,0.6031750032556596,Industrials/Materials,319441936617.44,0.0248081261263532,0.06251654086785302,,188926000.0,1690.830995296783
4820,11,0.0909090909090909,0.0,5,0.0,0.0,2025,0,0,947.0,0.3262935586061246,0.1246040126715945,0.0396722944470985,0.5726329431250001,18.22075310568816,1.20154129874571,Industrials/Materials,6289969810.259999,-0.1338682690311313,0.6642225184826082,,-16502000.0,
5258,11,0.1818181818181818,0.0,8,0.125,0.0,2025,0,0,4333.0,0.6009693053311793,0.4627279021463189,0.1027041005394766,0.4682247804020535,17.04118223860606,0.7085486865067108,Commerce/Retail,41093014216.799995,0.05165746772756573,0.17724218535304406,,7335968.0,5601.580352695104
5410,7,0.1428571428571428,0.1428571428571428,12,0.0,0.0,2025,1,0,2038.0,0.1148184494602551,0.0264965652600588,0.0902128561802243,0.3144991280567741,17.568421295217338,0.564934905661926,Other,203611896082.97998,0.1588920912941086,0.3652145238998168,,18553364.0,10974.392357255534
6505,7,0.1428571428571428,,5,0.2,,2025,0,0,2348.0,0.3449744463373083,0.3479557069846678,0.1369232763089684,0.9486540756188,17.331166938269515,0.91753374160176,Commerce/Retail,3073974072.75,-0.08882811106486711,-1.0771449170872387,,2774000.0,1108.1377335075704
8133,8,0.375,0.0,5,0.4,0.0,2025,0,0,2957.0,0.5999323638823132,0.3780858978694623,0.0498656124171814,0.4313242191871654,16.79236715147371,0.4672237534372087,Commerce/Retail,13542066527.75,0.07426699249929698,0.13939621553781884,,10456281.0,1295.1131026174603
8451,7,0.1428571428571428,0.0,2,0.0,0.0,2025,0,0,733.0,0.1105047748976807,0.0723055934515689,0.1097769274239731,0.4175620643644593,16.0899683616131,0.5993344815804258,Industrials/Materials,6783540604.259999,0.12707528382705696,0.3171605191490039,,3895529.0,1741.3657052123085
8656,5,0.0,0.0,9,0.1111111111111111,0.0,2025,0,0,4286.0,0.257816145590294,0.1815212319178721,0.0759776066152471,0.2713968256054449,18.21927929822393,0.3412452161652106,Industrials/Materials,11924171532.0,0.017291480026857174,0.026248735418965465,,53858747.0,221.3971211027245
8672,8,0.25,0.0,5,0.4,0.0,2025,0,0,120.0,0.5583333333333333,0.1,0.1469154140447619,0.2786541060680304,16.06649715210589,0.5101806330163279,Commerce/Retail,30846655500.45,0.061342508624473935,0.1252349595774941,,4651864.0,6631.03123832726
9512,11,0.1818181818181818,0.1818181818181818,9,0.4444444444444444,0.0,2025,1,0,5180.0,0.0718146718146718,0.2362934362934363,0.0041139138398762,0.2662981235256025,20.924890713396696,0.658663761076812,Utilities/Energy,419786026025.77,0.09040869257447959,0.2648669618546554,,417587000.0,1005.2660308529001
10456,8,0.125,0.0,3,0.0,0.0,2025,0,0,102.0,0.392156862745098,0.0980392156862745,0.0604176200568409,0.3964240869285214,15.623267712450586,0.454831731881108,Consumer/Textile/Food,8155762930.679999,0.09315213101782947,0.17086858583910566,,3323759.0,2453.7768624861187
12653,14,0.2857142857142857,0.0,7,0.0,0.0,2025,0,0,1607.0,0.1661481020535158,0.268823895457374,0.0532140303130986,0.2131673073657252,17.971213229797602,0.77426601033466,Industrials/Materials,117090143226.00002,0.026305576534062215,0.11653352059679326,,14401101.0,8130.63829119732
13986,9,0.2222222222222222,0.0,6,0.1666666666666666,0.0,2025,0,0,1946.0,0.2744090441932169,0.3242548818088386,0.0555216101362516,0.226625210732099,18.93909064821533,0.7382794702292849,Industrials/Materials,65038851291.75,0.0800169438842774,0.3057343035121381,,43952173.0,1479.7641812101076
14176,9,0.4444444444444444,0.0,13,0.3846153846153846,0.1111111111111111,2025,0,1,,,,0.1074062617394754,,17.256495799613845,0.7659024848082978,Utilities/Energy,,0.03023928732738158,0.12917389277976177,,7307986.0,
14311,9,0.1111111111111111,0.2222222222222222,9,0.1111111111111111,0.0,2025,1,0,369.0,0.2249322493224932,0.084010840108401,0.0841854605688293,0.2239160518903007,17.916738972016677,0.6177739645623889,Utilities/Energy,39015162530.28,0.04449165279250383,0.1164014187091292,,23091978.0,1689.554811211062
14320,9,0.2222222222222222,0.0,4,0.0,0.0,2025,0,0,759.0,0.1383399209486166,0.3794466403162055,0.0,0.4232679870363214,17.390234432988755,0.3358123463665139,Industrials/Materials,,-0.08154835595671274,-0.12277909038296123,,23701381.0,
14443,8,0.25,0.125,3,0.0,0.0,2025,1,0,454.0,0.2929515418502202,0.0837004405286343,0.0,0.2613991710520668,18.461849241633463,0.5930902295521576,Utilities/Energy,93876377827.54694,0.0812076228263689,0.1995715726781205,,42401124.0,2214.006822732976
14460,10,0.1,0.1,6,0.1666666666666666,0.0,2025,1,0,490.0,0.5081632653061224,0.2693877551020408,0.0497368953549445,0.3394636195295601,17.077821931841864,0.5608248039425171,Construction/RealEstate,11317557054.448,0.09175970095845559,0.20893643762714986,,11466784.0,986.9861553551546
14826,9,0.1111111111111111,0.0,4,0.0,0.25,2025,0,1,6045.0,0.4845326716294458,0.574524400330852,0.0,0.6373122799757046,16.729273268651013,0.8847281015955715,Commerce/Retail,1869472430.1999998,-0.044230977965917725,-0.3837099811676083,,2124000.0,880.1659275894538
15253,7,0.1428571428571428,0.0,5,0.2,0.2,2025,0,1,1234.0,0.2390599675850891,0.3703403565640194,0.0922199255277613,0.2752450616678204,18.240017575272365,0.7462067089678966,Utilities/Energy,118766193850.79999,0.0376184262903067,0.14822466794659353,,21184544.0,5606.266240651675
16101,3,0.3333333333333333,0.0,5,0.2,0.0,2025,0,0,98.0,0.4285714285714285,0.2040816326530612,0.0688495069351252,0.9172605742040378,15.368989783656804,0.6749009230542752,Construction/RealEstate,130391463.5064826,-0.11517820525050175,-0.3542864727042295,,1537033.0,84.83322316858688
16292,9,0.2222222222222222,0.0,8,0.0,0.0,2025,0,0,3219.0,0.2764833799316558,0.27896862379621,0.1701731800431146,0.4197766793938994,18.03882535988333,0.7798083006208554,Consumer/Textile/Food,,0.04817197567115176,0.218772895649464,,15030148.0,
16306,5,0.0,0.0,2,0.5,0.0,2025,0,0,18.0,0.5,0.3333333333333333,0.0826594562373451,0.4857563775237175,12.98568188556584,3.0926685988388622,Construction/RealEstate,,-0.35669442635580706,0.17044955257307462,,-912663.0,
17329,9,0.2222222222222222,0.0,9,0.1111111111111111,0.0,2025,0,0,253.0,0.2292490118577075,0.1422924901185771,0.0814316422154896,0.2230006276370098,17.828516875055367,0.7484404047525326,Utilities/Energy,35833914485.32,0.051668210037551995,0.2053915295368649,,13914493.0,2575.2942982054756
17450,5,0.2,0.0,3,0.0,0.0,2025,0,0,595.0,0.2168067226890756,0.2168067226890756,0.0653094903003307,0.3381224288922647,17.80046970064431,0.738794526725983,TransportLogistics,27434202009.48,0.016085445589480055,0.061581579389822554,,14048438.0,1952.8293472541218
17671,12,0.4166666666666667,0.0833333333333333,5,0.0,0.0,2025,1,0,4375.0,0.3590857142857143,0.3389714285714286,0.0749842108333609,0.252808556426673,18.66810088376995,0.4612180388817802,TechTelecom,106798693188.20001,0.04823503251787663,0.08952607176707772,,69002726.0,1547.7460004725033
17892,4,0.25,,4,0.0,,2025,0,0,222.0,0.2657657657657657,0.3558558558558558,0.0962823443327137,0.0469664442972123,15.591495765126751,0.8182144654921855,TransportLogistics,,0.14758714596119907,0.8118750832446167,,1073643.0,
17973,6,0.3333333333333333,0.3333333333333333,7,0.0,0.0,2025,1,0,1668.0,0.5995203836930456,0.3093525179856115,0.098432196435081,0.4917658041400885,16.99867576129347,0.4422436160165405,Other,6523083185.96,0.02429363328844807,0.04355599323658931,,13454750.0,484.81637978855053
18376,9,0.2222222222222222,0.25,5,0.2,0.0,2025,1,0,136.0,0.2426470588235294,0.1102941176470588,0.0697651690255388,0.1892309165737735,17.669933517929934,0.5458392395882052,Utilities/Energy,18145646192.16,0.05319792399254835,0.11713456694125875,,21437011.0,846.4634454943368
18465,9,0.2222222222222222,0.1111111111111111,5,0.4,0.0,2025,1,0,1158.0,0.3393782383419689,0.2288428324697754,0.0869176808158116,0.3716912050280991,17.714427938630923,0.6407096566142767,Utilities/Energy,23314100103.8,0.05150881089896179,0.14336263650610692,,17730617.0,1314.9063060693263
18627,9,0.2222222222222222,0.0,9,0.1111111111111111,0.0,2025,0,0,320.0,0.246875,0.084375,0.2181519906690278,0.2576783933241743,17.091368576702152,0.5334460644563175,Utilities/Energy,60720237753.42,0.07857530309540675,0.16841633326668168,,12347781.0,4917.501999219131
18660,6,0.3333333333333333,0.0,7,0.1428571428571428,0.1666666666666666,2025,0,1,953.0,0.2413431269674711,0.1846799580272822,0.0858222565991834,0.2099353017796113,18.211192655953333,0.7101784304869314,Utilities/Energy,61403639107.6,0.07080835951399711,0.2443170797569096,,23504509.0,2612.419562033821
18724,7,0.1428571428571428,0.0,2,0.0,0.0,2025,0,0,1.0,0.0,0.0,0.0015065849131155,0.2353008970925228,15.894897098131556,0.0439760436824025,Industrials/Materials,7822622538.999999,0.0683778857837181,0.07152319283618717,,7647771.0,1022.8630719983638
18821,11,0.1818181818181818,0.0,7,0.1428571428571428,0.0,2025,0,0,2009.0,0.2996515679442508,0.3902439024390244,0.0,0.2618443630309854,18.078385768039528,0.7707146927776222,TransportLogistics,30421200000.0,0.049335390396270475,0.21517030896542083,,16282437.0,1868.3444007798096
19445,7,0.1428571428571428,0.1428571428571428,5,0.0,0.25,2025,1,1,1634.0,0.0581395348837209,0.5587515299877601,0.0923250540673684,0.2995396898208105,16.69117733678282,0.5163678444574854,Utilities/Energy,16700714790.480001,0.0798175725917331,0.1650377702909305,,8578303.0,1946.8553151456647
19453,9,0.1111111111111111,0.0,5,0.2,0.0,2025,0,0,412.0,0.3228155339805825,0.2742718446601941,0.0936228174212849,0.4460284803712363,17.4291404115917,0.882093271143299,TransportLogistics,7381142774.4,0.0233640655519317,0.19815718558630724,,4374396.0,1687.3512993336678
19550,9,0.1111111111111111,0.0,4,0.5,0.0,2025,0,0,603.0,0.3980099502487562,0.1376451077943615,0.0542006304498433,0.6014132449479042,17.181816967601343,0.552084283626556,Healthcare/Pharma,10240454544.65,-0.06162086982502455,-0.13757246636474113,,12976710.0,789.141049206617
19569,8,0.125,0.0,4,0.5,0.0,2025,0,0,503.0,0.3757455268389662,0.1749502982107356,0.0374568255318615,,17.099521063731498,1.637209745433433,TransportLogistics,,-0.048905710690750955,0.07674978457444197,,-17002393.0,
19623,7,0.2857142857142857,0.0,10,0.1,0.1,2025,0,1,3342.0,0.7148414123279473,0.3916816277678037,0.1673227796521278,,16.73663969833101,0.6286543619343252,Healthcare/Pharma,,-0.061146947013654335,-0.1646631621477135,,6893005.0,
19739,7,0.2857142857142857,0.0,7,0.1428571428571428,0.0,2025,0,0,2005.0,0.4733167082294264,0.3316708229426434,0.1053051228265734,0.4000488863578981,18.26480529757005,0.70153051350331,TransportLogistics,48983979661.65,0.021859820591629144,0.07323971655598893,,25539012.0,1918.0060552714413
19763,3,0.0,0.0,3,0.3333333333333333,0.0,2025,0,0,,,,0.0837613746612905,,17.544799705614096,0.7098829851245961,Utilities/Energy,,0.04788286608352549,0.1650467350358257,,12083226.0,
19836,9,0.2222222222222222,0.0,3,0.3333333333333333,0.0,2025,0,0,33.0,0.5454545454545454,0.0,0.1322867126511434,0.4612613206706853,18.7216554614378,0.7704988038634635,Consumer/Textile/Food,21102157358.24,-0.07544840336691205,-0.3287494995103457,,31009632.0,680.5033145262737
19879,9,0.1111111111111111,0.0,5,0.2,0.25,2025,0,1,212.0,0.3113207547169811,0.2783018867924528,0.061083071395612,0.629297328411851,17.063300899896987,0.7882638196290699,Utilities/Energy,1762186682.5200002,0.008280867502428263,0.03910936471944199,,5448695.0,323.4144474080491
19909,3,0.6666666666666666,0.0,3,0.3333333333333333,0.0,2025,0,0,,,,0.0772495961785036,,16.841209123540104,0.3974050673327511,Commerce/Retail,,0.04247613448421701,0.07048870174896113,,12418515.0,
19992,7,0.4285714285714285,0.0,7,0.1428571428571428,0.0,2025,0,0,1671.0,0.3800119688809096,0.1615798922800718,0.087518590750051,0.2674268023311795,16.061755008534515,0.424105107704886,TechTelecom,25222818528.48,0.09741063719647053,0.16914655521298322,,5443457.0,4633.602971141317
20010,7,0.1428571428571428,0.0,9,0.1111111111111111,0.1111111111111111,2025,0,1,1140.0,0.2210526315789473,0.5210526315789473,0.1286822479704555,0.2255920516370447,18.51238391723219,0.7415426309841551,Utilities/Energy,48480558934.5,0.02284526367043872,0.08839083891254103,,28327947.0,1711.403898577613
20087,11,0.1818181818181818,0.0909090909090909,4,0.0,0.25,2025,1,1,1075.0,0.1720930232558139,0.0446511627906976,0.0735531027330411,0.4210525339400838,18.07948660869392,0.7049608389614327,Industrials/Materials,65605202898.399994,0.028020516150826798,0.09497219302072234,,20974950.0,3127.7882854738627
20257,9,0.2222222222222222,0.0,4,0.25,0.0,2025,0,0,88.0,0.2727272727272727,0.2954545454545454,0.0786480357407043,0.1757031023928787,16.929314980932794,0.6619207797069878,Utilities/Energy,43520546921.31,0.07019583581742986,0.20763132308632087,,7608982.0,5719.628055541463
20362,9,0.1111111111111111,0.0,5,0.2,0.0,2025,0,0,570.0,0.331578947368421,0.1684210526315789,0.1182371092357394,0.3940386219217098,15.313693058374234,0.6477089453098892,TechTelecom,567200000.0,0.0027347402544421646,0.007762729760049544,,1575992.0,359.90030406245717
20478,3,0.0,0.0,2,0.0,0.0,2025,0,0,31.0,0.5161290322580645,0.2903225806451613,0.0636898125904224,2.230524878808097,12.965480301313418,8.741033032133682,Other,4701104.9799999995,-0.7808550264154122,0.10087219924963722,,-3308533.0,
20494,3,0.0,0.0,5,0.4,0.0,2025,0,0,,,,0.1102880702534578,,15.847391697756985,0.4893239402167394,Commerce/Retail,,0.07467913092915797,0.1462358172044584,,3895653.0,
20516,7,0.1428571428571428,0.0,11,0.0909090909090909,0.0,2025,0,0,598.0,0.0568561872909698,0.3193979933110368,0.0964851342941061,0.4021210840861369,16.896015091054387,0.6922576078522759,Consumer/Textile/Food,5026423111.92,0.02557403671018145,0.08310209240820245,,6699362.0,750.2838497038972
20524,5,0.2,0.0,8,0.125,0.0,2025,0,0,87.0,0.4137931034482758,0.2183908045977011,0.0137533642781271,0.3785648358512398,15.467209748652696,0.5792129160527509,Construction/RealEstate,1556000000.0,0.05733540267282228,0.1362575156418299,,2194756.0,708.9626363932938
20605,7,0.0,0.0,5,0.4,0.0,2025,0,0,488.0,0.4098360655737705,0.3114754098360656,0.0543524943658925,0.3362798265095091,16.73776258538026,0.6159554734976799,Other,5402889455.08,0.10055055429425354,0.26182004261332986,,7136734.0,757.0535002537575
20745,6,0.1666666666666666,0.0,4,0.0,0.0,2025,0,0,448.0,0.1495535714285714,0.3861607142857143,0.1088258527653677,0.2279362735837961,16.876160905616498,0.7350020842087822,Consumer/Textile/Food,7115441936.329153,0.026484305270611644,0.09994156064033978,,5655435.0,1258.159971130276
20770,8,0.125,0.0,6,0.0,0.0,2025,0,0,39.0,0.5641025641025641,0.1282051282051282,0.0414283925768271,0.404720384575383,15.789124391535552,0.2885708977679435,Other,3858130000.0,0.0760904016695576,0.10695430005720818,,5119897.0,753.5561750558654
20788,7,0.1428571428571428,0.0,3,0.0,0.0,2025,0,0,2161.0,0.2026839426191578,0.3762147154095326,0.147259666891567,0.6218440171207721,18.77125609815857,0.8991672384562334,Consumer/Textile/Food,,0.005371388548045378,0.05327027114807239,,14317085.0,
20915,8,0.25,0.0,9,0.1111111111111111,0.1111111111111111,2025,0,1,1518.0,0.4657444005270092,0.3339920948616601,0.0720343933540984,0.4895109219930637,17.166441731640102,0.784249883286603,Construction/RealEstate,4384490656.09,-0.03654854746282303,-0.16940221409647815,,6155197.0,712.3233677313659
20931,10,0.1,0.3,6,0.0,0.0,2025,1,0,2382.0,0.2132661628883291,0.0,0.1085945066608062,0.4808094628101039,17.641464847412802,0.9587323016096304,Consumer/Textile/Food,5763112778.88,0.018490052839403234,0.4480514678695556,,1893220.0,3044.0798105238696
20982,6,0.1666666666666666,0.0,6,0.0,0.0,2025,0,0,50.0,0.38,0.04,0.1029689512967008,0.2448293405383764,16.39230722728884,0.5211393355084872,Other,13983710852.25,0.08675324864873864,0.1811659530248934,,6299379.0,2219.855457537957
20990,7,0.4285714285714285,0.0,2,0.0,0.5,2025,0,1,7634.0,0.563793555148022,0.6744825779407913,0.0980852915578764,0.7222453519024413,16.603541926384914,0.7071204381808112,Commerce/Retail,1027258276.14,-0.016677949412271523,-0.05694473628913637,,4759000.0,215.8559100945577
21016,9,0.2222222222222222,0.0,3,0.0,0.0,2025,0,0,2198.0,0.5555050045495905,0.3794358507734304,0.1639278298221036,0.5073601950541085,16.109979604775948,0.7007771216295561,Other,3335661316.67,0.0181645275087588,0.06070567734553622,,2968042.0,1123.8592030267766
21091,10,0.2,0.0,8,0.375,0.0,2025,0,0,814.0,0.3341523341523341,0.128992628992629,0.1046384115520526,0.3243206950383202,16.759990852066714,0.6206450944000471,Construction/RealEstate,4595170980.0,0.003319073396178105,0.00874925655944521,,7208041.0,637.5062211771548
21237,3,0.0,0.0,1,0.0,0.0,2025,0,0,368.0,0.1847826086956521,0.3641304347826087,0.0836171062949832,0.2644230700546718,17.855759288321636,0.6233961715910241,Utilities/Energy,39088128418.44,0.02976100887538263,0.07902471146167804,,21406342.0,1826.006910402534
21350,7,0.2857142857142857,0.0,7,0.1428571428571428,0.1428571428571428,2025,0,1,362.0,0.4116022099447514,0.4116022099447514,0.0318419660967436,0.3588081158920603,16.39721378232436,0.8244920529197667,Construction/RealEstate,7349460000.0,0.0741088539887826,0.42225355160073635,,2320151.0,3167.66451838695
21431,10,0.3,0.1,5,0.2,0.0,2025,1,0,1249.0,0.3955164131305044,0.3570856685348278,0.0871910923463802,0.3198874671555055,17.040686654376092,0.5021713964271569,Healthcare/Pharma,16417586747.668762,0.04730629663625143,0.09502526832878035,,12524374.0,1310.8508854549348
21881,10,0.1,0.0,5,0.4,0.0,2025,0,0,1816.0,0.7048458149779736,0.4476872246696035,0.0988868706421163,0.282797450597031,16.397277775992187,0.6145172025132822,Healthcare/Pharma,8207865390.0,0.045132321584971075,0.11707998872900718,,5096268.0,1610.5639244246966
22187,8,0.125,0.125,4,0.0,0.25,2025,1,1,156.0,0.1282051282051282,0.3076923076923077,0.2498788793377785,0.3330523602365441,17.97719603906176,0.5983166147563544,Utilities/Energy,36138753793.46,0.03508091082829195,0.08733473207265774,,25779881.0,1401.8200391793896
22349,9,0.1111111111111111,0.0,5,0.0,0.0,2025,0,0,2391.0,0.6035131744040151,0.2705980761187787,0.1206957774533658,0.530679956495144,16.5530290070463,0.4836228859817144,Consumer/Textile/Food,5195283695.08,0.05898585897842788,0.11423019606623992,,7977304.0,651.25808106097
22357,9,0.2222222222222222,0.0,8,0.375,0.0,2025,0,0,1239.0,0.3631961259079903,0.4043583535108959,0.0834877219638547,0.241193963005971,17.073854719170757,0.4655552034632654,Commerce/Retail,14303897166.390001,0.03634842125059875,0.06801155420754548,,13899006.0,1029.1309440682305
22470,8,0.375,0.0,5,0.2,0.2,2025,0,1,2611.0,0.3531214094216775,0.3446955189582535,0.1058844083203445,0.6582015126173193,17.45075603305607,0.7025142307707931,Commerce/Retail,6936948389.4,0.0053969071585732095,0.01814173219968381,,11278030.0,615.0851158757335
22691,3,0.0,0.0,4,0.0,0.0,2025,0,0,,,,,,,,TransportLogistics,,,,,,
23264,10,0.3,0.0,13,0.1538461538461538,0.0,2025,0,0,6277.0,0.3436354946630556,0.2518719133343954,0.1104258975425825,0.2231445476844731,18.792845161211133,0.3881278914905428,Consumer/Textile/Food,218456313158.16,0.11019882112096888,0.1801010694692674,,88774781.0,2460.792476166852
23272,7,0.1428571428571428,0.1428571428571428,4,0.0,0.0,2025,1,0,75.0,0.4,0.32,0.0924984846100827,0.3427435658847569,15.716077345794076,0.4569675552735293,Construction/RealEstate,2126191526.8,0.05433529381428274,0.10005901920216169,,3632716.0,585.2897740423418
23310,5,0.0,0.0,3,0.3333333333333333,0.0,2025,0,0,309.0,0.4854368932038835,0.1553398058252427,0.0846543075138324,0.5712566040691982,15.13429799659938,0.8719428385735319,Other,1135276769.52,-0.010948451209384615,-0.08549659454751656,,478791.0,2371.1322257937177
24112,13,0.2307692307692307,0.0,4,0.0,0.25,2025,0,1,939.0,0.3748668796592119,0.2332268370607028,0.1155593965643844,,16.97836250633804,2.228452815252649,TransportLogistics,,0.005282107380541278,-0.004299804856122974,,-29038062.0,
24171,6,0.3333333333333333,,3,0.0,0.0,2025,0,0,14292.0,0.4235936188077246,0.5424013434089001,,,,,Commerce/Retail,,,,,,
24260,8,0.125,0.0,7,0.1428571428571428,0.0,2025,0,0,1023.0,0.0439882697947214,0.5151515151515151,0.0880998282077538,0.3414066768276872,16.883454091764946,0.7365569479972879,Other,14355825365.2,0.029795538563102346,0.11310049111788913,,5663406.0,2534.8395232833386
24295,7,0.0,0.0,9,0.3333333333333333,0.1111111111111111,2025,0,1,368.0,0.3152173913043478,0.217391304347826,0.0843816816667495,0.3122063391487029,17.92577768073019,0.6597772419336319,Commerce/Retail,30359614240.23,0.03246231320637108,0.09541487874258715,,20741000.0,1463.7488182937177
24392,9,0.1111111111111111,0.2222222222222222,5,0.0,0.2,2025,1,1,3920.0,0.6806122448979591,0.5193877551020408,0.1422742285484997,0.7086958615760305,18.096193930335254,0.3325440936195943,Healthcare/Pharma,7403752921.320001,-0.0019666530105260736,-0.002946491283882971,,48250270.0,153.44479774558775
24716,5,0.4,0.0,4,0.0,0.0,2025,0,0,310.0,0.2580645161290322,0.3,0.1325372646533556,0.6281296318350241,16.949463891691792,0.8884336130233912,TransportLogistics,3930059651.725724,0.014313429629716398,0.12829517937797316,,2562076.0,1533.9356255340294
24783,8,0.25,0.0,5,0.2,0.0,2025,0,0,603.0,0.3980099502487562,0.1376451077943615,,,,,Healthcare/Pharma,,,,,,
24805,5,0.4,0.0,3,0.0,0.3333333333333333,2025,0,1,624.0,0.8958333333333334,0.3653846153846153,0.1174534893475936,0.3720055705874167,22.275645106845595,0.3754481608959366,Commerce/Retail,7851213841.56,0.1311756343475754,0.2100316196902893,,2949566841.0,2.6618192652647874
24821,7,0.1428571428571428,0.2,6,0.0,0.25,2025,1,1,331.0,0.6827794561933535,0.3716012084592145,0.1795207897753193,0.2990350966919659,18.48411113884477,0.7970775702475188,Healthcare/Pharma,92968172079.9,0.04545931238170414,0.22402310300125058,,21621087.0,4299.884278709022
24848,5,0.4,0.0,5,0.2,0.0,2025,0,0,1654.0,0.6233373639661427,0.3688029020556227,0.1022605588411243,0.5456843535701027,16.047526502084374,0.6021888618212564,Consumer/Textile/Food,3933207067.68,0.0630014080391405,0.15837014601344032,,3707056.0,1061.0055709112567
24910,8,0.25,0.0,8,0.0,0.0,2025,0,0,546.0,0.3644688644688644,0.1813186813186813,0.0756413082294886,0.5014089111188548,15.107050459838565,0.3217081204985179,TechTelecom,2422071351.0,-0.06196430559162925,-0.0913534533793484,,2467887.0,981.4352727657304
24929,10,0.3,0.1,6,0.5,0.0,2025,1,0,855.0,0.3742690058479532,0.2210526315789473,,0.2709655356193968,,,TechTelecom,,,,,0.0,
25100,6,0.1666666666666666,0.0,5,0.0,0.0,2025,0,0,252.0,0.3968253968253968,0.4563492063492063,0.05456347541455,0.3237387276794376,15.547943676840005,0.7060597995010961,Construction/RealEstate,9928373954.619999,0.1912176280574668,0.6505324135076237,,1662054.0,5973.556788539962
25232,8,0.125,0.1666666666666666,6,0.1666666666666666,0.3333333333333333,2025,1,1,65.0,0.4307692307692308,0.2153846153846154,0.0419448162701325,0.7862640421457513,13.359630716788937,0.1826736500023663,TechTelecom,441581778.3,-0.0017984192841029201,-0.0022003686582576553,,518095.0,852.3181623061408
25291,7,0.0,0.0,5,0.0,0.2,2025,0,1,317.0,0.1735015772870662,0.3154574132492113,0.137823915734122,0.4419440040457499,17.569903253334246,0.7243113190593626,Utilities/Energy,7823144393.12,0.03304336220556789,0.11985752223422966,,11774188.0,664.4317547095392
25372,7,0.1428571428571428,1.0,3,0.0,0.3333333333333333,2025,1,1,7784.0,0.4249743062692703,0.6479958890030832,0.0902983132644129,0.461833885086597,17.68305907329059,0.883868269733403,Commerce/Retail,9853707587.36,0.010392054364871929,0.08948505581562838,,5554000.0,1774.164131681671
25585,6,0.1666666666666666,0.0,5,0.0,0.0,2025,0,0,354.0,0.1186440677966101,0.3333333333333333,0.1246616742020527,0.3574515777733325,17.328653943279097,0.8008913148864559,Industrials/Materials,29895096650.75,0.04915002497200447,0.24685023128938896,,6680808.0,4474.772609952269
25780,7,0.1428571428571428,0.3333333333333333,13,0.0769230769230769,0.1818181818181818,2025,1,1,229.0,0.1353711790393013,0.537117903930131,0.1522758749166243,0.361271089482942,15.97515037213989,0.5003797293844092,Utilities/Energy,3322104466.32,0.07364454260865953,0.14740103022225423,,4330716.0,767.1028223323812
25917,8,0.375,0.0,6,0.0,0.0,2025,0,0,2157.0,0.3041261010662958,0.1817338896615669,0.1077655752869925,0.4900673373303256,18.76426816465189,0.8710923439130124,Commerce/Retail,8385532682.040001,-0.029623833609038454,-0.22980662676116081,,18175938.0,461.3535038488798
26620,8,0.375,0.0,5,0.0,0.0,2025,0,0,84.0,0.3928571428571428,0.1309523809523809,0.1013295261992007,0.3287277356348936,17.70175181190555,0.7172952713984998,Utilities/Energy,12467986551.38,-0.011448900154467544,-0.04049773136481873,,13775463.0,905.0865696042302
27707,5,0.0,0.0,4,0.0,0.0,2025,0,0,610.0,0.2672131147540983,0.2688524590163934,0.1038110106681586,0.5408318855272206,15.947085478561815,0.7604493523474365,TransportLogistics,471681409.65,-0.0338835542403831,-0.14144630612531972,,2018964.0,233.62546813613318
2437,10,0.2,0.0,11,0.0909090909090909,0.1818181818181818,2026,0,1,611.0,0.2471358428805237,0.2585924713584288,,0.3427383535548085,,,Utilities/Energy,151210439656.5,,,,,
2453,9,0.2222222222222222,0.1111111111111111,8,0.0,0.0,2026,1,0,185.0,0.2054054054054054,0.2108108108108108,,0.2334256815146661,,,Utilities/Energy,28732290225.8,,,,,
2577,3,0.0,0.0,3,0.3333333333333333,0.0,2026,0,0,,,,,,,,Utilities/Energy,,,,,,
3980,6,0.1666666666666666,0.0,9,0.1111111111111111,0.0,2026,0,0,4263.0,0.2641332395026976,0.1632653061224489,,0.3318561466813561,,,Industrials/Materials,43813099785.35,,,,,
4030,5,0.0,0.2,9,0.0,0.0,2026,1,0,1658.0,0.1525934861278648,0.3480096501809409,,0.6141085396519135,,,Industrials/Materials,6351990006.13,,,,,
4170,12,0.3333333333333333,0.25,6,0.0,0.0,2026,1,0,7209.0,0.2745179636565404,0.3610764322374809,,0.3029464010623604,,,Industrials/Materials,333070157092.92,,,,,
4820,11,0.0909090909090909,0.1818181818181818,7,0.0,0.0,2026,1,0,897.0,0.3255295429208473,0.1192865105908584,,0.8595014138734721,,,Industrials/Materials,4041843718.38,,,,,
5258,13,0.2307692307692307,0.0,9,0.3333333333333333,0.0,2026,0,0,4552.0,0.6025922671353251,0.4870386643233743,,0.3720486726871825,,,Commerce/Retail,32296130149.92,,,,,
5410,7,0.1428571428571428,0.0,12,0.0,0.0,2026,0,0,2635.0,0.1294117647058823,0.0265654648956356,,0.3200664636931322,,,Other,206801857761.46002,,,,,
6505,7,0.1428571428571428,0.1428571428571428,5,0.2,0.2,2026,1,1,2168.0,0.3597785977859778,0.4077490774907749,,0.707185345294683,,,Commerce/Retail,435916970.28,,,,,
8133,8,0.375,0.0,5,0.4,0.0,2026,0,0,3064.0,0.5985639686684073,0.3903394255874673,,0.4089726569003473,,,Commerce/Retail,11065227594.050001,,,,,
8451,7,0.1428571428571428,0.0,2,0.0,0.0,2026,0,0,839.0,0.0834326579261025,0.1251489868891537,,0.347064176353391,,,Industrials/Materials,5079133417.259999,,,,,
8656,5,0.0,0.0,9,0.1111111111111111,0.0,2026,0,0,4263.0,0.2641332395026976,0.1632653061224489,,0.3361762137817118,,,Industrials/Materials,13028477272.8,,,,,
8672,8,0.25,0.0,5,0.4,0.0,2026,0,0,120.0,0.5583333333333333,0.1,,0.3156160889611701,,,Commerce/Retail,28445996742.3,,,,,
9512,11,0.2727272727272727,0.1818181818181818,8,0.625,0.0,2026,1,0,5980.0,0.1319397993311036,0.2508361204013378,,0.3180435118478074,,,Utilities/Energy,635930074427.74,,,,,
10456,8,0.125,0.0,3,0.0,0.0,2026,0,0,92.0,0.358695652173913,0.1304347826086956,,0.444135246434241,,,Consumer/Textile/Food,8770518930.48,,,,,
12653,11,0.1818181818181818,0.0,8,0.125,0.0,2026,0,0,1621.0,0.1634793337446021,0.2831585441085749,,0.224863445666092,,,Industrials/Materials,115404943936.49998,,,,,
13986,9,0.2222222222222222,0.0,6,0.1666666666666666,0.0,2026,0,0,1867.0,0.3004820567755757,0.3352972683449384,,0.3197771914710084,,,Industrials/Materials,56847369146.549995,,,,,
14176,6,0.3333333333333333,0.0,9,0.4444444444444444,0.0,2026,0,0,,,,,,,,Utilities/Energy,,,,,,
14311,9,0.1111111111111111,0.1111111111111111,9,0.1111111111111111,0.0,2026,1,0,337.0,0.2195845697329377,0.0890207715133531,,0.2932286031906267,,,Utilities/Energy,42206769862.65,,,,,
14320,9,0.2222222222222222,0.0,4,0.0,0.0,2026,0,0,1074.0,0.1154562383612663,0.4180633147113594,,0.5305739344992827,,,Industrials/Materials,,,,,,
14443,9,0.2222222222222222,0.1111111111111111,7,0.4285714285714285,0.1428571428571428,2026,1,1,623.0,0.3290529695024077,0.1187800963081862,,0.2989843122075713,,,Utilities/Energy,83707683165.0,,,,,
14460,10,0.1,0.1,6,0.1666666666666666,0.0,2026,1,0,465.0,0.5268817204301075,0.2666666666666666,,0.4196441649801492,,,Construction/RealEstate,10479147459.5,,,,,
14826,7,0.1428571428571428,0.0,2,0.0,0.0,2026,0,0,5952.0,0.4963037634408602,0.5949260752688172,,0.7432498776765625,,,Commerce/Retail,1408769547.8999999,,,,,
15253,7,0.1428571428571428,0.0,5,0.2,0.2,2026,0,1,1255.0,0.2613545816733068,0.3713147410358566,,0.2933367934049965,,,Utilities/Energy,112722112738.79999,,,,,
16101,3,0.0,0.0,5,0.2,0.0,2026,0,0,80.0,0.4625,0.2,,0.7765397887676985,,,Construction/RealEstate,34621171.42,,,,,
16292,3,0.3333333333333333,0.0,8,0.0,0.0,2026,0,0,4318.0,0.3045391384900416,0.2568318666049097,,,,,Consumer/Textile/Food,,,,,,
17329,9,0.2222222222222222,0.0,9,0.1111111111111111,0.1111111111111111,2026,0,1,284.0,0.2288732394366197,0.2077464788732394,,0.2884351899305083,,,Utilities/Energy,39134621397.6,,,,,
17450,9,0.2222222222222222,0.0,4,0.0,0.0,2026,0,0,576.0,0.3211805555555556,0.2239583333333333,,0.352403662499841,,,TransportLogistics,26488307792.25,,,,,
17671,12,0.4166666666666667,0.0833333333333333,5,0.0,0.0,2026,1,0,4424.0,0.3679927667269439,0.3334086799276672,,0.26778167710275,,,TechTelecom,94634612423.26,,,,,
17892,5,0.2,0.0,4,0.0,0.0,2026,0,0,333.0,0.1981981981981982,0.4354354354354354,,,,,TransportLogistics,,,,,,
17973,6,0.3333333333333333,0.3333333333333333,7,0.0,0.0,2026,1,0,1974.0,0.5699088145896657,0.3221884498480243,,0.4597528286540482,,,Other,4355603013.41,,,,,
18376,9,0.4444444444444444,0.125,5,0.2,0.0,2026,1,0,141.0,0.2411347517730496,0.1347517730496454,,0.2877382664364556,,,Utilities/Energy,18300588002.96,,,,,
18465,9,0.2222222222222222,0.1111111111111111,4,0.5,0.0,2026,1,0,1253.0,0.3519553072625698,0.2226656025538707,,0.2972537529854665,,,Utilities/Energy,38586088608.34,,,,,
18627,9,0.2222222222222222,0.0,9,0.1111111111111111,0.0,2026,0,0,452.0,0.1969026548672566,0.1172566371681416,,0.3149155555649691,,,Utilities/Energy,50217359396.369995,,,,,
18660,7,0.2857142857142857,0.0,8,0.125,0.1428571428571428,2026,0,1,965.0,0.2362694300518134,0.1875647668393782,,0.2790155317235305,,,Utilities/Energy,48763407900.8,,,,,
18724,7,0.1428571428571428,0.0,2,0.0,0.0,2026,0,0,1.0,0.0,0.0,,0.2972586671954151,,,Industrials/Materials,8266821708.3,,,,,
18821,11,0.1818181818181818,0.0,8,0.125,0.0,2026,0,0,1950.0,0.2712820512820513,0.3794871794871794,,0.3094810107323528,,,TransportLogistics,29290000000.0,,,,,
19445,7,0.2857142857142857,0.2857142857142857,5,0.4,0.0,2026,1,0,1321.0,0.0514761544284632,0.546555639666919,,0.3633876449033614,,,Utilities/Energy,20723792260.5,,,,,
19453,9,0.1111111111111111,0.0,5,0.2,0.0,2026,0,0,413.0,0.324455205811138,0.3002421307506053,,0.4969754991544095,,,TransportLogistics,4658475958.56,,,,,
19550,8,0.375,0.0,4,0.5,0.0,2026,0,0,1034.0,0.5705996131528046,0.1353965183752417,,0.4656545708334055,,,Healthcare/Pharma,11312609517.11,,,,,
19623,7,0.2857142857142857,0.0,11,0.1818181818181818,0.0,2026,0,0,2153.0,0.7412912215513238,0.3924756154203437,,,,,Healthcare/Pharma,,,,,,
19739,7,0.2857142857142857,0.0,6,0.1666666666666666,0.1666666666666666,2026,0,1,2228.0,0.4533213644524237,0.3752244165170557,,0.4036241947035029,,,TransportLogistics,38134876982.4,,,,,
19763,3,0.0,0.0,3,0.3333333333333333,0.0,2026,0,0,,,,,,,,Utilities/Energy,,,,,,
19836,8,0.125,0.0,3,0.3333333333333333,0.0,2026,0,0,29.0,0.6206896551724138,0.0344827586206896,,0.490051925901368,,,Consumer/Textile/Food,14438318192.48,,,,,
19879,9,0.1111111111111111,0.0,5,0.2,0.2,2026,0,1,272.0,0.2830882352941176,0.2794117647058823,,0.7286017238186194,,,Utilities/Energy,5186398187.740001,,,,,
19909,3,0.6666666666666666,0.0,3,0.3333333333333333,0.0,2026,0,0,,,,,,,,Commerce/Retail,,,,,,
19992,7,0.4285714285714285,0.0,8,0.125,0.0,2026,0,0,1937.0,0.4254001032524522,0.1755291688177594,,0.4329057878881163,,,TechTelecom,18645142876.579998,,,,,
20010,7,0.1428571428571428,0.0,9,0.1111111111111111,0.1111111111111111,2026,0,1,1146.0,0.2181500872600349,0.5043630017452007,,0.2826668794526298,,,Utilities/Energy,45048274671.19,,,,,
20087,11,0.1818181818181818,0.0909090909090909,4,0.0,0.25,2026,1,1,1082.0,0.1792975970425138,0.0452865064695009,,0.408942743530358,,,Industrials/Materials,72025034829.87999,,,,,
20257,9,0.2222222222222222,0.0,4,0.25,0.0,2026,0,0,89.0,0.2921348314606741,0.2921348314606741,,0.2386175651917215,,,Utilities/Energy,38828471807.97,,,,,
20362,9,0.0,0.0,5,0.2,0.0,2026,0,0,647.0,0.3446676970633694,0.2612055641421947,,0.4303932782353382,,,TechTelecom,482120000.0,,,,,
20478,3,0.0,0.0,2,0.0,0.0,2026,0,0,29.0,0.4827586206896552,0.2068965517241379,,1.203561025981211,,,Other,4536730.68,,,,,
20494,3,0.0,0.0,5,0.4,0.0,2026,0,0,,,,,,,,Commerce/Retail,,,,,,
20516,7,0.1428571428571428,0.0,11,0.0909090909090909,0.0,2026,0,0,598.0,0.0585284280936454,0.3511705685618729,,0.4503138198558934,,,Consumer/Textile/Food,6120135548.31,,,,,
20524,5,0.2,0.0,8,0.125,0.0,2026,0,0,90.0,0.3888888888888889,0.1888888888888888,,0.3785520039868116,,,Construction/RealEstate,856000000.0,,,,,
20605,7,0.0,0.0,4,0.25,0.0,2026,0,0,682.0,0.3914956011730205,0.2595307917888563,,0.4172753161660976,,,Other,6946962057.28,,,,,
20745,6,0.1666666666666666,0.0,4,0.0,0.0,2026,0,0,491.0,0.1466395112016293,0.4358452138492871,,0.2778465712591464,,,Consumer/Textile/Food,7925072827.7,,,,,
20770,8,0.125,0.0,6,0.0,0.0,2026,0,0,39.0,0.5384615384615384,0.0512820512820512,,0.3981318257832175,,,Other,3125836234.29,,,,,
20788,7,0.1428571428571428,0.0,3,0.0,0.0,2026,0,0,1867.0,0.209962506695233,0.3717193358328869,,0.4843766519922189,,,Consumer/Textile/Food,,,,,,
20915,8,0.25,0.0,9,0.1111111111111111,0.1111111111111111,2026,0,1,2157.0,0.3143254520166898,0.5076495132127955,,0.5122016780978267,,,Construction/RealEstate,2864834074.39,,,,,
20931,10,0.1,0.2,5,0.0,0.0,2026,1,0,1285.0,0.2038910505836575,0.3073929961089494,,0.4629035708164699,,,Consumer/Textile/Food,3992161159.5600004,,,,,
20982,7,0.1428571428571428,0.0,6,0.0,0.0,2026,0,0,48.0,0.375,0.0416666666666666,,0.2897406393355405,,,Other,13783577008.86,,,,,
20990,7,0.4285714285714285,0.0,2,0.0,0.5,2026,0,1,6171.0,0.5676551612380489,0.6744449846054125,,0.6385028234572917,,,Commerce/Retail,933143093.34,,,,,
21016,7,0.1428571428571428,0.0,3,0.0,0.3333333333333333,2026,0,1,1413.0,0.5208775654635527,0.4267515923566879,,0.4819050967310928,,,Other,2157079257.37,,,,,
21091,10,0.2,0.0,6,0.5,0.0,2026,0,0,794.0,0.3526448362720403,0.1675062972292191,,0.3661593215006247,,,Construction/RealEstate,4585980638.04,,,,,
21237,3,0.0,0.0,1,0.0,0.0,2026,0,0,422.0,0.1753554502369668,0.3554502369668246,,0.4253435784649412,,,Utilities/Energy,49309255457.92,,,,,
21350,7,0.2857142857142857,0.0,7,0.1428571428571428,0.1428571428571428,2026,0,1,423.0,0.3947990543735225,0.4160756501182033,,0.4334877532139954,,,Construction/RealEstate,5454840000.0,,,,,
21431,10,0.3,0.1,5,0.2,0.0,2026,1,0,861.0,0.4018583042973286,0.2764227642276423,,0.3301264005220469,,,Healthcare/Pharma,14903871779.03,,,,,
21881,10,0.1,0.0,5,0.4,0.0,2026,0,0,1762.0,0.7133938706015891,0.4307604994324631,,0.3133687000127128,,,Healthcare/Pharma,10221528365.68,,,,,
22187,8,0.125,0.125,4,0.0,0.25,2026,1,1,267.0,0.1048689138576779,0.3333333333333333,,0.367272873110967,,,Utilities/Energy,54836327279.55,,,,,
22349,9,0.1111111111111111,0.0,4,0.0,0.0,2026,0,0,2297.0,0.6020896821941663,0.2973443622115803,,0.4765026029760794,,,Consumer/Textile/Food,3126255768.82,,,,,
22357,9,0.2222222222222222,0.0,8,0.375,0.0,2026,0,0,326.0,0.4478527607361963,0.1196319018404908,,0.2635922694416729,,,Commerce/Retail,13149299897.759998,,,,,
22470,8,0.375,0.0,5,0.2,0.2,2026,0,1,2817.0,0.3500177493787717,0.351792687255946,,0.586150780365857,,,Commerce/Retail,3227931241.6,,,,,
23264,9,0.3333333333333333,0.0,7,0.1428571428571428,0.0,2026,0,0,6009.0,0.4127142619404227,0.254618072890664,,0.3047953077172621,,,Consumer/Textile/Food,232269973335.0,,,,,
23272,7,0.1428571428571428,0.1428571428571428,4,0.0,0.0,2026,1,0,115.0,0.3652173913043478,0.391304347826087,,0.3383235750590733,,,Construction/RealEstate,2050632654.36,,,,,
23310,4,0.0,0.0,3,0.3333333333333333,0.0,2026,0,0,343.0,0.4839650145772595,0.1661807580174927,,0.7364907736597731,,,Other,819922111.32,,,,,
24112,9,0.2222222222222222,0.0,4,0.0,0.25,2026,0,1,1376.0,0.3364825581395348,0.3008720930232558,,,,,TransportLogistics,,,,,,
24260,9,0.1111111111111111,0.0,5,0.2,0.0,2026,0,0,1185.0,0.4354430379746835,0.4911392405063291,,0.4008293668069101,,,Other,10665207599.64,,,,,
24295,7,0.1428571428571428,0.0,10,0.3,0.1,2026,0,1,311.0,0.2990353697749196,0.2411575562700964,,0.3035956302131102,,,Commerce/Retail,41482283807.909996,,,,,
24392,9,0.2222222222222222,0.1,6,0.3333333333333333,0.1666666666666666,2026,1,1,4148.0,0.7080520732883318,0.5499035679845709,,0.8152686032915382,,,Healthcare/Pharma,3287205981.36,,,,,
24716,5,0.4,0.0,4,0.0,0.0,2026,0,0,315.0,0.2126984126984127,0.3238095238095238,,0.5850873224109828,,,TransportLogistics,3347805610.1000004,,,,,
24805,5,0.4,0.0,3,0.0,0.3333333333333333,2026,0,1,585.0,0.917948717948718,0.3726495726495726,,0.4251642706105397,,,Commerce/Retail,5082975988.88,,,,,
24821,7,0.1428571428571428,0.0,5,0.0,0.0,2026,0,0,3075.0,0.6679674796747967,0.4835772357723577,,0.3413728418678847,,,Healthcare/Pharma,76730021207.5,,,,,
24848,5,0.4,0.0,5,0.2,0.0,2026,0,0,1823.0,0.6258913878222709,0.3867251782775645,,0.5085665847897664,,,Consumer/Textile/Food,2354992319.52,,,,,
24910,8,0.125,0.0,8,0.0,0.0,2026,0,0,499.0,0.3687374749498998,0.2104208416833667,,0.4928021248967196,,,TechTelecom,2232928430.3199997,,,,,
24929,10,0.3,0.2,5,0.4,0.0,2026,1,0,694.0,0.3631123919308357,0.2132564841498559,,0.3365431536620727,,,TechTelecom,,,,,,
25100,6,0.1666666666666666,0.0,5,0.0,0.0,2026,0,0,168.0,0.3928571428571428,0.625,,0.4323564604755564,,,Construction/RealEstate,9210623060.6,,,,,
25232,7,0.0,0.1666666666666666,8,0.25,0.375,2026,1,1,65.0,0.4307692307692308,0.2153846153846154,,0.5310024727295887,,,TechTelecom,583362371.1999999,,,,,
25291,8,0.0,0.0,4,0.0,0.25,2026,0,1,291.0,0.1752577319587628,0.4054982817869416,,0.3834595112115363,,,Utilities/Energy,8733676638.4,,,,,
25372,7,0.1428571428571428,1.0,3,0.0,0.3333333333333333,2026,1,1,7784.0,0.4249743062692703,0.6479958890030832,,0.4731197590266398,,,Commerce/Retail,11376904568.4,,,,,
25585,7,0.2857142857142857,0.0,5,0.0,0.0,2026,0,0,354.0,0.1186440677966101,0.3333333333333333,,0.4523663584995736,,,Industrials/Materials,32049062774.2,,,,,
25780,7,0.1428571428571428,0.5,4,0.0,0.5,2026,1,1,249.0,0.1646586345381526,0.5421686746987951,,0.3474669062188375,,,Utilities/Energy,3084497144.2599998,,,,,
25917,8,0.375,0.0,6,0.0,0.0,2026,0,0,1962.0,0.3078491335372069,0.1962283384301733,,0.842560512412761,,,Commerce/Retail,2484602276.16,,,,,
26620,8,0.375,0.0,5,0.0,0.0,2026,0,0,72.0,0.3194444444444444,0.1388888888888889,,0.3308586609570017,,,Utilities/Energy,10745366674.02,,,,,
27707,5,0.0,0.0,4,0.0,0.0,2026,0,0,608.0,0.2993421052631579,0.2516447368421052,,0.4525539454403722,,,TransportLogistics,418640929.85,,,,,
