cd_cvm,year_prev,year_curr,cosine_similarity,chars_prev,chars_curr,ticker,event_date,window_start,window_end,stock_return,ibov_return,abnormal_return,extreme_ar,prev_ok,curr_ok,both_ok
2437,2021,2022,0.902,388979,267385,AXIA3,2023-03-13,2023-03-13,2024-03-18,0.2997804954531202,0.2311142909674581,0.068666204485662,False,True,True,True
2437,2022,2023,0.8666,267385,237349,AXIA3,2024-05-14,2024-05-14,2025-05-19,0.1035564853556485,0.086533693331442,0.0170227920242065,False,True,True,True
2437,2023,2024,0.8724,237349,251026,AXIA3,2025-03-16,2025-03-17,2026-03-19,0.7963813569051086,0.3778580117883765,0.418523345116732,False,True,True,True
2453,2015,2016,0.9798,360670,363606,CMIG4,2017-04-11,2017-04-11,2018-04-20,-0.1208465679997133,0.3292475006521929,-0.4500940686519062,False,True,True,True
2453,2016,2017,0.9651,363606,357785,CMIG4,2018-03-29,2018-03-29,2019-04-09,0.6436915887906693,0.1279934202973658,0.5156981684933035,True,True,True,True
2453,2017,2018,0.9727,357785,421356,CMIG4,2019-04-01,2019-04-01,2020-04-03,-0.4276457884135006,-0.2760610258035937,-0.1515847626099069,False,True,True,True
2453,2018,2019,0.9777,421356,419576,CMIG4,2020-04-01,2020-04-01,2021-04-09,0.5536687995806324,0.6581002075621383,-0.1044314079815058,False,True,True,True
2453,2019,2020,0.9624,419576,490324,CMIG4,2021-03-30,2021-03-30,2022-04-04,0.3069675229082971,0.0379105905904568,0.2690569323178402,False,True,True,True
2453,2020,2021,0.9734,490324,466601,CMIG4,2022-03-29,2022-03-29,2023-03-30,0.0078551913406093,-0.1358232948659312,0.1436784862065405,False,True,True,True
2453,2021,2022,0.9772,466601,430756,CMIG4,2023-03-25,2023-03-27,2024-04-02,0.164370982560474,0.2797022026684534,-0.1153312201079794,False,True,True,True
2453,2022,2023,0.9693,430756,405851,CMIG4,2024-03-21,2024-03-21,2025-03-25,0.1480099502392371,0.03050221300066,0.1175077372385771,False,True,True,True
2453,2023,2024,0.9686,405851,412561,CMIG4,2025-03-21,2025-03-21,2026-03-25,0.1537037037037036,0.4010687833182516,-0.2473650796145479,False,True,True,True
2577,2015,2016,0.9647,208879,214624,CESP6,2017-03-24,2017-03-24,2018-04-04,-0.1537199124726477,0.3211387518700932,-0.4748586643427409,False,True,True,True
2577,2016,2017,0.9695,214624,255415,CESP6,2018-03-21,2018-03-21,2019-04-01,0.5773324984345649,0.1303636683938482,0.4469688300407166,False,True,True,True
2577,2017,2018,0.9615,255415,235309,CESP6,2019-03-22,2019-03-22,2020-03-26,0.1126016260162601,-0.1709656409575275,0.2835672669737876,False,True,True,True
2577,2018,2019,0.8204,235309,134950,CESP6,2020-02-17,2020-02-17,2021-02-25,-0.2159976898642795,-0.0264744066166504,-0.1895232832476291,False,True,True,True
3980,2015,2016,0.991,203796,201424,GGBR4,2017-02-22,2017-02-22,2018-03-06,0.2448512589221287,0.2487765264533736,-0.0039252675312448,False,True,True,True
3980,2016,2017,0.9829,201424,211551,GGBR4,2018-02-28,2018-02-28,2019-03-11,-0.1034897709784652,0.148476824466317,-0.2519665954447823,False,True,True,True
3980,2017,2018,0.9855,211551,220360,GGBR4,2019-02-21,2019-02-21,2020-02-28,0.1211920536576292,0.0746844162423927,0.0465076374152364,False,True,True,True
3980,2021,2022,0.9839,221121,226913,GGBR4,2023-03-01,2023-03-01,2024-03-06,-0.2395325202292968,0.2347620584516865,-0.4742945786809833,False,True,True,True
3980,2022,2023,0.9869,226913,225135,GGBR4,2024-02-20,2024-02-20,2025-02-19,-0.0265420558928115,-0.0200691815664739,-0.0064728743263375,False,True,True,True
3980,2023,2024,0.9726,225135,239444,GGBR4,2025-02-24,2025-02-24,2026-03-02,0.2784265519360787,0.509608745932461,-0.2311821939963823,False,True,True,True
4170,2015,2016,0.9052,224509,237390,VALE3,2017-02-23,2017-02-23,2018-03-07,0.2918299668375037,0.2671477714882542,0.0246821953492495,False,True,True,True
4170,2016,2017,0.9392,237390,227057,VALE3,2018-02-27,2018-02-27,2019-03-08,0.0321149376716671,0.0969617223999785,-0.0648467847283114,False,True,True,True
4170,2017,2018,0.8964,227057,248583,VALE3,2019-04-18,2019-04-18,2020-04-24,-0.1677443895017116,-0.2035102993013404,0.0357659097996287,False,True,True,True
4170,2020,2021,0.9428,274603,306915,VALE3,2022-02-24,2022-02-24,2023-03-01,0.0189627598811972,-0.0645853501693268,0.0835481100505241,False,True,True,True
4170,2021,2022,0.9321,306915,323774,VALE3,2023-02-16,2023-02-16,2024-02-26,-0.262809732032739,0.1788914755179711,-0.4417012075507102,False,True,True,True
4170,2022,2023,0.939,323774,344928,VALE3,2024-02-22,2024-02-22,2025-02-21,-0.1347813150847961,-0.0238980102587097,-0.1108833048260864,False,True,True,True
4170,2023,2024,0.9444,344928,322916,VALE3,2025-03-17,2025-03-17,2026-03-19,0.342031523642732,0.3778580117883765,-0.0358264881456444,False,True,True,True
4820,2016,2017,0.9885,296557,279551,BRKM5,2018-03-29,2018-03-29,2019-04-09,-0.0060416666666666,0.1279934202973658,-0.1340350869640324,False,True,True,True
4820,2021,2022,0.9889,343707,308708,BRKM5,2023-03-23,2023-03-23,2024-03-28,0.5865384615384615,0.3081883791429354,0.278350082395526,False,True,True,True
5258,2019,2020,0.9354,166326,182671,RADL3,2021-03-09,2021-03-09,2022-03-14,-0.0456521737105088,-0.0126021035362957,-0.0330500701742131,False,True,True,True
5258,2020,2021,0.5221,182671,251661,RADL3,2022-02-22,2022-02-22,2023-02-27,-0.0400000000893305,-0.063607365636831,0.0236073655475004,False,True,True,True
5258,2021,2022,0.9492,251661,242447,RADL3,2023-03-07,2023-03-07,2024-03-12,0.1813937582078095,0.224890871381596,-0.0434971131737864,False,True,True,True
5258,2022,2023,0.9479,242447,249418,RADL3,2024-03-05,2024-03-05,2025-03-07,-0.2977129339591708,-0.0239151069442007,-0.2737978270149701,False,True,True,True
5258,2023,2024,0.9618,249418,249898,RADL3,2025-03-20,2025-03-20,2026-03-24,0.2243119264557418,0.3831175651680993,-0.1588056387123575,False,True,True,True
5410,2015,2016,0.9873,89851,91393,WEGE3,2017-02-22,2017-02-22,2018-03-06,0.3286549706745185,0.2487765264533736,0.0798784442211448,False,True,True,True
5410,2016,2017,0.9833,91393,94422,WEGE3,2018-02-28,2018-02-28,2019-03-11,0.053994019631713,0.148476824466317,-0.094482804834604,False,True,True,True
5410,2017,2018,0.9814,94422,100991,WEGE3,2019-04-10,2019-04-10,2020-04-15,1.0731042007637752,-0.1784405875974234,1.2515447883611983,True,True,True,True
5410,2018,2019,0.9844,100991,96003,WEGE3,2020-02-19,2020-02-19,2021-03-01,0.5977058582548136,-0.0530629707443339,0.6507688289991476,True,True,True,True
5410,2019,2020,0.9854,96003,96144,WEGE3,2021-02-24,2021-02-24,2022-02-25,-0.3217993079584775,-0.0218370232401797,-0.2999622847182978,False,True,True,True
5410,2020,2021,0.9819,96144,98694,WEGE3,2022-02-16,2022-02-16,2023-02-17,0.2658146964856229,-0.0521269359212612,0.3179416324068842,False,True,True,True
5410,2021,2022,0.9764,98694,99119,WEGE3,2023-02-15,2023-02-15,2024-02-23,-0.0745884773662552,0.1808263201123647,-0.25541479747862,False,True,True,True
5410,2022,2023,0.9767,99119,103611,WEGE3,2024-02-21,2024-02-21,2025-02-20,0.4223314223314223,-0.0186954584417108,0.4410268807731331,False,True,True,True
5410,2023,2024,0.9627,103611,112878,WEGE3,2025-02-26,2025-02-26,2026-03-04,-0.0106583072100313,0.4856805043508103,-0.4963388115608417,False,True,True,True
6505,2015,2016,0.8717,140191,143638,BHIA3,2017-02-23,2017-02-23,2018-03-08,0.893939393939394,0.2597518373102008,0.6341875566291932,True,True,True,True
6505,2016,2017,0.9138,143638,142991,BHIA3,2018-02-19,2018-02-19,2019-02-26,-0.3837209302325581,0.1510718315289132,-0.5347927617614714,True,True,True,True
6505,2017,2018,0.8055,142991,158243,BHIA3,2019-02-20,2019-02-20,2020-02-27,1.7024952015355086,0.0666912079478949,1.6358039935876136,True,True,True,True
6505,2018,2019,0.7641,158243,166276,BHIA3,2020-03-26,2020-03-26,2021-04-05,1.1964912280701756,0.5122758225939992,0.6842154054761764,True,True,True,True
6505,2019,2020,0.7428,166276,165875,BHIA3,2021-03-02,2021-03-02,2022-03-07,-0.7171381031613977,0.0004810838821658,-0.7176191870435635,True,True,True,True
6505,2020,2021,0.7945,165875,164701,BHIA3,2022-03-09,2022-03-09,2023-03-10,-0.4662756598240469,-0.0902731282452712,-0.3760025315787757,False,True,True,True
6505,2021,2022,0.9027,164701,164368,BHIA3,2023-03-09,2023-03-09,2024-03-14,-0.8348453608247423,0.2152709986438719,-1.050116359468614,True,True,True,True
6505,2022,2023,0.8896,164368,153589,BHIA3,2024-03-25,2024-03-25,2025-03-27,0.4696969696969697,0.0489813912972094,0.4207155783997602,False,True,True,True
6505,2023,2024,0.9063,153589,162067,BHIA3,2025-03-12,2025-03-12,2026-03-16,-0.4652014652014652,0.4522069859159479,-0.9174084511174132,True,True,True,True
8133,2019,2020,0.7729,139213,180180,LREN3,2021-02-11,2021-02-11,2022-02-16,-0.2317593297921631,-0.0345254473539484,-0.1972338824382147,False,True,True,True
8133,2020,2021,0.6466,180180,150743,LREN3,2022-03-17,2022-03-17,2023-03-20,-0.2375545853504318,-0.1074799650819937,-0.130074620268438,False,True,True,True
8133,2021,2022,0.9279,150743,143572,LREN3,2023-02-16,2023-02-16,2024-02-26,-0.2115583076665058,0.1788914755179711,-0.390449783184477,False,True,True,True
8133,2022,2023,0.9495,143572,138987,LREN3,2024-03-14,2024-03-14,2025-03-18,-0.1778316172514941,0.0296402293774522,-0.2074718466289463,False,True,True,True
8451,2015,2016,0.9828,136443,141275,POMO4,2017-02-23,2017-02-23,2018-03-07,0.3693379788830662,0.2671477714882542,0.102190207394812,False,True,True,True
8451,2016,2017,0.9861,141275,148495,POMO4,2018-02-22,2018-02-22,2019-03-01,0.0560239133727933,0.091332613113122,-0.0353086997403286,False,True,True,True
8451,2017,2018,0.9573,148495,144360,POMO4,2019-02-26,2019-02-26,2020-03-04,0.3476070526965591,0.0985804666888654,0.2490265860076936,False,True,True,True
8451,2018,2019,0.9799,144360,148462,POMO4,2020-02-27,2020-02-27,2021-03-05,-0.4707070706666666,0.1186474532327994,-0.5893545238994661,True,True,True,True
8451,2019,2020,0.8842,148462,164141,POMO4,2021-02-25,2021-02-25,2022-03-02,0.0620155037530196,0.0259873917166029,0.0360281120364167,False,True,True,True
8451,2020,2021,0.994,164141,161223,POMO4,2022-02-25,2022-02-25,2023-03-02,0.1413793105221878,-0.0867611957157531,0.228140506237941,False,True,True,True
8451,2021,2022,0.9912,161223,154805,POMO4,2023-02-28,2023-02-28,2024-03-05,1.7246835443487418,0.2207734099620584,1.5039101343866834,True,True,True,True
8451,2022,2023,0.9914,154805,153494,POMO4,2024-02-27,2024-02-27,2025-02-26,0.0648083622551298,-0.0525529129648049,0.1173612752199347,False,True,True,True
8451,2023,2024,0.9847,153494,155281,POMO4,2025-02-25,2025-02-25,2026-03-03,-0.0571428571428571,0.4534497279319254,-0.5105925850747826,False,True,True,True
8656,2015,2016,0.9921,205024,204140,GOAU4,2017-02-22,2017-02-22,2018-03-06,0.2988115450487754,0.2487765264533736,0.0500350185954017,False,True,True,True
8656,2016,2017,0.9872,204140,216159,GOAU4,2018-02-28,2018-02-28,2019-03-11,-0.1015228427400833,0.148476824466317,-0.2499996672064004,False,True,True,True
8656,2017,2018,0.9861,216159,218055,GOAU4,2019-02-21,2019-02-21,2020-02-28,0.121297602176863,0.0746844162423927,0.0466131859344702,False,True,True,True
8656,2018,2019,0.9854,218055,200372,GOAU4,2020-02-19,2020-02-19,2021-03-01,0.1745562129687348,-0.0530629707443339,0.2276191837130687,False,True,True,True
8656,2021,2022,0.9864,209428,214736,GOAU4,2023-03-01,2023-03-01,2024-03-06,-0.2393822394279542,0.2347620584516865,-0.4741442978796407,False,True,True,True
8656,2022,2023,0.9908,214736,211253,GOAU4,2024-02-20,2024-02-20,2025-02-19,-0.0487562189426985,-0.0200691815664739,-0.0286870373762245,False,True,True,True
8656,2023,2024,0.9838,211253,223354,GOAU4,2025-02-24,2025-02-24,2026-03-02,0.3840639417044378,0.509608745932461,-0.1255448042280231,False,True,True,True
8672,2017,2018,0.8209,194357,187960,IGTI11,2019-03-14,2021-11-22,2022-11-24,-0.0847295356629966,0.095070159456738,-0.1797996951197347,False,True,True,True
8672,2018,2019,0.9631,187960,160307,IGTI11,2020-03-12,2021-11-22,2022-11-24,-0.0847295356629966,0.095070159456738,-0.1797996951197347,False,True,True,True
8672,2021,2022,0.916,177847,165828,IGTI11,2023-02-28,2023-02-28,2024-03-05,0.2136575271598553,0.2207734099620584,-0.007115882802203,False,True,True,True
8672,2022,2023,0.979,165828,172585,IGTI11,2024-02-20,2024-02-20,2025-02-19,-0.1849169152109075,-0.0200691815664739,-0.1648477336444336,False,True,True,True
8672,2023,2024,0.9735,172585,168304,IGTI11,2025-02-18,2025-02-18,2026-02-24,0.4908814589665655,0.4898300193780973,0.0010514395884682,False,True,True,True
10456,2015,2016,0.9687,135754,126096,ALPA4,2017-03-22,2017-03-22,2018-04-02,0.3710590137429264,0.3328818315230757,0.0381771822198506,False,True,True,True
10456,2016,2017,0.9638,126096,144787,ALPA4,2018-02-09,2018-02-09,2019-02-20,0.2271869100062933,0.1934037258942356,0.0337831841120577,False,True,True,True
13986,2019,2020,0.9244,271462,298348,SUZB3,2021-02-10,2021-02-10,2022-02-15,-0.1602639296187683,-0.0304567057819656,-0.1298072238368026,False,True,True,True
13986,2020,2021,0.9513,298348,290070,SUZB3,2022-02-09,2022-02-09,2023-02-10,-0.2343234323432343,-0.0389744426953997,-0.1953489896478346,False,True,True,True
13986,2021,2022,0.9632,290070,278350,SUZB3,2023-02-28,2023-02-28,2024-03-05,0.2268537913699204,0.2207734099620584,0.006080381407862,False,True,True,True
13986,2022,2023,0.9591,278350,273650,SUZB3,2024-02-28,2024-02-28,2025-02-27,-0.0036598117811084,-0.0411544105382309,0.0374945987571225,False,True,True,True
13986,2023,2024,0.9751,273650,274607,SUZB3,2025-02-12,2025-02-12,2026-02-18,-0.0132827324478177,0.4955458750230441,-0.5088286074708619,False,True,True,True
14311,2018,2019,0.9865,325757,308157,CPLE3,2020-03-25,2020-03-25,2021-04-01,0.2071934187870669,0.5376216870874304,-0.3304282683003634,False,True,True,True
14311,2019,2020,0.981,308157,350652,CPLE3,2021-05-05,2021-05-05,2022-05-10,0.0814814814814814,-0.1376203493279439,0.2191018308094254,False,True,True,True
14311,2020,2021,0.9775,350652,334303,CPLE3,2022-03-22,2022-03-22,2023-03-23,-0.154178674351585,-0.164967148291619,0.010788473940034,False,True,True,True
14311,2023,2024,0.9803,326092,277416,CPLE3,2025-02-27,2025-02-27,2026-03-05,0.5962800875273522,0.4460364092777695,0.1502436782495826,False,True,True,True
14320,2015,2016,0.9822,200762,219603,USIM5,2017-02-17,2017-02-17,2018-03-01,1.165137614678899,0.2602181718776615,0.9049194428012376,True,True,True,True
14320,2016,2017,0.9797,219603,214206,USIM5,2018-02-09,2018-02-09,2019-02-20,-0.1736420302760464,0.1934037258942356,-0.367045756170282,False,True,True,True
14320,2017,2018,0.9804,214206,203967,USIM5,2019-02-15,2019-02-15,2020-02-20,0.0063829787234042,0.1749308465822057,-0.1685478678588015,False,True,True,True
14320,2018,2019,0.9887,203967,204148,USIM5,2020-02-14,2020-02-14,2021-02-24,0.7414141414141413,0.0112525976847492,0.730161543729392,True,True,True,True
14320,2019,2020,0.9777,204148,200997,USIM5,2021-02-12,2021-02-12,2022-02-17,0.0472163495419308,-0.0494038619856262,0.0966202115275571,False,True,True,True
14320,2020,2021,0.936,200997,202683,USIM5,2022-02-11,2022-02-11,2023-02-14,-0.5415325177076626,-0.0503955408160525,-0.49113697689161,False,True,True,True
14320,2021,2022,0.9691,202683,220649,USIM5,2023-02-10,2023-02-10,2024-02-20,0.4073569482288828,0.2020557879026006,0.2053011603262822,False,True,True,True
14320,2022,2023,0.9752,220649,217795,USIM5,2025-01-16,2025-01-16,2026-01-20,0.274793388429752,0.371535278758937,-0.096741890329185,False,True,True,True
14320,2023,2024,0.9891,217795,215483,USIM5,2025-02-14,2025-02-14,2026-02-20,0.040133779264214,0.4860124417215945,-0.4458786624573805,False,True,True,True
14443,2018,2019,0.9855,282037,242449,SBSP3,2020-03-27,2020-03-27,2021-04-06,0.0421761915908811,0.6001746181810457,-0.5579984265901645,True,True,True,True
14443,2021,2022,0.9884,223209,218593,SBSP3,2023-03-23,2023-03-23,2024-03-28,0.7568969095417135,0.3081883791429354,0.4487085303987781,False,True,True,True
14443,2022,2023,0.9849,218593,244365,SBSP3,2024-03-21,2024-03-21,2025-03-25,0.2966725933180731,0.03050221300066,0.2661703803174131,False,True,True,True
14443,2023,2024,0.955,244365,261497,SBSP3,2025-03-27,2025-03-27,2026-03-31,0.5690189474778666,0.4079128793924089,0.1611060680854577,False,True,True,True
14460,2015,2016,0.8731,206885,213748,CYRE3,2017-03-23,2017-03-23,2018-04-03,0.1507692307692307,0.3320070472915575,-0.1812378165223267,False,True,True,True
14460,2016,2017,0.9823,213748,181084,CYRE3,2018-03-22,2018-03-22,2019-04-02,0.060105680317041,0.125270090510698,-0.065164410193657,False,True,True,True
14460,2017,2018,0.9503,181084,189467,CYRE3,2019-03-27,2019-03-27,2020-03-31,-0.0877985797288571,-0.2054727028597418,0.1176741231308846,False,True,True,True
14460,2018,2019,0.9483,189467,193192,CYRE3,2020-03-19,2020-03-19,2021-03-26,0.6108843537414967,0.6797540822867243,-0.0688697285452275,False,True,True,True
14460,2019,2020,0.9463,193192,229511,CYRE3,2021-03-18,2021-03-18,2022-03-23,-0.2991769547325104,0.0228318908197584,-0.3220088455522688,False,True,True,True
14460,2020,2021,0.9902,229511,233137,CYRE3,2022-03-17,2022-03-17,2023-03-20,-0.0306122448979591,-0.1074799650819937,0.0768677201840346,False,True,True,True
14460,2021,2022,0.9847,233137,247734,CYRE3,2023-03-16,2023-03-16,2024-03-21,0.5455116133082234,0.2390292576975647,0.3064823556106586,False,True,True,True
14460,2022,2023,0.9907,247734,262016,CYRE3,2024-03-14,2024-03-14,2025-03-18,-0.07686243594797,0.0296402293774522,-0.1065026653254223,False,True,True,True
14460,2023,2024,0.9056,262016,236999,CYRE3,2025-03-20,2025-03-20,2026-03-24,0.3639505186121088,0.3831175651680993,-0.0191670465559905,False,True,True,True
14826,2015,2016,0.8945,303950,263729,PCAR3,2017-03-07,2017-03-29,2020-12-29,-0.1132941176789174,0.8222534114654907,-0.935547529144408,True,True,True,True
14826,2016,2017,0.9509,263729,254081,PCAR3,2018-02-19,2018-10-23,2021-01-12,-0.1018703681272804,0.4536688908550208,-0.5555392589823013,True,True,True,True
14826,2017,2018,0.934,254081,252055,PCAR3,2019-03-26,2019-07-10,2021-01-18,-0.1571428571679333,0.1457659489817808,-0.3029088061497141,False,True,True,True
14826,2021,2022,0.9353,232095,223447,PCAR3,2023-02-27,2023-02-27,2024-03-04,-0.313041400659123,0.2140692954993823,-0.5271106961585054,True,True,True,True
15253,2015,2016,0.978,313688,361711,ENGI11,2017-03-23,2017-03-23,2018-04-03,0.5454545456369146,0.3320070472915575,0.2134474983453571,False,True,True,True
15253,2016,2017,0.969,361711,397685,ENGI11,2018-03-14,2018-03-14,2019-03-25,0.1800366587615969,0.0884481707118665,0.0915884880497304,False,True,True,True
15253,2017,2018,0.9608,397685,417774,ENGI11,2019-03-21,2019-03-21,2020-03-25,-0.1263285025481807,-0.2250978712916529,0.0987693687434722,False,True,True,True
15253,2018,2019,0.958,417774,438958,ENGI11,2020-03-18,2020-03-18,2021-03-25,0.0986267165768133,0.7004258168964921,-0.6017991003196788,True,True,True,True
15253,2019,2020,0.9786,438958,468736,ENGI11,2021-04-09,2021-04-09,2022-04-13,0.1115510012704656,-0.0075460249392579,0.1190970262097236,False,True,True,True
15253,2020,2021,0.9838,468736,529082,ENGI11,2024-01-20,2024-01-22,2025-01-23,-0.2497478312688922,-0.032529064612558,-0.2172187666563342,False,True,True,True
15253,2021,2022,0.9736,529082,514305,ENGI11,2023-03-16,2023-03-16,2024-03-21,0.2118559279374867,0.2390292576975647,-0.027173329760078,False,True,True,True
15253,2022,2023,0.809,514305,478573,ENGI11,2024-03-15,2024-03-15,2025-03-19,-0.1097152430230438,0.0454991135127391,-0.1552143565357829,False,True,True,True
15253,2023,2024,0.9692,478573,449191,ENGI11,2025-03-18,2025-03-18,2026-03-20,0.2933076553965632,0.3403290503049521,-0.0470213949083888,False,True,True,True
16101,2015,2016,0.9889,179342,191039,GFSA3,2017-05-09,2017-05-09,2018-05-16,-0.0378819180401386,0.3056730871800412,-0.3435550052201799,False,True,True,True
16101,2016,2017,0.9865,191039,186811,GFSA3,2018-03-09,2018-03-09,2019-03-20,-0.1798319326997439,0.1351136909771415,-0.3149456236768855,False,True,True,True
16101,2017,2018,0.9797,186811,195820,GFSA3,2019-04-03,2019-04-03,2020-04-07,-0.5723025226794352,-0.1919050267812505,-0.3803974958981846,False,True,True,True
16101,2018,2019,0.9688,195820,175093,GFSA3,2020-03-26,2020-03-26,2021-04-05,0.3490916150288385,0.5122758225939992,-0.1631842075651606,False,True,True,True
16101,2019,2020,0.9545,175093,172530,GFSA3,2021-03-16,2021-03-16,2022-03-21,-0.6365503080768486,0.0187315633442139,-0.6552818714210626,True,True,True,True
16101,2020,2021,0.9731,172530,181063,GFSA3,2022-03-19,2022-03-21,2023-03-22,-0.578032307580552,-0.1371784638963283,-0.4408538436842236,False,True,True,True
16101,2023,2024,0.9211,180774,141451,GFSA3,2025-03-27,2025-03-27,2026-03-31,-0.9484756097560976,0.4079128793924089,-1.3563884891485063,True,True,True,True
16292,2016,2017,0.7789,58216,74516,BRFS3,2018-02-22,2018-02-22,2019-03-01,-0.3376371852808263,0.091332613113122,-0.4289697983939483,False,True,True,True
16306,2017,2018,0.9972,292066,306559,RSID3,2019-03-27,2019-03-27,2020-03-31,-0.0826271186440676,-0.2054727028597418,0.1228455842156741,False,True,True,True
16306,2018,2019,0.1023,306559,50422,RSID3,2020-03-18,2020-03-18,2021-03-25,1.1622222222222225,0.7004258168964921,0.4617964053257302,True,True,True,True
16306,2019,2020,0.7452,50422,206373,RSID3,2021-03-17,2021-03-17,2022-03-22,-0.1935176738342021,0.0062033760093571,-0.1997210498435593,False,True,True,True
16306,2022,2023,0.9864,154882,159421,RSID3,2024-06-24,2024-06-24,2025-06-27,-0.6186915887850467,0.1160239947239396,-0.7347155835089864,True,True,True,True
17329,2016,2017,0.9093,187641,214485,EGIE3,2018-02-22,2018-02-22,2019-03-01,0.3206806282512644,0.091332613113122,0.2293480151381424,False,True,True,True
17329,2017,2018,0.9355,214485,226464,EGIE3,2019-02-19,2019-02-19,2020-02-26,0.0784269661916727,0.0825232453897049,-0.0040962791980321,False,True,True,True
17329,2018,2019,0.9447,226464,274580,EGIE3,2020-02-20,2020-02-20,2021-03-02,-0.197083248960553,-0.0265860985005175,-0.1704971504600355,False,True,True,True
17329,2019,2020,0.9322,274580,311859,EGIE3,2021-04-20,2021-04-20,2022-04-26,0.0251196172224765,-0.0986917674777838,0.1238113847002604,False,True,True,True
17329,2020,2021,0.9692,311859,317252,EGIE3,2022-02-14,2022-02-14,2023-02-15,-0.0431885488690215,-0.0377443421678416,-0.0054442067011799,False,True,True,True
17329,2023,2024,0.9455,296163,304430,EGIE3,2025-02-20,2025-02-20,2026-02-26,0.2961117193927529,0.4968977413739026,-0.2007860219811497,False,True,True,True
17450,2018,2019,0.435,162549,49476,RAIL3,2020-02-13,2020-02-13,2021-02-23,-0.1823529411764706,-0.0037604268975914,-0.1785925142788791,False,True,True,True
17450,2019,2020,0.4361,49476,173524,RAIL3,2021-06-01,2021-06-01,2022-06-06,-0.1456674473067917,-0.1409648074076701,-0.0047026398991215,False,True,True,True
17450,2022,2023,0.9863,176536,182700,RAIL3,2024-03-27,2024-03-27,2025-03-31,-0.2781486426346239,0.0201183140938621,-0.298266956728486,False,True,True,True
17671,2015,2016,0.9404,286341,271106,VIVT3,2017-02-21,2017-02-21,2018-03-05,0.1531200839014157,0.2457684800531541,-0.0926483961517383,False,True,True,True
17671,2016,2017,0.9096,271106,243541,VIVT3,2018-02-21,2018-02-21,2019-02-28,-0.0034658040665433,0.1107766227373225,-0.1142424268038659,False,True,True,True
17671,2017,2018,0.9044,243541,221548,VIVT3,2019-02-20,2019-02-20,2020-02-27,0.1101871101871103,0.0666912079478949,0.0434959022392154,False,True,True,True
17671,2018,2019,0.9299,221548,204525,VIVT3,2020-02-19,2020-02-19,2021-03-01,-0.1650279545016386,-0.0530629707443339,-0.1119649837573046,False,True,True,True
17671,2019,2020,0.8619,204525,308808,VIVT3,2021-02-23,2021-02-23,2022-02-24,0.1046331190423408,-0.0315514201215578,0.1361845391638987,False,True,True,True
17671,2022,2023,0.9017,353605,362155,VIVT3,2024-02-20,2024-02-20,2025-02-19,-0.0037785754770451,-0.0200691815664739,0.0162906060894287,False,True,True,True
17892,2015,2016,0.9384,169631,164826,STBP3,2017-02-15,2017-02-15,2018-02-27,0.9591836734693876,0.2789216362699664,0.6802620371994212,True,True,True,True
17892,2016,2017,0.9064,164826,193960,STBP3,2018-06-18,2018-06-18,2019-06-27,0.8025210084033614,0.4427323574838719,0.3597886509194894,False,True,True,True
17892,2017,2018,0.823,193960,197219,STBP3,2019-02-21,2019-02-21,2020-02-28,0.4119047619047618,0.0746844162423927,0.337220345662369,False,True,True,True
17892,2018,2019,0.9847,197219,209175,STBP3,2020-03-05,2020-03-05,2021-03-12,0.1179487179487179,0.1166666014562782,0.0012821164924397,False,True,True,True
17892,2019,2020,0.9797,209175,222689,STBP3,2021-03-08,2021-03-08,2022-03-11,0.2433962264150944,0.0099581797855161,0.2334380466295782,False,True,True,True
17892,2020,2021,0.9741,222689,231887,STBP3,2022-03-10,2022-03-10,2023-03-13,0.1769005847953217,-0.0927457302997023,0.2696463150950241,False,True,True,True
17892,2021,2022,0.8717,231887,222476,STBP3,2023-11-29,2023-11-29,2024-11-29,0.5334928229665072,-0.0039456860045254,0.5374385089710327,True,True,True,True
17892,2022,2023,0.9467,222476,196734,STBP3,2024-03-20,2024-03-20,2025-03-24,0.1323155216284988,0.0170115228806109,0.1153039987478878,False,True,True,True
17973,2015,2016,0.9269,147610,129151,COGN3,2017-03-22,2017-03-22,2018-04-02,0.0416988416312815,0.3328818315230757,-0.2911829898917941,False,True,True,True
17973,2016,2017,0.9534,129151,141798,COGN3,2018-03-16,2018-03-16,2019-03-27,-0.2869924295191333,0.0826623980638612,-0.3696548275829945,False,True,True,True
17973,2017,2018,0.8588,141798,191150,COGN3,2019-06-21,2019-06-21,2020-06-26,-0.4149034038562115,-0.0801676459574601,-0.3347357578987513,False,True,True,True
17973,2018,2019,0.5455,191150,214057,COGN3,2020-03-30,2020-03-30,2021-04-07,-0.2094861660869564,0.5758895962297701,-0.7853757623167266,True,True,True,True
17973,2019,2020,0.8961,214057,267371,COGN3,2021-03-31,2021-03-31,2022-04-05,-0.2512562813945355,0.019303422715146,-0.2705597041096815,False,True,True,True
17973,2020,2021,0.9657,267371,230733,COGN3,2022-03-24,2022-03-24,2023-03-27,-0.2164502166666667,-0.162805260283012,-0.0536449563836547,False,True,True,True
17973,2021,2022,0.958,230733,216974,COGN3,2023-09-21,2023-09-21,2024-09-24,-0.5,0.1378509889142929,-0.6378509889142929,True,True,True,True
17973,2022,2023,0.9741,216974,237067,COGN3,2024-03-20,2024-03-20,2025-03-24,-0.3159851298728596,0.0170115228806109,-0.3329966527534705,False,True,True,True
17973,2023,2024,0.9728,237067,226329,COGN3,2025-03-12,2025-03-12,2026-03-16,0.9058139530451595,0.4522069859159479,0.4536069671292118,False,True,True,True
18465,2019,2020,0.9684,238178,262783,UGPA3,2021-02-25,2021-02-25,2022-03-02,-0.2728658536585365,0.0259873917166029,-0.2988532453751394,False,True,True,True
18465,2022,2023,0.9442,261976,247201,UGPA3,2024-02-28,2024-02-28,2025-02-27,-0.4400785854616895,-0.0411544105382309,-0.3989241749234585,False,True,True,True
18465,2023,2024,0.9453,247201,195504,UGPA3,2025-02-26,2025-02-26,2026-03-04,0.5933456561922366,0.4856805043508103,0.1076651518414262,False,True,True,True
18660,2015,2016,0.9557,197873,204333,CPFE3,2017-03-23,2017-03-23,2018-04-03,-0.0363139398672393,0.3320070472915575,-0.3683209871587968,False,True,True,True
18660,2016,2017,0.9632,204333,193962,CPFE3,2018-03-27,2018-03-27,2019-04-05,0.2065573770491804,0.158697404366287,0.0478599726828934,False,True,True,True
18660,2017,2018,0.9387,193962,187251,CPFE3,2019-03-28,2019-03-28,2020-04-01,-0.145040650406504,-0.2481460221928544,0.1031053717863503,False,True,True,True
18660,2018,2019,0.9593,187251,179949,CPFE3,2020-03-09,2020-03-09,2021-03-16,-0.1067647058823528,0.3247646025431292,-0.4315293084254821,False,True,True,True
18660,2019,2020,0.9497,179949,203980,CPFE3,2021-03-31,2021-03-31,2022-04-05,0.0877712031558186,0.019303422715146,0.0684677804406725,False,True,True,True
18660,2020,2021,0.9231,203980,224367,CPFE3,2022-03-17,2022-03-17,2023-03-20,-0.0752755905511811,-0.1074799650819937,0.0322043745308125,False,True,True,True
18660,2021,2022,0.9068,224367,230608,CPFE3,2023-03-16,2023-03-16,2024-03-21,0.0955109837631327,0.2390292576975647,-0.143518273934432,False,True,True,True
18660,2022,2023,0.8542,230608,218410,CPFE3,2024-03-21,2024-03-21,2025-03-25,0.1200232490555071,0.03050221300066,0.089521036054847,False,True,True,True
18660,2023,2024,0.9631,218410,217483,CPFE3,2025-02-26,2025-02-26,2026-03-04,0.3541783510936624,0.4856805043508103,-0.1315021532571478,False,True,True,True
18724,2015,2016,0.6122,17727,69869,BRAP4,2017-03-21,2017-03-21,2018-03-29,0.509587728112675,0.3554312240464765,0.1541565040661985,False,True,True,True
18724,2016,2017,0.9367,69869,90033,BRAP4,2018-03-21,2018-03-21,2019-04-01,0.0248524389427791,0.1303636683938482,-0.1055112294510691,False,True,True,True
18724,2017,2018,0.8036,90033,92344,BRAP4,2019-03-28,2019-03-28,2020-04-01,-0.0431654678557456,-0.2481460221928544,0.2049805543371088,False,True,True,True
18724,2018,2019,0.8158,92344,76006,BRAP4,2020-03-26,2020-03-26,2021-04-05,1.3583245332348426,0.5122758225939992,0.8460487106408434,True,True,True,True
18724,2019,2020,0.8867,76006,69329,BRAP4,2021-03-25,2021-03-25,2022-03-30,0.3162109918807363,0.0572295887732647,0.2589814031074715,False,True,True,True
18724,2020,2021,0.9452,69329,64339,BRAP4,2022-03-29,2022-03-29,2023-03-30,-0.1764884568651276,-0.1358232948659312,-0.0406651619991963,False,True,True,True
18724,2021,2022,0.9589,64339,64426,BRAP4,2023-03-27,2023-03-27,2024-04-02,-0.1859198755348113,0.2797022026684534,-0.4656220782032648,False,True,True,True
18724,2022,2023,0.5236,64426,12052,BRAP4,2024-03-27,2024-03-27,2025-03-31,-0.1224889759921606,0.0201183140938621,-0.1426072900860228,False,True,True,True
18724,2023,2024,0.9308,12052,11290,BRAP4,2025-03-25,2025-03-25,2026-03-27,0.2217319360176504,0.3747250368352774,-0.152993100817627,False,True,True,True
18821,2015,2016,0.979,304976,325975,MOTV3,2017-03-06,2017-03-06,2018-03-14,-0.2972222222222221,0.29709350289269,-0.5943157251149122,True,True,True,True
19445,2015,2016,0.941,168385,162910,CSMG3,2017-03-09,2017-03-09,2018-03-19,0.0482057931258106,0.2992608371914134,-0.2510550440656027,False,True,True,True
19445,2016,2017,0.9347,162910,164794,CSMG3,2018-02-23,2018-02-23,2019-03-06,0.346024636135728,0.0793146181766193,0.2667100179591086,False,True,True,True
19445,2017,2018,0.9258,164794,187088,CSMG3,2019-02-28,2019-02-28,2020-03-06,-0.0960451975786923,0.0252386504694543,-0.1212838480481467,False,True,True,True
19445,2018,2019,0.9016,187088,222334,CSMG3,2020-03-19,2020-03-19,2021-03-26,0.1632974530944348,0.6797540822867243,-0.5164566291922894,True,True,True,True
19445,2019,2020,0.9399,222334,204242,CSMG3,2021-04-20,2021-04-20,2022-04-26,-0.1572026300059773,-0.0986917674777838,-0.0585108625281934,False,True,True,True
19445,2020,2021,0.9455,204242,210979,CSMG3,2022-06-13,2022-06-13,2023-06-16,0.6592592592592592,0.1575100065127861,0.5017492527464731,True,True,True,True
19445,2021,2022,0.9606,210979,196766,CSMG3,2023-03-21,2023-03-21,2024-03-26,0.3909626719056973,0.2560927613214225,0.1348699105842747,False,True,True,True
19453,2015,2016,0.9923,197825,215135,ECOR3,2017-02-20,2017-02-20,2018-03-02,-0.0316789862724393,0.2513900631025758,-0.2830690493750152,False,True,True,True
19453,2016,2017,0.8193,215135,196690,ECOR3,2018-02-28,2018-02-28,2019-03-11,0.0149253731343281,0.148476824466317,-0.1335514513319888,False,True,True,True
19453,2017,2018,0.945,196690,219762,ECOR3,2019-03-14,2019-03-14,2020-03-18,-0.0531400966183573,-0.3215843630935533,0.2684442664751959,False,True,True,True
19453,2018,2019,0.8833,219762,248648,ECOR3,2020-02-18,2020-02-18,2021-02-26,-0.3579743888242143,-0.0429835280529287,-0.3149908607712856,False,True,True,True
19453,2019,2020,0.9559,248648,233061,ECOR3,2021-03-10,2021-03-10,2022-03-15,-0.3971830985915493,-0.033847391419967,-0.3633357071715822,False,True,True,True
19453,2022,2023,0.8965,275777,245155,ECOR3,2024-03-13,2024-03-13,2025-03-17,-0.4084656084656084,0.0220920026826856,-0.430557611148294,False,True,True,True
19453,2023,2024,0.9217,245155,277132,ECOR3,2025-03-18,2025-03-18,2026-03-20,0.4174228675136116,0.3403290503049521,0.0770938172086594,False,True,True,True
19550,2017,2018,0.9648,255327,259633,NATU3,2019-02-28,2019-02-28,2020-03-06,0.6453079785035138,0.0252386504694543,0.6200693280340595,True,True,True,True
19550,2018,2019,0.9384,259633,254576,NATU3,2020-03-05,2020-03-05,2021-03-12,0.1845772455099981,0.1166666014562782,0.0679106440537198,False,True,True,True
19550,2019,2020,0.8813,254576,279718,NATU3,2021-03-31,2021-03-31,2022-04-05,-0.4212712920648109,0.019303422715146,-0.440574714779957,False,True,True,True
19550,2020,2021,0.9817,279718,280814,NATU3,2022-03-29,2022-03-29,2023-03-30,-0.4948148148148148,-0.1358232948659312,-0.3589915199488835,False,True,True,True
19550,2021,2022,0.9842,280814,263936,NATU3,2023-03-16,2023-03-16,2024-03-21,0.3564575645756456,0.2390292576975647,0.1174283068780808,False,True,True,True
19550,2022,2024,0.9189,263936,281121,NATU3,2025-03-13,2025-03-13,2026-03-17,-0.3097345132743363,0.4359589296506423,-0.7456934429249786,True,True,True,True
19739,2019,2020,0.5169,71966,193243,RENT3,2021-02-25,2021-02-25,2022-03-02,-0.0551286335699982,0.0259873917166029,-0.0811160252866011,False,True,True,True
19739,2023,2024,0.968,260488,251631,RENT3,2025-02-27,2025-02-27,2026-03-05,0.7629166535105723,0.4460364092777695,0.3168802442328027,False,True,True,True
19836,2015,2016,0.9749,207365,214117,CSAN3,2017-02-16,2017-02-16,2018-02-28,0.0228773584905659,0.2586381562338529,-0.2357607977432869,False,True,True,True
19836,2016,2017,0.6343,214117,93932,CSAN3,2018-03-26,2018-03-26,2019-04-04,0.034125676629795,0.1319248127758765,-0.0977991361460814,False,True,True,True
19836,2017,2018,0.6476,93932,179425,CSAN3,2019-02-14,2019-02-14,2020-02-19,0.8992974238875875,0.1887720554049383,0.7105253684826491,True,True,True,True
19836,2018,2019,0.9645,179425,193087,CSAN3,2020-02-14,2020-02-14,2021-02-24,0.0425634824667471,0.0112525976847492,0.0313108847819978,False,True,True,True
19879,2018,2019,0.9851,291970,286237,LIGT3,2020-03-12,2020-03-12,2021-03-19,0.3948905109489051,0.601233519966857,-0.2063430090179518,False,True,True,True
19879,2021,2022,0.9878,238176,240364,LIGT3,2023-03-28,2023-03-28,2024-04-03,1.2446351931330475,0.2582722414932872,0.9863629516397604,True,True,True,True
19879,2022,2023,0.9797,240364,264764,LIGT3,2024-03-25,2024-03-25,2025-03-27,0.0115830115830117,0.0489813912972094,-0.0373983797141976,False,True,True,True
19879,2023,2024,0.961,264764,379991,LIGT3,2025-03-28,2025-03-28,2026-04-01,0.1208791208791209,0.424941649940888,-0.3040625290617671,False,True,True,True
19992,2015,2016,0.9514,109906,116359,TOTS3,2017-02-22,2017-02-22,2018-03-06,0.21400000044856,0.2487765264533736,-0.0347765260048136,False,True,True,True
19992,2016,2017,0.9596,116359,116957,TOTS3,2018-02-07,2018-02-07,2019-02-18,0.1414141414141414,0.1660469128114643,-0.0246327713973228,False,True,True,True
19992,2017,2018,0.9584,116957,128921,TOTS3,2019-02-13,2019-02-13,2020-02-18,1.5974842764150945,0.199649633147751,1.3978346432673434,True,True,True,True
19992,2018,2019,0.8989,128921,123534,TOTS3,2020-02-12,2020-02-12,2021-02-22,0.2815051022042738,-0.0343383835829889,0.3158434857872627,False,True,True,True
19992,2019,2020,0.8872,123534,213703,TOTS3,2022-02-16,2022-02-16,2023-02-17,-0.0561576354679803,-0.0521269359212612,-0.004030699546719,False,True,True,True
19992,2020,2021,0.9359,213703,181205,TOTS3,2022-02-16,2022-02-16,2023-02-17,-0.0561576354679803,-0.0521269359212612,-0.004030699546719,False,True,True,True
19992,2021,2022,0.818,181205,172361,TOTS3,2023-02-14,2023-02-14,2024-02-22,0.0650134048257373,0.207621576909379,-0.1426081720836416,False,True,True,True
19992,2022,2023,0.9534,172361,170859,TOTS3,2024-02-07,2024-02-07,2025-02-10,0.0316590563165906,-0.0336905992232391,0.0653496555398297,False,True,True,True
19992,2023,2024,0.9128,170859,168984,TOTS3,2025-02-12,2025-02-12,2026-02-18,0.161875945537065,0.4955458750230441,-0.333669929485979,False,True,True,True
20010,2015,2016,0.7845,278708,284258,EQTL3,2017-09-23,2017-09-25,2018-10-03,-0.0319253431564363,0.1186124023218688,-0.1505377454783052,False,True,True,True
20010,2016,2017,0.9496,284258,325960,EQTL3,2018-03-09,2018-03-09,2019-03-20,0.1331938633438969,0.1351136909771415,-0.0019198276332446,False,True,True,True
20010,2017,2018,0.8742,325960,340185,EQTL3,2019-04-12,2019-04-12,2020-04-17,0.2069622669560882,-0.1494988963660835,0.3564611633221717,False,True,True,True
20087,2016,2017,0.9963,322208,316644,EMBJ3,2018-03-08,2018-03-08,2019-03-19,-0.0621686746987951,0.1718400543345435,-0.2340087290333387,False,True,True,True
20087,2023,2024,0.9868,257269,269817,EMBJ3,2025-02-27,2025-02-27,2026-03-05,0.2650217706821478,0.4460364092777695,-0.1810146385956217,False,True,True,True
20257,2017,2018,0.9466,227939,248703,TAEE11,2019-04-11,2019-04-11,2020-04-16,0.0675889328063241,-0.1788074892327239,0.2463964220390481,False,True,True,True
20257,2018,2019,0.9426,248703,263475,TAEE11,2020-03-12,2020-03-12,2021-03-19,0.2906685734715768,0.601233519966857,-0.3105649464952802,False,True,True,True
20257,2019,2020,0.9076,263475,254827,TAEE11,2021-03-03,2021-03-03,2022-03-08,0.3008130081300812,0.0001753850263459,0.3006376231037353,False,True,True,True
20257,2020,2021,0.933,254827,224490,TAEE11,2022-02-18,2022-02-18,2023-02-23,-0.0543766578249338,-0.0468372344577,-0.0075394233672337,False,True,True,True
20257,2021,2022,0.9642,224490,224521,TAEE11,2023-03-15,2023-03-15,2024-03-20,-0.0348993288590603,0.2576017928336327,-0.292501121692693,False,True,True,True
20257,2022,2023,0.9649,224521,228647,TAEE11,2024-03-06,2024-03-06,2025-03-10,-0.0320531331215708,-0.0339114143872657,0.0018582812656948,False,True,True,True
20257,2023,2024,0.9616,228647,241460,TAEE11,2025-03-18,2025-03-18,2026-03-20,0.1883003492433062,0.3403290503049521,-0.1520287010616459,False,True,True,True
20362,2018,2019,0.0619,204393,248272,POSI3,2020-03-04,2020-03-04,2021-03-11,-0.3432835820895522,0.0723676185040316,-0.4156512005935838,False,True,True,True
20494,2015,2016,0.9907,146982,149845,IGTA3,2017-02-21,2017-02-21,2018-03-05,0.2333540759178594,0.2457684800531541,-0.0124144041352947,False,True,True,True
20494,2016,2017,0.9496,149845,164337,IGTA3,2018-02-27,2018-02-27,2019-03-08,0.0478589420654911,0.0969617223999785,-0.0491027803344874,False,True,True,True
20494,2017,2018,0.951,164337,172716,IGTA3,2019-02-26,2019-02-26,2020-03-04,0.2095216191352347,0.0985804666888654,0.1109411524463692,False,True,True,True
20494,2018,2019,0.6071,172716,36811,IGTA3,2020-02-18,2020-02-18,2021-02-26,-0.429062613101701,-0.0429835280529287,-0.3860790850487723,False,True,True,True
20516,2015,2016,0.9679,56482,54281,SMTO3,2016-06-06,2016-06-06,2017-06-08,-0.0390050876201244,0.2443650633132268,-0.2833701509333513,False,True,True,True
20516,2016,2017,0.7684,54281,57811,SMTO3,2017-06-26,2017-06-26,2018-07-03,0.1127914303717707,0.1845957963976703,-0.0718043660258995,False,True,True,True
20516,2019,2020,0.4836,158268,70500,SMTO3,2020-06-29,2020-06-29,2021-07-05,0.8683683683683683,0.3257386117040362,0.5426297566643321,True,True,True,True
20516,2020,2021,0.4578,70500,106939,SMTO3,2021-06-21,2021-06-21,2022-06-24,0.0457793066948928,-0.2366666109671175,0.2824459176620103,False,True,True,True
20516,2021,2022,0.3423,106939,115479,SMTO3,2022-06-20,2022-06-20,2023-06-22,-0.1357466063348417,0.1910968429787605,-0.3268434493136022,False,True,True,True
20516,2022,2023,0.603,115479,114906,SMTO3,2023-06-19,2023-06-19,2024-06-21,-0.1372601279317699,0.0123760864544775,-0.1496362143862474,False,True,True,True
20516,2023,2024,0.3593,114906,92379,SMTO3,2024-06-17,2024-06-17,2025-06-20,-0.3739967897271268,0.150900561752578,-0.5248973514797048,True,True,True,True
20524,2015,2016,0.7477,87446,231817,EVEN3,2017-03-22,2017-03-22,2018-04-02,0.0744680851063828,0.3328818315230757,-0.2584137464166929,False,True,True,True
20524,2016,2017,0.9145,231817,119962,EVEN3,2018-03-26,2018-03-26,2019-04-04,0.0830324909747293,0.1319248127758765,-0.0488923218011472,False,True,True,True
20524,2017,2018,0.5221,119962,75383,EVEN3,2019-03-28,2019-03-28,2020-04-01,-0.075,-0.2481460221928544,0.1731460221928543,False,True,True,True
20524,2020,2021,0.9547,55452,51598,EVEN3,2022-03-22,2022-03-22,2023-03-23,-0.284090909090909,-0.164967148291619,-0.1191237607992899,False,True,True,True
20524,2021,2022,0.964,51598,75018,EVEN3,2023-03-28,2023-03-28,2024-04-03,0.872767857142857,0.2582722414932872,0.6144956156495698,True,True,True,True
20524,2022,2023,0.5171,75018,154492,EVEN3,2024-03-21,2024-03-21,2025-03-25,-0.2054631828978621,0.03050221300066,-0.2359653958985221,False,True,True,True
20524,2023,2024,0.8706,154492,170053,EVEN3,2025-03-27,2025-03-27,2026-03-31,0.0947368421052632,0.4079128793924089,-0.3131760372871457,False,True,True,True
20745,2019,2020,0.4126,97670,193645,SLCE3,2021-03-17,2021-03-17,2022-03-22,0.290627996046972,0.0062033760093571,0.2844246200376148,False,True,True,True
20745,2020,2021,0.9389,193645,227183,SLCE3,2022-03-15,2022-03-15,2023-03-16,-0.0871212123211971,-0.050703703125846,-0.0364175091953511,False,True,True,True
20745,2021,2022,0.9209,227183,203893,SLCE3,2023-03-31,2023-03-31,2024-04-08,-0.0643123489478428,0.2647661711270468,-0.3290785200748897,False,True,True,True
20745,2022,2023,0.9635,203893,204503,SLCE3,2024-04-12,2024-04-12,2025-04-15,0.097837837931848,0.0261961288357581,0.0716417090960899,False,True,True,True
20745,2023,2024,0.9795,204503,236835,SLCE3,2025-03-25,2025-03-25,2026-03-27,0.1384364823164567,0.3747250368352774,-0.2362885545188207,False,True,True,True
20770,2015,2016,0.9745,76418,78661,EZTC3,2017-03-20,2017-03-20,2018-03-28,0.1212582449878816,0.2926727849446409,-0.1714145399567592,False,True,True,True
20770,2016,2017,0.9854,78661,83838,EZTC3,2018-03-16,2018-03-16,2019-03-27,0.0819327733241999,0.0826623980638612,-0.0007296247396613,False,True,True,True
20770,2017,2018,0.9087,83838,82093,EZTC3,2019-03-22,2019-03-22,2020-03-26,0.7710010029392862,-0.1709656409575275,0.9419666438968136,True,True,True,True
20770,2021,2022,0.9529,79578,82585,EZTC3,2023-09-18,2023-09-18,2024-09-19,-0.3331795108509842,0.1254094554309344,-0.4585889662819186,False,True,True,True
20770,2022,2023,0.9464,82585,80812,EZTC3,2024-03-18,2024-03-18,2025-03-20,-0.064652567548733,0.0393899594326079,-0.1040425269813409,False,True,True,True
20770,2023,2024,0.9517,80812,86871,EZTC3,2025-03-13,2025-03-13,2026-03-17,0.2945186370527823,0.4359589296506423,-0.1414402925978599,False,True,True,True
20788,2015,2016,0.9816,285466,325031,MBRF3,2017-02-23,2017-02-23,2018-03-07,-0.0540098199672668,0.2671477714882542,-0.321157591455521,False,True,True,True
20788,2016,2017,0.9669,325031,265489,MBRF3,2018-03-27,2018-03-27,2019-04-05,0.1829484902309057,0.158697404366287,0.0242510858646187,False,True,True,True
20788,2019,2020,0.9757,218863,233895,MBRF3,2021-04-08,2021-04-08,2022-04-12,0.1445118587975733,-0.018310462828206,0.1628223216257793,False,True,True,True
20788,2020,2021,0.972,233895,242469,MBRF3,2022-03-08,2022-03-08,2023-03-09,-0.6784080512351327,-0.055144512153175,-0.6232635390819576,True,True,True,True
20788,2021,2022,0.8915,242469,305067,MBRF3,2023-03-01,2023-03-01,2024-03-06,0.4725808882788544,0.2347620584516865,0.2378188298271679,False,True,True,True
20788,2022,2023,0.9668,305067,312502,MBRF3,2024-03-27,2024-03-27,2025-03-31,0.9759299781181616,0.0201183140938621,0.9558116640242996,True,True,True,True
20788,2023,2024,0.9791,312502,305504,MBRF3,2025-02-26,2025-02-26,2026-03-04,0.3984206748025845,0.4856805043508103,-0.0872598295482258,False,True,True,True
20915,2018,2019,0.3238,30012,188638,MRVE3,2020-03-02,2020-03-02,2021-03-09,-0.1816770186335403,0.0441285097171968,-0.2258055283507372,False,True,True,True
20915,2021,2022,0.847,228525,244689,MRVE3,2023-07-06,2023-07-06,2024-07-10,-0.4539829853054911,0.0833934990381153,-0.5373764843436064,True,True,True,True
20915,2022,2023,0.9587,244689,230464,MRVE3,2024-02-29,2024-02-29,2025-02-28,-0.4081364829396325,-0.048216780620558,-0.3599197023190745,False,True,True,True
20915,2023,2024,0.9656,230464,230495,MRVE3,2025-02-24,2025-02-24,2026-03-02,0.8710280373831776,0.509608745932461,0.3614192914507166,False,True,True,True
20931,2021,2022,0.9841,201620,209217,BEEF3,2023-02-23,2023-02-23,2024-02-29,-0.4228813559322033,0.1991502782665803,-0.6220316341987837,True,True,True,True
20931,2022,2023,0.989,209217,213742,BEEF3,2024-03-25,2024-03-25,2025-03-27,-0.1592797783933518,0.0489813912972094,-0.2082611696905613,False,True,True,True
20982,2016,2017,0.9941,228745,247081,MULT3,2018-02-28,2018-02-28,2019-03-11,0.0632478632478632,0.148476824466317,-0.0852289612184538,False,True,True,True
20982,2017,2018,0.9188,247081,345172,MULT3,2019-02-21,2019-02-21,2020-02-28,0.2281690140845069,0.0746844162423927,0.1534845978421142,False,True,True,True
20982,2018,2019,0.9972,345172,353296,MULT3,2020-02-17,2020-02-17,2021-02-25,-0.3987951807228915,-0.0264744066166504,-0.3723207741062411,False,True,True,True
20982,2019,2020,0.9966,353296,353263,MULT3,2021-02-11,2021-02-11,2022-02-16,0.0444964871194379,-0.0345254473539484,0.0790219344733864,False,True,True,True
20982,2020,2021,0.9986,353263,355992,MULT3,2022-02-10,2022-02-10,2023-02-13,0.0984141791044774,-0.0399699138476482,0.1383840929521257,False,True,True,True
20982,2021,2022,0.9969,355992,341236,MULT3,2023-02-09,2023-02-09,2024-02-19,0.1162991785559879,0.1946863219917405,-0.0783871434357526,False,True,True,True
20982,2022,2023,0.997,341236,324339,MULT3,2024-02-08,2024-02-08,2025-02-11,-0.1768807339449541,-0.0132218119106276,-0.1636589220343265,False,True,True,True
20982,2023,2024,0.9973,324339,325936,MULT3,2025-02-06,2025-02-06,2026-02-10,0.5107816711590296,0.4730022814861807,0.0377793896728488,False,True,True,True
20990,2020,2021,0.7195,148405,207710,AMER3,2022-02-24,2022-02-24,2023-03-01,-0.9688741721854304,-0.0645853501693268,-0.9042888220161036,True,True,True,True
20990,2021,2022,0.7884,207710,291459,AMER3,2023-11-16,2023-11-16,2024-11-14,-0.8892941176470588,0.0252918743727899,-0.9145859920198488,True,True,True,True
21016,2017,2018,0.8071,162509,171186,YDUQ3,2019-03-14,2019-03-14,2020-03-18,-0.1535971223021582,-0.3215843630935533,0.167987240791395,False,True,True,True
21016,2018,2019,0.9602,171186,159441,YDUQ3,2020-03-23,2020-03-23,2021-03-30,0.3352380952380951,0.8381369905939346,-0.5028988953558395,False,True,True,True
21016,2019,2020,0.6137,159441,184640,YDUQ3,2021-03-17,2021-03-17,2022-03-22,-0.3572923935799023,0.0062033760093571,-0.3634957695892594,False,True,True,True
21016,2020,2021,0.9621,184640,183354,YDUQ3,2022-03-15,2022-03-15,2023-03-16,-0.5982532751091703,-0.050703703125846,-0.5475495719833242,True,True,True,True
21016,2021,2022,0.9371,183354,175955,YDUQ3,2023-03-15,2023-03-15,2024-03-20,1.6222826086956523,0.2576017928336327,1.3646808158620196,True,True,True,True
21016,2022,2023,0.9689,175955,177752,YDUQ3,2024-03-14,2024-03-14,2025-03-18,-0.4314002828854314,0.0296402293774522,-0.4610405122628837,False,True,True,True
21016,2023,2024,0.9551,177752,186030,YDUQ3,2025-04-24,2025-04-24,2026-04-28,-0.3283683141503046,0.4015313370599278,-0.7298996512102325,True,True,True,True
21091,2015,2016,0.9825,139892,150339,DXCO3,2017-02-08,2017-02-08,2018-02-20,0.4409638553300155,0.323412055759662,0.1175517995703534,False,True,True,True
21091,2016,2017,0.9773,150339,168382,DXCO3,2018-02-05,2018-02-05,2019-02-14,0.2279116465979573,0.1973342890987648,0.0305773574991925,False,True,True,True
21091,2017,2018,0.9854,168382,178255,DXCO3,2019-02-13,2019-02-13,2020-02-18,0.4656301144951345,0.199649633147751,0.2659804813473834,False,True,True,True
21091,2018,2019,0.9513,178255,173990,DXCO3,2020-02-12,2020-02-12,2021-02-22,0.1259124084928711,-0.0343383835829889,0.16025079207586,False,True,True,True
21091,2019,2020,0.9885,173990,180750,DXCO3,2021-02-08,2021-02-08,2022-02-11,-0.311726078778737,-0.0511628757967242,-0.2605632029820127,False,True,True,True
21091,2020,2021,0.2604,180750,171055,DXCO3,2022-02-09,2022-02-09,2023-02-10,-0.4559309851030723,-0.0389744426953997,-0.4169565424076725,False,True,True,True
21091,2021,2022,0.9857,171055,187329,DXCO3,2023-03-08,2023-03-08,2024-03-13,0.3024691357875324,0.2014798716579788,0.1009892641295535,False,True,True,True
21091,2022,2023,0.9929,187329,193791,DXCO3,2024-03-06,2024-03-06,2025-03-10,-0.2771535580435317,-0.0339114143872657,-0.2432421436562659,False,True,True,True
21091,2023,2024,0.9914,193791,217643,DXCO3,2025-03-12,2025-03-12,2026-03-16,-0.0703398927453018,0.4522069859159479,-0.5225468786612497,True,True,True,True
21237,2015,2016,0.9354,199633,210225,ENEV3,2017-09-16,2017-09-18,2018-09-26,-0.1133333333333332,0.0350800844474981,-0.1484134177808314,False,True,True,True
21237,2018,2019,0.9048,202899,193041,ENEV3,2020-04-10,2020-04-13,2021-04-20,0.8452689099798674,0.5229370354744836,0.3223318745053838,False,True,True,True
21237,2019,2020,0.8604,193041,172423,ENEV3,2021-03-10,2021-03-10,2022-03-15,-0.2418465416732315,-0.033847391419967,-0.2079991502532644,False,True,True,True
21237,2020,2021,0.9744,172423,195513,ENEV3,2022-03-21,2022-03-21,2023-03-22,-0.2120985810306198,-0.1371784638963283,-0.0749201171342914,False,True,True,True
21350,2015,2016,0.9575,82902,83855,DIRR3,2017-03-20,2017-03-20,2018-03-28,0.0170940169230768,0.2926727849446409,-0.275578768021564,False,True,True,True
21350,2016,2017,0.3021,83855,229567,DIRR3,2018-03-26,2018-03-26,2019-04-04,0.4146341463414635,0.1319248127758765,0.282709333565587,False,True,True,True
21350,2017,2018,0.2191,229567,69039,DIRR3,2019-03-11,2019-03-11,2020-03-13,0.3595505615326346,-0.1565769583813049,0.5161275199139396,True,True,True,True
21350,2018,2019,0.9468,69039,47490,DIRR3,2020-03-09,2020-03-09,2021-03-16,-0.0494672755707762,0.3247646025431292,-0.3742318781139054,False,True,True,True
21350,2019,2020,0.4956,47490,63909,DIRR3,2021-03-15,2021-03-15,2022-03-18,-0.1996939556082865,0.0040066785812611,-0.2037006341895476,False,True,True,True
21350,2020,2021,0.3238,63909,167901,DIRR3,2022-03-14,2022-03-14,2023-03-15,0.4892086329596035,-0.0659722279077814,0.5551808608673849,True,True,True,True
21350,2021,2022,0.8724,167901,216253,DIRR3,2023-10-26,2023-10-26,2024-10-28,0.7234762978711358,0.143197156639413,0.5802791412317228,True,True,True,True
21350,2022,2023,0.5173,216253,169927,DIRR3,2024-03-11,2024-03-11,2025-03-13,0.1818181817304174,-0.0038569320434659,0.1856751137738833,False,True,True,True
21350,2023,2024,0.8706,169927,184632,DIRR3,2025-03-10,2025-03-10,2026-03-12,0.3909724531666023,0.4398119393141853,-0.0488394861475829,False,True,True,True
21431,2015,2016,0.9646,163056,167185,HYPE3,2017-02-17,2017-02-17,2018-03-01,0.2840366972477064,0.2602181718776615,0.0238185253700449,False,True,True,True
21431,2016,2017,0.7905,167185,190590,HYPE3,2018-02-23,2018-02-23,2019-03-06,-0.2797619047619049,0.0793146181766193,-0.3590765229385242,False,True,True,True
21431,2017,2018,0.7408,190590,187252,HYPE3,2019-02-21,2019-02-21,2020-02-28,0.1868512110726645,0.0746844162423927,0.1121667948302718,False,True,True,True
21431,2018,2019,0.9499,187252,168298,HYPE3,2020-03-06,2020-03-06,2021-03-15,-0.1963654719838465,0.1719849541979801,-0.3683504261818267,False,True,True,True
21431,2019,2020,0.9733,168298,175869,HYPE3,2021-02-26,2021-02-26,2022-03-03,0.0164734594264797,0.0466249109262066,-0.0301514514997269,False,True,True,True
21431,2020,2021,0.9468,175869,188192,HYPE3,2022-02-24,2022-02-24,2023-03-01,0.2663393679042649,-0.0645853501693268,0.3309247180735918,False,True,True,True
21431,2021,2022,0.9626,188192,187877,HYPE3,2023-02-16,2023-02-16,2024-02-26,-0.2823224692423915,0.1788914755179711,-0.4612139447603627,False,True,True,True
21431,2022,2023,0.964,187877,188791,HYPE3,2024-03-13,2024-03-13,2025-03-17,-0.3968860164512338,0.0220920026826856,-0.4189780191339194,False,True,True,True
21431,2023,2024,0.9753,188791,189007,HYPE3,2025-03-20,2025-03-20,2026-03-24,0.1797829149875236,0.3831175651680993,-0.2033346501805757,False,True,True,True
21881,2018,2019,0.8572,134395,114204,FLRY3,2020-02-19,2020-02-19,2021-03-01,-0.189746795642108,-0.0530629707443339,-0.1366838248977741,False,True,True,True
21881,2021,2022,0.8953,125812,134847,FLRY3,2023-03-16,2023-03-16,2024-03-21,0.0754716983668566,0.2390292576975647,-0.1635575593307081,False,True,True,True
21881,2022,2023,0.7913,134847,134524,FLRY3,2024-03-07,2024-03-07,2025-03-11,-0.3156549520766772,-0.0376532572602597,-0.2780016948164175,False,True,True,True
21881,2023,2024,0.9088,134524,130569,FLRY3,2025-02-27,2025-02-27,2026-03-05,0.4415467625899283,0.4460364092777695,-0.0044896466878412,False,True,True,True
22187,2015,2016,0.5389,97150,28834,PRIO3,2017-03-28,2017-03-28,2018-04-06,0.3201970443349753,0.3121879566123071,0.0080090877226681,False,True,True,True
22187,2016,2017,0.6098,28834,102212,PRIO3,2020-11-03,2020-11-03,2021-11-10,2.9639222941720638,0.1040615771812603,2.859860716990803,True,True,True,True
22349,2015,2016,0.9602,125951,119775,AZZA3,2017-03-08,2017-03-08,2018-03-16,0.6128617363344049,0.3116359245848374,0.3012258117495674,False,True,True,True
22349,2016,2017,0.7327,119775,155461,AZZA3,2018-03-07,2018-03-07,2019-03-18,-0.0031954887218045,0.1697445882862842,-0.1729400770080887,False,True,True,True
22349,2017,2018,0.4923,155461,155515,AZZA3,2019-02-20,2019-02-20,2020-02-27,0.1043895241608263,0.0666912079478949,0.0376983162129314,False,True,True,True
22349,2018,2019,0.9885,155515,158551,AZZA3,2020-05-08,2020-05-08,2021-05-14,1.0105515587529976,0.518511499956082,0.4920400587969156,True,True,True,True
22349,2021,2022,0.9266,240208,250988,AZZA3,2023-04-17,2023-04-17,2024-04-22,-0.2180584243139569,0.1844773513198567,-0.4025357756338137,False,True,True,True
22349,2022,2023,0.9079,250988,242411,AZZA3,2024-03-07,2024-03-07,2025-03-11,-0.5498978201634878,-0.0376532572602597,-0.5122445629032281,False,True,True,True
22470,2018,2019,0.2396,176539,73238,MGLU3,2020-02-17,2020-02-17,2021-02-25,0.6353440946816176,-0.0264744066166504,0.661818501298268,True,True,True,True
22470,2019,2020,0.4697,73238,202003,MGLU3,2021-03-08,2021-03-08,2022-03-11,-0.7536796536665851,0.0099581797855161,-0.7636378334521012,True,True,True,True
22470,2020,2021,0.8512,202003,205280,MGLU3,2022-03-14,2022-03-14,2023-03-15,-0.2851782363330336,-0.0659722279077814,-0.2192060084252521,False,True,True,True
23264,2020,2021,0.9915,307327,309775,ABEV3,2022-02-24,2022-02-24,2023-03-01,-0.0923180592991913,-0.0645853501693268,-0.0277327091298644,False,True,True,True
23264,2021,2022,0.9904,309775,334134,ABEV3,2023-03-02,2023-03-02,2024-03-07,-0.0365575019040366,0.2420905136683924,-0.278648015572429,False,True,True,True
23264,2022,2023,0.9814,334134,333729,ABEV3,2024-02-29,2024-02-29,2025-02-28,-0.0286168521462638,-0.048216780620558,0.0195999284742941,False,True,True,True
23272,2015,2016,0.973,99236,108879,LOGG3,2019-10-10,2019-10-10,2020-10-16,0.31890756302521,-0.0344537410709989,0.353361304096209,False,True,True,True
23272,2016,2017,0.9792,108879,110783,LOGG3,2018-12-16,2018-12-21,2020-01-02,0.8485714285714288,0.3836294439196637,0.464941984651765,True,True,True,True
23310,2015,2016,0.9517,134257,160177,CVCB3,2017-02-15,2017-02-15,2018-02-27,0.9982206405357932,0.2789216362699664,0.7192990042658267,True,True,True,True
23310,2016,2017,0.1782,160177,27424,CVCB3,2018-02-08,2018-02-08,2019-02-19,0.1320651180994549,0.1977936904447832,-0.0657285723453282,False,True,True,True
23310,2017,2018,0.6233,27424,194984,CVCB3,2019-02-26,2019-02-26,2020-03-04,-0.6301484075701469,0.0985804666888654,-0.7287288742590123,True,True,True,True
23310,2018,2019,0.8582,194984,254857,CVCB3,2020-09-01,2020-09-01,2021-09-09,0.1241977832254861,0.1291335022061788,-0.0049357189806926,False,True,True,True
23310,2019,2020,0.7503,254857,186458,CVCB3,2021-03-26,2021-03-26,2022-03-31,-0.0828851189869709,0.0454659506108261,-0.128351069597797,False,True,True,True
23310,2020,2021,0.9591,186458,160966,CVCB3,2022-03-15,2022-03-15,2023-03-16,-0.6709613478691774,-0.050703703125846,-0.6202576447433313,True,True,True,True
23310,2021,2022,0.9528,160966,148084,CVCB3,2023-03-21,2023-03-21,2024-03-26,0.0062111801242235,0.2560927613214225,-0.249881581197199,False,True,True,True
23310,2022,2023,0.9688,148084,153258,CVCB3,2024-03-26,2024-03-26,2025-03-28,-0.3024691358024692,0.0397212678682881,-0.3421904036707573,False,True,True,True
23310,2023,2024,0.9012,153258,130346,CVCB3,2025-03-26,2025-03-26,2026-03-30,-0.1630901287553648,0.3772616177693826,-0.5403517465247475,True,True,True,True
24260,2016,2017,0.9849,144683,148703,SMFT3,2018-05-30,2021-07-14,2022-07-18,-0.662903225825346,-0.2452397468009993,-0.4176634790243466,False,True,True,True
24260,2021,2022,0.9384,185825,159384,SMFT3,2023-05-30,2023-05-30,2024-06-04,0.265033407396003,0.1177881970353784,0.1472452103606245,False,True,True,True
24260,2022,2023,0.9263,159384,187207,SMFT3,2024-03-14,2024-03-14,2025-03-18,-0.2131276854888253,0.0296402293774522,-0.2427679148662775,False,True,True,True
24260,2023,2024,0.9653,187207,191667,SMFT3,2025-03-13,2025-03-13,2026-03-17,-0.0229077403262299,0.4359589296506423,-0.4588666699768723,False,True,True,True
24295,2016,2017,0.8197,134333,136177,VBBR3,2018-03-16,2018-03-16,2019-03-27,0.0358565737542944,0.0826623980638612,-0.0468058243095668,False,True,True,True
24295,2017,2018,0.8079,136177,156458,VBBR3,2019-02-26,2019-02-26,2020-03-04,0.0750507097055801,0.0985804666888654,-0.0235297569832853,False,True,True,True
24295,2018,2019,0.9598,156458,142984,VBBR3,2020-03-12,2020-03-12,2021-03-19,0.1784599377123314,0.601233519966857,-0.4227735822545255,False,True,True,True
24295,2019,2020,0.8445,142984,158698,VBBR3,2021-03-09,2021-03-09,2022-03-14,0.1113412742224884,-0.0126021035362957,0.1239433777587841,False,True,True,True
24295,2020,2021,0.6528,158698,164019,VBBR3,2022-03-22,2022-03-22,2023-03-23,-0.4625935162194678,-0.164967148291619,-0.2976263679278488,False,True,True,True
24295,2021,2022,0.822,164019,195753,VBBR3,2023-03-21,2023-03-21,2024-03-26,0.76140350810995,0.2560927613214225,0.5053107467885274,True,True,True,True
24295,2022,2024,0.9268,195753,210145,VBBR3,2025-02-24,2025-02-24,2026-03-02,0.8834476514733913,0.509608745932461,0.3738389055409303,False,True,True,True
24392,2018,2019,0.6095,131628,64376,HAPV3,2020-03-26,2020-03-26,2021-04-05,0.465568565037517,0.5122758225939992,-0.0467072575564821,False,True,True,True
24392,2019,2020,0.6718,64376,209059,HAPV3,2021-03-23,2021-03-23,2022-03-28,-0.2339449539100032,0.0483479866998404,-0.2822929406098436,False,True,True,True
24392,2020,2021,0.8378,209059,217573,HAPV3,2022-03-23,2022-03-23,2023-03-24,-0.8121869782971619,-0.1585943458280256,-0.6535926324691362,True,True,True,True
24392,2021,2022,0.7781,217573,264223,HAPV3,2023-02-28,2023-02-28,2024-03-05,-0.1648106904231626,0.2207734099620584,-0.385584100385221,False,True,True,True
24392,2022,2023,0.8746,264223,324172,HAPV3,2024-05-13,2024-05-13,2025-05-16,-0.3002481389578164,0.0860880814521254,-0.3863362204099418,False,True,True,True
24392,2023,2024,0.9527,324172,281857,HAPV3,2025-03-19,2025-03-19,2026-03-23,-0.7215325309664897,0.3729836097245118,-1.0945161406910016,True,True,True,True
24716,2019,2020,0.8816,211781,212272,VAMO3,2021-02-25,2021-02-25,2022-03-02,0.3165151071084078,0.0259873917166029,0.2905277153918049,False,True,True,True
24716,2020,2021,0.9729,212272,253353,VAMO3,2022-02-17,2022-02-17,2023-02-22,0.1971830983211899,-0.0561659065637097,0.2533490048848997,False,True,True,True
24716,2021,2022,0.9775,253353,285198,VAMO3,2023-02-13,2023-02-13,2024-02-21,-0.401536312806981,0.1947427181348311,-0.5962790309418121,True,True,True,True
24716,2022,2023,0.9822,285198,299377,VAMO3,2024-03-18,2024-03-18,2025-03-20,-0.4441002760980574,0.0393899594326079,-0.4834902355306654,False,True,True,True
24716,2023,2024,0.9628,299377,260804,VAMO3,2025-03-28,2025-03-28,2026-04-01,-0.189342286045034,0.424941649940888,-0.614283935985922,True,True,True,True
24805,2019,2020,0.7618,84383,91199,VIVA3,2021-03-17,2021-03-17,2022-03-22,0.090909090909091,0.0062033760093571,0.0847057148997338,False,True,True,True
24805,2020,2021,0.9157,91199,86379,VIVA3,2022-03-17,2022-03-17,2023-03-20,-0.1041162227602906,-0.1074799650819937,0.0033637423217031,False,True,True,True
24805,2021,2022,0.962,86379,90197,VIVA3,2023-03-16,2023-03-16,2024-03-21,0.108363309352518,0.2390292576975647,-0.1306659483450467,False,True,True,True
24805,2022,2023,0.9678,90197,88530,VIVA3,2024-03-20,2024-03-20,2025-03-24,-0.2955904334828101,0.0170115228806109,-0.312601956363421,False,True,True,True
24805,2023,2024,0.9216,88530,104463,VIVA3,2025-03-18,2025-03-18,2026-03-20,0.4352215367358385,0.3403290503049521,0.0948924864308864,False,True,True,True
24821,2020,2021,0.9631,229665,229826,RDOR3,2022-03-29,2022-03-29,2023-03-30,-0.5679611650485437,-0.1358232948659312,-0.4321378701826124,False,True,True,True
24821,2021,2022,0.9201,229826,288032,RDOR3,2023-03-27,2023-03-27,2024-04-02,0.1936251189343483,0.2797022026684534,-0.0860770837341051,False,True,True,True
24821,2022,2023,0.9641,288032,329875,RDOR3,2024-03-26,2024-03-26,2025-03-28,0.1174873982163628,0.0397212678682881,0.0777661303480747,False,True,True,True
24821,2023,2024,0.9914,329875,346702,RDOR3,2025-03-10,2025-03-10,2026-03-12,0.3485342019543973,0.4398119393141853,-0.0912777373597879,False,True,True,True
24848,2018,2019,0.9068,170491,158338,CEAB3,2020-03-23,2020-03-23,2021-03-30,0.9216666666666666,0.8381369905939346,0.0835296760727319,False,True,True,True
24848,2019,2020,0.9705,158338,166342,CEAB3,2021-03-18,2021-03-18,2022-03-23,-0.5089201877934272,0.0228318908197584,-0.5317520786131856,True,True,True,True
24848,2020,2021,0.9528,166342,189802,CEAB3,2022-03-10,2022-03-10,2023-03-13,-0.3126385809312638,-0.0927457302997023,-0.2198928506315615,False,True,True,True
24910,2018,2019,0.9697,184589,136793,LWSA3,2020-03-25,2020-03-25,2021-04-01,5.484807562457799,0.5376216870874304,4.947185875370368,True,True,True,True
24910,2019,2020,0.9494,136793,152848,LWSA3,2021-03-24,2021-03-24,2022-03-29,-0.5825726141078837,0.0709413060496846,-0.6535139201575684,True,True,True,True
24910,2020,2021,0.8221,152848,182097,LWSA3,2022-03-29,2022-03-29,2023-03-30,-0.5159045725646123,-0.1358232948659312,-0.380081277698681,False,True,True,True
24910,2021,2022,0.969,182097,162672,LWSA3,2023-03-23,2023-03-23,2024-03-28,0.1428571428571428,0.3081883791429354,-0.1653312362857926,False,True,True,True
24910,2022,2023,0.9633,162672,161548,LWSA3,2024-03-20,2024-03-20,2025-03-24,-0.563973063973064,0.0170115228806109,-0.5809845868536749,True,True,True,True
24910,2023,2024,0.7823,161548,151375,LWSA3,2025-03-13,2025-03-13,2026-03-17,0.3393501805054151,0.4359589296506423,-0.0966087491452272,False,True,True,True
24929,2018,2019,0.9493,168632,181852,TIMS3,2020-03-06,2020-03-06,2021-03-15,-0.1912936848559165,0.1719849541979801,-0.3632786390538967,False,True,True,True
24929,2019,2020,0.9422,181852,199087,TIMS3,2021-02-09,2021-02-09,2022-02-14,0.0146198830409356,-0.0466422904452119,0.0612621734861476,False,True,True,True
24929,2020,2021,0.9349,199087,214990,TIMS3,2022-02-25,2022-02-25,2023-03-02,-0.112417340191036,-0.0867611957157531,-0.0256561444752828,False,True,True,True
24929,2021,2022,0.9061,214990,241664,TIMS3,2023-02-09,2023-02-09,2024-02-19,0.6170212765957446,0.1946863219917405,0.422334954604004,False,True,True,True
24929,2022,2023,0.9615,241664,238813,TIMS3,2024-02-06,2024-02-06,2025-02-07,-0.1378169790518192,-0.044449271720692,-0.0933677073311272,False,True,True,True
24929,2023,2024,0.9749,238813,213057,TIMS3,2025-02-10,2025-02-10,2026-02-12,0.7871130764371446,0.4952911804010791,0.2918218960360654,False,True,True,True
25100,2019,2020,0.9534,125374,142105,CURY3,2021-03-22,2021-03-22,2022-03-25,-0.1679144385026737,0.0356784716773153,-0.203592910179989,False,True,True,True
25100,2020,2021,0.9849,142105,141395,CURY3,2022-03-24,2022-03-24,2023-03-27,0.7033557046979864,-0.162805260283012,0.8661609649809984,True,True,True,True
25100,2021,2022,0.9983,141395,148302,CURY3,2023-09-14,2023-09-14,2024-09-17,0.5692307692307692,0.1303998482304651,0.4388309210003041,False,True,True,True
25100,2022,2023,0.9974,148302,149829,CURY3,2024-03-11,2024-03-11,2025-03-13,0.1444614599285349,-0.0038569320434659,0.1483183919720009,False,True,True,True
25100,2023,2024,0.9951,149829,154169,CURY3,2025-03-11,2025-03-11,2026-03-13,0.6724057701256398,0.4384027347360297,0.2340030353896101,False,True,True,True
25232,2021,2022,0.8961,131926,147919,CASH3,2023-09-21,2023-09-21,2024-09-24,-0.3095623987034036,0.1378509889142929,-0.4474133876176965,False,True,True,True
25232,2022,2023,0.9772,147919,130876,CASH3,2024-03-13,2024-03-13,2025-03-17,-0.5761511216056672,0.0220920026826856,-0.5982431242883528,True,True,True,True
25291,2019,2020,0.4381,155584,126181,BRAV3,2021-03-17,2021-03-17,2022-03-22,-0.1551761873495295,0.0062033760093571,-0.1613795633588867,False,True,True,True
25291,2020,2021,0.715,126181,161236,BRAV3,2022-02-22,2022-02-22,2023-02-27,0.0842105263157895,-0.063607365636831,0.1478178919526205,False,True,True,True
25372,2021,2022,0.9266,156737,140481,ASAI3,2023-02-15,2023-02-15,2024-02-23,-0.2341311134235171,0.1808263201123647,-0.4149574335358819,False,True,True,True
25372,2022,2023,0.7968,140481,139138,ASAI3,2024-02-21,2024-02-21,2025-02-20,-0.5125698324022346,-0.0186954584417108,-0.4938743739605238,False,True,True,True
25372,2023,2024,0.9025,139138,151774,ASAI3,2025-02-20,2025-02-20,2026-02-26,0.3538681948424067,0.4968977413739026,-0.1430295465314959,False,True,True,True
25585,2021,2022,0.9198,150295,160295,CMIN3,2023-03-08,2023-03-08,2024-03-13,0.1456692913385826,0.2014798716579788,-0.0558105803193962,False,True,True,True
25585,2022,2023,0.978,160295,154934,CMIN3,2024-03-06,2024-03-06,2025-03-10,-0.0887772194304856,-0.0339114143872657,-0.0548658050432199,False,True,True,True
25585,2023,2024,0.9212,154934,170870,CMIN3,2025-04-01,2025-04-01,2026-04-06,-0.2013093289689035,0.4347377669794015,-0.636047095948305,True,True,True,True
25780,2020,2021,0.6147,25473,138681,RECV3,2022-06-02,2022-06-02,2023-06-06,-0.367840626111704,0.0197271340336324,-0.3875677601453364,False,True,True,True
25780,2021,2022,0.8069,138681,142183,RECV3,2023-03-22,2023-03-22,2024-03-27,0.1039770004791567,0.2740951638400197,-0.170118163360863,False,True,True,True
25917,2020,2021,0.9874,228709,232901,RAIZ4,2021-05-31,2021-08-05,2022-08-09,-0.3204419889502763,-0.1067299050290003,-0.2137120839212759,False,True,True,True
25917,2021,2022,0.736,232901,286328,RAIZ4,2022-05-13,2022-05-13,2023-05-17,-0.3384912959381044,0.0237155898693821,-0.3622068858074866,False,True,True,True
25917,2022,2023,0.9177,286328,316716,RAIZ4,2023-05-12,2023-05-12,2024-05-16,-0.0820668693009119,0.1827316827432994,-0.2647985520442113,False,True,True,True
25917,2023,2024,0.9869,316716,332149,RAIZ4,2024-05-13,2024-05-13,2025-05-16,-0.4261744966442953,0.0860880814521254,-0.5122625780964207,False,True,True,True
