cd_cvm,year_prev,year_curr,cosine_similarity,chars_prev,chars_curr,group,prev_ok,curr_ok,both_ok
2437,2021,2022,0.902,388979,267385,stayed,True,True,True
2437,2022,2023,0.8666,267385,237349,stayed,True,True,True
2437,2023,2024,0.8724,237349,251026,stayed,True,True,True
2453,2015,2016,0.9798,360670,363606,stayed,True,True,True
2453,2016,2017,0.9651,363606,357785,stayed,True,True,True
2453,2017,2018,0.9727,357785,421356,stayed,True,True,True
2453,2018,2019,0.9777,421356,419576,stayed,True,True,True
2453,2019,2020,0.9624,419576,490324,stayed,True,True,True
2453,2020,2021,0.9734,490324,466601,stayed,True,True,True
2453,2021,2022,0.9772,466601,430756,stayed,True,True,True
2453,2022,2023,0.9693,430756,405851,stayed,True,True,True
2453,2023,2024,0.9686,405851,412561,stayed,True,True,True
2577,2015,2016,0.9647,208879,214624,dropped_or_delisted,True,True,True
2577,2016,2017,0.9695,214624,255415,dropped_or_delisted,True,True,True
2577,2017,2018,0.9615,255415,235309,dropped_or_delisted,True,True,True
2577,2018,2019,0.8204,235309,134950,dropped_or_delisted,True,True,True
3980,2015,2016,0.991,203796,201424,stayed,True,True,True
3980,2016,2017,0.9829,201424,211551,stayed,True,True,True
3980,2017,2018,0.9855,211551,220360,stayed,True,True,True
3980,2021,2022,0.9839,221121,226913,stayed,True,True,True
3980,2022,2023,0.9869,226913,225135,stayed,True,True,True
3980,2023,2024,0.9726,225135,239444,stayed,True,True,True
4170,2015,2016,0.9052,224509,237390,stayed,True,True,True
4170,2016,2017,0.9392,237390,227057,stayed,True,True,True
4170,2017,2018,0.8964,227057,248583,stayed,True,True,True
4170,2020,2021,0.9428,274603,306915,stayed,True,True,True
4170,2021,2022,0.9321,306915,323774,stayed,True,True,True
4170,2022,2023,0.939,323774,344928,stayed,True,True,True
4170,2023,2024,0.9444,344928,322916,stayed,True,True,True
4820,2016,2017,0.9885,296557,279551,stayed,True,True,True
4820,2021,2022,0.9889,343707,308708,stayed,True,True,True
5258,2019,2020,0.9354,166326,182671,stayed,True,True,True
5258,2020,2021,0.5221,182671,251661,stayed,True,True,True
5258,2021,2022,0.9492,251661,242447,stayed,True,True,True
5258,2022,2023,0.9479,242447,249418,stayed,True,True,True
5258,2023,2024,0.9618,249418,249898,stayed,True,True,True
5410,2015,2016,0.9873,89851,91393,stayed,True,True,True
5410,2016,2017,0.9833,91393,94422,stayed,True,True,True
5410,2017,2018,0.9814,94422,100991,stayed,True,True,True
5410,2018,2019,0.9844,100991,96003,stayed,True,True,True
5410,2019,2020,0.9854,96003,96144,stayed,True,True,True
5410,2020,2021,0.9819,96144,98694,stayed,True,True,True
5410,2021,2022,0.9764,98694,99119,stayed,True,True,True
5410,2022,2023,0.9767,99119,103611,stayed,True,True,True
5410,2023,2024,0.9627,103611,112878,stayed,True,True,True
6505,2015,2016,0.8717,140191,143638,dropped_or_delisted,True,True,True
6505,2016,2017,0.9138,143638,142991,dropped_or_delisted,True,True,True
6505,2017,2018,0.8055,142991,158243,dropped_or_delisted,True,True,True
6505,2018,2019,0.7641,158243,166276,dropped_or_delisted,True,True,True
6505,2019,2020,0.7428,166276,165875,dropped_or_delisted,True,True,True
6505,2020,2021,0.7945,165875,164701,dropped_or_delisted,True,True,True
6505,2021,2022,0.9027,164701,164368,dropped_or_delisted,True,True,True
6505,2022,2023,0.8896,164368,153589,dropped_or_delisted,True,True,True
6505,2023,2024,0.9063,153589,162067,dropped_or_delisted,True,True,True
8087,2015,2016,0.8802,181928,166065,dropped_or_delisted,True,True,True
8087,2019,2020,0.8584,170120,206208,dropped_or_delisted,True,True,True
8133,2019,2020,0.7729,139213,180180,stayed,True,True,True
8133,2020,2021,0.6466,180180,150743,stayed,True,True,True
8133,2021,2022,0.9279,150743,143572,stayed,True,True,True
8133,2022,2023,0.9495,143572,138987,stayed,True,True,True
8451,2015,2016,0.9828,136443,141275,stayed,True,True,True
8451,2016,2017,0.9861,141275,148495,stayed,True,True,True
8451,2017,2018,0.9573,148495,144360,stayed,True,True,True
8451,2018,2019,0.9799,144360,148462,stayed,True,True,True
8451,2019,2020,0.8842,148462,164141,stayed,True,True,True
8451,2020,2021,0.994,164141,161223,stayed,True,True,True
8451,2021,2022,0.9912,161223,154805,stayed,True,True,True
8451,2022,2023,0.9914,154805,153494,stayed,True,True,True
8451,2023,2024,0.9847,153494,155281,stayed,True,True,True
8656,2015,2016,0.9921,205024,204140,stayed,True,True,True
8656,2016,2017,0.9872,204140,216159,stayed,True,True,True
8656,2017,2018,0.9861,216159,218055,stayed,True,True,True
8656,2018,2019,0.9854,218055,200372,stayed,True,True,True
8656,2021,2022,0.9864,209428,214736,stayed,True,True,True
8656,2022,2023,0.9908,214736,211253,stayed,True,True,True
8656,2023,2024,0.9838,211253,223354,stayed,True,True,True
8672,2017,2018,0.8209,194357,187960,stayed,True,True,True
8672,2018,2019,0.9631,187960,160307,stayed,True,True,True
8672,2021,2022,0.916,177847,165828,stayed,True,True,True
8672,2022,2023,0.979,165828,172585,stayed,True,True,True
8672,2023,2024,0.9735,172585,168304,stayed,True,True,True
10456,2015,2016,0.9687,135754,126096,dropped_or_delisted,True,True,True
10456,2016,2017,0.9638,126096,144787,dropped_or_delisted,True,True,True
12793,2015,2016,0.551,224345,64818,dropped_or_delisted,True,True,True
12793,2016,2017,0.9342,64818,66755,dropped_or_delisted,True,True,True
12793,2017,2018,0.5613,66755,221183,dropped_or_delisted,True,True,True
13986,2019,2020,0.9244,271462,298348,stayed,True,True,True
13986,2020,2021,0.9513,298348,290070,stayed,True,True,True
13986,2021,2022,0.9632,290070,278350,stayed,True,True,True
13986,2022,2023,0.9591,278350,273650,stayed,True,True,True
13986,2023,2024,0.9751,273650,274607,stayed,True,True,True
14176,2019,2020,0.833,286573,281455,dropped_or_delisted,True,True,True
14176,2020,2021,0.8868,281455,191653,dropped_or_delisted,True,True,True
14176,2021,2022,0.83,191653,282719,dropped_or_delisted,True,True,True
14176,2022,2023,0.9529,282719,288120,dropped_or_delisted,True,True,True
14176,2023,2024,0.8222,288120,293315,dropped_or_delisted,True,True,True
14311,2018,2019,0.9865,325757,308157,stayed,True,True,True
14311,2019,2020,0.981,308157,350652,stayed,True,True,True
14311,2020,2021,0.9775,350652,334303,stayed,True,True,True
14311,2023,2024,0.9803,326092,277416,stayed,True,True,True
14320,2015,2016,0.9822,200762,219603,stayed,True,True,True
14320,2016,2017,0.9797,219603,214206,stayed,True,True,True
14320,2017,2018,0.9804,214206,203967,stayed,True,True,True
14320,2018,2019,0.9887,203967,204148,stayed,True,True,True
14320,2019,2020,0.9777,204148,200997,stayed,True,True,True
14320,2020,2021,0.936,200997,202683,stayed,True,True,True
14320,2021,2022,0.9691,202683,220649,stayed,True,True,True
14320,2022,2023,0.9752,220649,217795,stayed,True,True,True
14320,2023,2024,0.9891,217795,215483,stayed,True,True,True
14443,2018,2019,0.9855,282037,242449,stayed,True,True,True
14443,2021,2022,0.9884,223209,218593,stayed,True,True,True
14443,2022,2023,0.9849,218593,244365,stayed,True,True,True
14443,2023,2024,0.955,244365,261497,stayed,True,True,True
14460,2015,2016,0.8731,206885,213748,stayed,True,True,True
14460,2016,2017,0.9823,213748,181084,stayed,True,True,True
14460,2017,2018,0.9503,181084,189467,stayed,True,True,True
14460,2018,2019,0.9483,189467,193192,stayed,True,True,True
14460,2019,2020,0.9463,193192,229511,stayed,True,True,True
14460,2020,2021,0.9902,229511,233137,stayed,True,True,True
14460,2021,2022,0.9847,233137,247734,stayed,True,True,True
14460,2022,2023,0.9907,247734,262016,stayed,True,True,True
14460,2023,2024,0.9056,262016,236999,stayed,True,True,True
14761,2017,2018,0.941,140746,134950,dropped_or_delisted,True,True,True
14826,2015,2016,0.8945,303950,263729,dropped_or_delisted,True,True,True
14826,2016,2017,0.9509,263729,254081,dropped_or_delisted,True,True,True
14826,2017,2018,0.934,254081,252055,dropped_or_delisted,True,True,True
14826,2021,2022,0.9353,232095,223447,dropped_or_delisted,True,True,True
15253,2015,2016,0.978,313688,361711,stayed,True,True,True
15253,2016,2017,0.969,361711,397685,stayed,True,True,True
15253,2017,2018,0.9608,397685,417774,stayed,True,True,True
15253,2018,2019,0.958,417774,438958,stayed,True,True,True
15253,2019,2020,0.9786,438958,468736,stayed,True,True,True
15253,2020,2021,0.9838,468736,529082,stayed,True,True,True
15253,2021,2022,0.9736,529082,514305,stayed,True,True,True
15253,2022,2023,0.809,514305,478573,stayed,True,True,True
15253,2023,2024,0.9692,478573,449191,stayed,True,True,True
16101,2015,2016,0.9889,179342,191039,dropped_or_delisted,True,True,True
16101,2016,2017,0.9865,191039,186811,dropped_or_delisted,True,True,True
16101,2017,2018,0.9797,186811,195820,dropped_or_delisted,True,True,True
16101,2018,2019,0.9688,195820,175093,dropped_or_delisted,True,True,True
16101,2019,2020,0.9545,175093,172530,dropped_or_delisted,True,True,True
16101,2020,2021,0.9731,172530,181063,dropped_or_delisted,True,True,True
16101,2023,2024,0.9211,180774,141451,dropped_or_delisted,True,True,True
16292,2016,2017,0.7789,58216,74516,dropped_or_delisted,True,True,True
16306,2017,2018,0.9972,292066,306559,dropped_or_delisted,True,True,True
16306,2018,2019,0.1023,306559,50422,dropped_or_delisted,True,True,True
16306,2019,2020,0.7452,50422,206373,dropped_or_delisted,True,True,True
16306,2022,2023,0.9864,154882,159421,dropped_or_delisted,True,True,True
16306,2023,2024,0.984,159421,200560,dropped_or_delisted,True,True,True
17329,2016,2017,0.9093,187641,214485,stayed,True,True,True
17329,2017,2018,0.9355,214485,226464,stayed,True,True,True
17329,2018,2019,0.9447,226464,274580,stayed,True,True,True
17329,2019,2020,0.9322,274580,311859,stayed,True,True,True
17329,2020,2021,0.9692,311859,317252,stayed,True,True,True
17329,2023,2024,0.9455,296163,304430,stayed,True,True,True
17450,2018,2019,0.435,162549,49476,stayed,True,True,True
17450,2019,2020,0.4361,49476,173524,stayed,True,True,True
17450,2022,2023,0.9863,176536,182700,stayed,True,True,True
17671,2015,2016,0.9404,286341,271106,stayed,True,True,True
17671,2016,2017,0.9096,271106,243541,stayed,True,True,True
17671,2017,2018,0.9044,243541,221548,stayed,True,True,True
17671,2018,2019,0.9299,221548,204525,stayed,True,True,True
17671,2019,2020,0.8619,204525,308808,stayed,True,True,True
17671,2022,2023,0.9017,353605,362155,stayed,True,True,True
17892,2015,2016,0.9384,169631,164826,dropped_or_delisted,True,True,True
17892,2016,2017,0.9064,164826,193960,dropped_or_delisted,True,True,True
17892,2017,2018,0.823,193960,197219,dropped_or_delisted,True,True,True
17892,2018,2019,0.9847,197219,209175,dropped_or_delisted,True,True,True
17892,2019,2020,0.9797,209175,222689,dropped_or_delisted,True,True,True
17892,2020,2021,0.9741,222689,231887,dropped_or_delisted,True,True,True
17892,2021,2022,0.8717,231887,222476,dropped_or_delisted,True,True,True
17892,2022,2023,0.9467,222476,196734,dropped_or_delisted,True,True,True
17892,2023,2024,0.9412,196734,206047,dropped_or_delisted,True,True,True
17914,2019,2020,0.9893,84725,90205,dropped_or_delisted,True,True,True
17973,2015,2016,0.9269,147610,129151,stayed,True,True,True
17973,2016,2017,0.9534,129151,141798,stayed,True,True,True
17973,2017,2018,0.8588,141798,191150,stayed,True,True,True
17973,2018,2019,0.5455,191150,214057,stayed,True,True,True
17973,2019,2020,0.8961,214057,267371,stayed,True,True,True
17973,2020,2021,0.9657,267371,230733,stayed,True,True,True
17973,2021,2022,0.958,230733,216974,stayed,True,True,True
17973,2022,2023,0.9741,216974,237067,stayed,True,True,True
17973,2023,2024,0.9728,237067,226329,stayed,True,True,True
18465,2019,2020,0.9684,238178,262783,stayed,True,True,True
18465,2022,2023,0.9442,261976,247201,stayed,True,True,True
18465,2023,2024,0.9453,247201,195504,stayed,True,True,True
18660,2015,2016,0.9557,197873,204333,stayed,True,True,True
18660,2016,2017,0.9632,204333,193962,stayed,True,True,True
18660,2017,2018,0.9387,193962,187251,stayed,True,True,True
18660,2018,2019,0.9593,187251,179949,stayed,True,True,True
18660,2019,2020,0.9497,179949,203980,stayed,True,True,True
18660,2020,2021,0.9231,203980,224367,stayed,True,True,True
18660,2021,2022,0.9068,224367,230608,stayed,True,True,True
18660,2022,2023,0.8542,230608,218410,stayed,True,True,True
18660,2023,2024,0.9631,218410,217483,stayed,True,True,True
18724,2015,2016,0.6122,17727,69869,stayed,True,True,True
18724,2016,2017,0.9367,69869,90033,stayed,True,True,True
18724,2017,2018,0.8036,90033,92344,stayed,True,True,True
18724,2018,2019,0.8158,92344,76006,stayed,True,True,True
18724,2019,2020,0.8867,76006,69329,stayed,True,True,True
18724,2020,2021,0.9452,69329,64339,stayed,True,True,True
18724,2021,2022,0.9589,64339,64426,stayed,True,True,True
18724,2022,2023,0.5236,64426,12052,stayed,True,True,True
18724,2023,2024,0.9308,12052,11290,stayed,True,True,True
18821,2015,2016,0.979,304976,325975,stayed,True,True,True
19445,2015,2016,0.941,168385,162910,stayed,True,True,True
19445,2016,2017,0.9347,162910,164794,stayed,True,True,True
19445,2017,2018,0.9258,164794,187088,stayed,True,True,True
19445,2018,2019,0.9016,187088,222334,stayed,True,True,True
19445,2019,2020,0.9399,222334,204242,stayed,True,True,True
19445,2020,2021,0.9455,204242,210979,stayed,True,True,True
19445,2021,2022,0.9606,210979,196766,stayed,True,True,True
19453,2015,2016,0.9923,197825,215135,dropped_or_delisted,True,True,True
19453,2016,2017,0.8193,215135,196690,dropped_or_delisted,True,True,True
19453,2017,2018,0.945,196690,219762,dropped_or_delisted,True,True,True
19453,2018,2019,0.8833,219762,248648,dropped_or_delisted,True,True,True
19453,2019,2020,0.9559,248648,233061,dropped_or_delisted,True,True,True
19453,2022,2023,0.8965,275777,245155,dropped_or_delisted,True,True,True
19453,2023,2024,0.9217,245155,277132,dropped_or_delisted,True,True,True
19550,2017,2018,0.9648,255327,259633,stayed,True,True,True
19550,2018,2019,0.9384,259633,254576,stayed,True,True,True
19550,2019,2020,0.8813,254576,279718,stayed,True,True,True
19550,2020,2021,0.9817,279718,280814,stayed,True,True,True
19550,2021,2022,0.9842,280814,263936,stayed,True,True,True
19550,2022,2024,0.9189,263936,281121,stayed,True,True,True
19569,2015,2016,0.7615,149530,149472,dropped_or_delisted,True,True,True
19569,2016,2017,0.9474,149472,164907,dropped_or_delisted,True,True,True
19569,2017,2018,0.9268,164907,185512,dropped_or_delisted,True,True,True
19569,2018,2019,0.9379,185512,193337,dropped_or_delisted,True,True,True
19569,2019,2020,0.931,193337,202699,dropped_or_delisted,True,True,True
19569,2023,2024,0.9094,197717,209006,dropped_or_delisted,True,True,True
19623,2015,2016,0.7347,165243,180133,dropped_or_delisted,True,True,True
19623,2016,2017,0.8344,180133,218100,dropped_or_delisted,True,True,True
19623,2023,2024,0.7946,179270,182936,dropped_or_delisted,True,True,True
19739,2019,2020,0.5169,71966,193243,stayed,True,True,True
19739,2023,2024,0.968,260488,251631,stayed,True,True,True
19836,2015,2016,0.9749,207365,214117,stayed,True,True,True
19836,2016,2017,0.6343,214117,93932,stayed,True,True,True
19836,2017,2018,0.6476,93932,179425,stayed,True,True,True
19836,2018,2019,0.9645,179425,193087,stayed,True,True,True
19879,2018,2019,0.9851,291970,286237,dropped_or_delisted,True,True,True
19879,2021,2022,0.9878,238176,240364,dropped_or_delisted,True,True,True
19879,2022,2023,0.9797,240364,264764,dropped_or_delisted,True,True,True
19879,2023,2024,0.961,264764,379991,dropped_or_delisted,True,True,True
19909,2021,2022,0.9545,180865,189247,dropped_or_delisted,True,True,True
19909,2022,2023,0.8872,189247,212084,dropped_or_delisted,True,True,True
19909,2023,2024,0.7841,212084,210623,dropped_or_delisted,True,True,True
19925,2015,2016,0.9565,185705,195355,dropped_or_delisted,True,True,True
19925,2016,2017,0.9106,195355,171812,dropped_or_delisted,True,True,True
19925,2017,2018,0.886,171812,175512,dropped_or_delisted,True,True,True
19925,2018,2019,0.9707,175512,187308,dropped_or_delisted,True,True,True
19925,2019,2020,0.9533,187308,199594,dropped_or_delisted,True,True,True
19925,2020,2021,0.9425,199594,209941,dropped_or_delisted,True,True,True
19925,2021,2022,0.9283,209941,214302,dropped_or_delisted,True,True,True
19992,2015,2016,0.9514,109906,116359,stayed,True,True,True
19992,2016,2017,0.9596,116359,116957,stayed,True,True,True
19992,2017,2018,0.9584,116957,128921,stayed,True,True,True
19992,2018,2019,0.8989,128921,123534,stayed,True,True,True
19992,2019,2020,0.8872,123534,213703,stayed,True,True,True
19992,2020,2021,0.9359,213703,181205,stayed,True,True,True
19992,2021,2022,0.818,181205,172361,stayed,True,True,True
19992,2022,2023,0.9534,172361,170859,stayed,True,True,True
19992,2023,2024,0.9128,170859,168984,stayed,True,True,True
20010,2015,2016,0.7845,278708,284258,stayed,True,True,True
20010,2016,2017,0.9496,284258,325960,stayed,True,True,True
20010,2017,2018,0.8742,325960,340185,stayed,True,True,True
20087,2016,2017,0.9963,322208,316644,stayed,True,True,True
20087,2023,2024,0.9868,257269,269817,stayed,True,True,True
20257,2017,2018,0.9466,227939,248703,stayed,True,True,True
20257,2018,2019,0.9426,248703,263475,stayed,True,True,True
20257,2019,2020,0.9076,263475,254827,stayed,True,True,True
20257,2020,2021,0.933,254827,224490,stayed,True,True,True
20257,2021,2022,0.9642,224490,224521,stayed,True,True,True
20257,2022,2023,0.9649,224521,228647,stayed,True,True,True
20257,2023,2024,0.9616,228647,241460,stayed,True,True,True
20362,2018,2019,0.0619,204393,248272,dropped_or_delisted,True,True,True
20494,2015,2016,0.9907,146982,149845,dropped_or_delisted,True,True,True
20494,2016,2017,0.9496,149845,164337,dropped_or_delisted,True,True,True
20494,2017,2018,0.951,164337,172716,dropped_or_delisted,True,True,True
20494,2018,2019,0.6071,172716,36811,dropped_or_delisted,True,True,True
20494,2021,2022,0.9086,181579,158171,dropped_or_delisted,True,True,True
20494,2022,2023,0.9786,158171,165412,dropped_or_delisted,True,True,True
20494,2023,2024,0.9691,165412,161489,dropped_or_delisted,True,True,True
20516,2015,2016,0.9679,56482,54281,dropped_or_delisted,True,True,True
20516,2016,2017,0.7684,54281,57811,dropped_or_delisted,True,True,True
20516,2019,2020,0.4836,158268,70500,dropped_or_delisted,True,True,True
20516,2020,2021,0.4578,70500,106939,dropped_or_delisted,True,True,True
20516,2021,2022,0.3423,106939,115479,dropped_or_delisted,True,True,True
20516,2022,2023,0.603,115479,114906,dropped_or_delisted,True,True,True
20516,2023,2024,0.3593,114906,92379,dropped_or_delisted,True,True,True
20524,2015,2016,0.7477,87446,231817,dropped_or_delisted,True,True,True
20524,2016,2017,0.9145,231817,119962,dropped_or_delisted,True,True,True
20524,2017,2018,0.5221,119962,75383,dropped_or_delisted,True,True,True
20524,2020,2021,0.9547,55452,51598,dropped_or_delisted,True,True,True
20524,2021,2022,0.964,51598,75018,dropped_or_delisted,True,True,True
20524,2022,2023,0.5171,75018,154492,dropped_or_delisted,True,True,True
20524,2023,2024,0.8706,154492,170053,dropped_or_delisted,True,True,True
20745,2019,2020,0.4126,97670,193645,stayed,True,True,True
20745,2020,2021,0.9389,193645,227183,stayed,True,True,True
20745,2021,2022,0.9209,227183,203893,stayed,True,True,True
20745,2022,2023,0.9635,203893,204503,stayed,True,True,True
20745,2023,2024,0.9795,204503,236835,stayed,True,True,True
20770,2015,2016,0.9745,76418,78661,dropped_or_delisted,True,True,True
20770,2016,2017,0.9854,78661,83838,dropped_or_delisted,True,True,True
20770,2017,2018,0.9087,83838,82093,dropped_or_delisted,True,True,True
20770,2021,2022,0.9529,79578,82585,dropped_or_delisted,True,True,True
20770,2022,2023,0.9464,82585,80812,dropped_or_delisted,True,True,True
20770,2023,2024,0.9517,80812,86871,dropped_or_delisted,True,True,True
20788,2015,2016,0.9816,285466,325031,stayed,True,True,True
20788,2016,2017,0.9669,325031,265489,stayed,True,True,True
20788,2019,2020,0.9757,218863,233895,stayed,True,True,True
20788,2020,2021,0.972,233895,242469,stayed,True,True,True
20788,2021,2022,0.8915,242469,305067,stayed,True,True,True
20788,2022,2023,0.9668,305067,312502,stayed,True,True,True
20788,2023,2024,0.9791,312502,305504,stayed,True,True,True
20915,2018,2019,0.3238,30012,188638,stayed,True,True,True
20915,2021,2022,0.847,228525,244689,stayed,True,True,True
20915,2022,2023,0.9587,244689,230464,stayed,True,True,True
20915,2023,2024,0.9656,230464,230495,stayed,True,True,True
20931,2021,2022,0.9841,201620,209217,stayed,True,True,True
20931,2022,2023,0.989,209217,213742,stayed,True,True,True
20982,2016,2017,0.9941,228745,247081,stayed,True,True,True
20982,2017,2018,0.9188,247081,345172,stayed,True,True,True
20982,2018,2019,0.9972,345172,353296,stayed,True,True,True
20982,2019,2020,0.9966,353296,353263,stayed,True,True,True
20982,2020,2021,0.9986,353263,355992,stayed,True,True,True
20982,2021,2022,0.9969,355992,341236,stayed,True,True,True
20982,2022,2023,0.997,341236,324339,stayed,True,True,True
20982,2023,2024,0.9973,324339,325936,stayed,True,True,True
20990,2020,2021,0.7195,148405,207710,dropped_or_delisted,True,True,True
20990,2021,2022,0.7884,207710,291459,dropped_or_delisted,True,True,True
21016,2017,2018,0.8071,162509,171186,stayed,True,True,True
21016,2018,2019,0.9602,171186,159441,stayed,True,True,True
21016,2019,2020,0.6137,159441,184640,stayed,True,True,True
21016,2020,2021,0.9621,184640,183354,stayed,True,True,True
21016,2021,2022,0.9371,183354,175955,stayed,True,True,True
21016,2022,2023,0.9689,175955,177752,stayed,True,True,True
21016,2023,2024,0.9551,177752,186030,stayed,True,True,True
21091,2015,2016,0.9825,139892,150339,dropped_or_delisted,True,True,True
21091,2016,2017,0.9773,150339,168382,dropped_or_delisted,True,True,True
21091,2017,2018,0.9854,168382,178255,dropped_or_delisted,True,True,True
21091,2018,2019,0.9513,178255,173990,dropped_or_delisted,True,True,True
21091,2019,2020,0.9885,173990,180750,dropped_or_delisted,True,True,True
21091,2020,2021,0.2604,180750,171055,dropped_or_delisted,True,True,True
21091,2021,2022,0.9857,171055,187329,dropped_or_delisted,True,True,True
21091,2022,2023,0.9929,187329,193791,dropped_or_delisted,True,True,True
21091,2023,2024,0.9914,193791,217643,dropped_or_delisted,True,True,True
21237,2015,2016,0.9354,199633,210225,stayed,True,True,True
21237,2018,2019,0.9048,202899,193041,stayed,True,True,True
21237,2019,2020,0.8604,193041,172423,stayed,True,True,True
21237,2020,2021,0.9744,172423,195513,stayed,True,True,True
21350,2015,2016,0.9575,82902,83855,stayed,True,True,True
21350,2016,2017,0.3021,83855,229567,stayed,True,True,True
21350,2017,2018,0.2191,229567,69039,stayed,True,True,True
21350,2018,2019,0.9468,69039,47490,stayed,True,True,True
21350,2019,2020,0.4956,47490,63909,stayed,True,True,True
21350,2020,2021,0.3238,63909,167901,stayed,True,True,True
21350,2021,2022,0.8724,167901,216253,stayed,True,True,True
21350,2022,2023,0.5173,216253,169927,stayed,True,True,True
21350,2023,2024,0.8706,169927,184632,stayed,True,True,True
21431,2015,2016,0.9646,163056,167185,stayed,True,True,True
21431,2016,2017,0.7905,167185,190590,stayed,True,True,True
21431,2017,2018,0.7408,190590,187252,stayed,True,True,True
21431,2018,2019,0.9499,187252,168298,stayed,True,True,True
21431,2019,2020,0.9733,168298,175869,stayed,True,True,True
21431,2020,2021,0.9468,175869,188192,stayed,True,True,True
21431,2021,2022,0.9626,188192,187877,stayed,True,True,True
21431,2022,2023,0.964,187877,188791,stayed,True,True,True
21431,2023,2024,0.9753,188791,189007,stayed,True,True,True
21881,2018,2019,0.8572,134395,114204,stayed,True,True,True
21881,2021,2022,0.8953,125812,134847,stayed,True,True,True
21881,2022,2023,0.7913,134847,134524,stayed,True,True,True
21881,2023,2024,0.9088,134524,130569,stayed,True,True,True
22187,2015,2016,0.5389,97150,28834,stayed,True,True,True
22187,2016,2017,0.6098,28834,102212,stayed,True,True,True
22349,2015,2016,0.9602,125951,119775,stayed,True,True,True
22349,2016,2017,0.7327,119775,155461,stayed,True,True,True
22349,2017,2018,0.4923,155461,155515,stayed,True,True,True
22349,2018,2019,0.9885,155515,158551,stayed,True,True,True
22349,2021,2022,0.9266,240208,250988,stayed,True,True,True
22349,2022,2023,0.9079,250988,242411,stayed,True,True,True
22470,2018,2019,0.2396,176539,73238,stayed,True,True,True
22470,2019,2020,0.4697,73238,202003,stayed,True,True,True
22470,2020,2021,0.8512,202003,205280,stayed,True,True,True
22691,2015,2016,0.7868,124315,120297,dropped_or_delisted,True,True,True
22691,2020,2021,0.3919,189782,223887,dropped_or_delisted,True,True,True
22691,2021,2022,0.3022,223887,201606,dropped_or_delisted,True,True,True
22691,2022,2023,0.7983,201606,220995,dropped_or_delisted,True,True,True
22691,2023,2024,0.9397,220995,188736,dropped_or_delisted,True,True,True
23264,2020,2021,0.9915,307327,309775,stayed,True,True,True
23264,2021,2022,0.9904,309775,334134,stayed,True,True,True
23264,2022,2023,0.9814,334134,333729,stayed,True,True,True
23272,2015,2016,0.973,99236,108879,dropped_or_delisted,True,True,True
23272,2016,2017,0.9792,108879,110783,dropped_or_delisted,True,True,True
23310,2015,2016,0.9517,134257,160177,dropped_or_delisted,True,True,True
23310,2016,2017,0.1782,160177,27424,dropped_or_delisted,True,True,True
23310,2017,2018,0.6233,27424,194984,dropped_or_delisted,True,True,True
23310,2018,2019,0.8582,194984,254857,dropped_or_delisted,True,True,True
23310,2019,2020,0.7503,254857,186458,dropped_or_delisted,True,True,True
23310,2020,2021,0.9591,186458,160966,dropped_or_delisted,True,True,True
23310,2021,2022,0.9528,160966,148084,dropped_or_delisted,True,True,True
23310,2022,2023,0.9688,148084,153258,dropped_or_delisted,True,True,True
23310,2023,2024,0.9012,153258,130346,dropped_or_delisted,True,True,True
24112,2016,2017,0.9295,199157,179544,dropped_or_delisted,True,True,True
24112,2017,2018,0.9521,179544,199390,dropped_or_delisted,True,True,True
24112,2018,2019,0.9365,199390,215354,dropped_or_delisted,True,True,True
24112,2019,2020,0.6857,215354,160088,dropped_or_delisted,True,True,True
24112,2020,2021,0.8574,160088,160079,dropped_or_delisted,True,True,True
24112,2021,2022,0.7544,160079,155717,dropped_or_delisted,True,True,True
24112,2022,2023,0.8001,155717,183417,dropped_or_delisted,True,True,True
24171,2018,2019,0.9796,211126,193692,dropped_or_delisted,True,True,True
24171,2021,2022,0.9503,249861,281343,dropped_or_delisted,True,True,True
24171,2022,2023,0.9801,281343,278051,dropped_or_delisted,True,True,True
24171,2023,2024,0.9635,278051,273149,dropped_or_delisted,True,True,True
24252,2018,2019,0.9194,85016,98857,dropped_or_delisted,True,True,True
24252,2019,2020,0.9272,98857,91159,dropped_or_delisted,True,True,True
24260,2016,2017,0.9849,144683,148703,stayed,True,True,True
24260,2021,2022,0.9384,185825,159384,stayed,True,True,True
24260,2022,2023,0.9263,159384,187207,stayed,True,True,True
24260,2023,2024,0.9653,187207,191667,stayed,True,True,True
24295,2016,2017,0.8197,134333,136177,stayed,True,True,True
24295,2017,2018,0.8079,136177,156458,stayed,True,True,True
24295,2018,2019,0.9598,156458,142984,stayed,True,True,True
24295,2019,2020,0.8445,142984,158698,stayed,True,True,True
24295,2020,2021,0.6528,158698,164019,stayed,True,True,True
24295,2021,2022,0.822,164019,195753,stayed,True,True,True
24295,2022,2024,0.9268,195753,210145,stayed,True,True,True
24392,2018,2019,0.6095,131628,64376,stayed,True,True,True
24392,2019,2020,0.6718,64376,209059,stayed,True,True,True
24392,2020,2021,0.8378,209059,217573,stayed,True,True,True
24392,2021,2022,0.7781,217573,264223,stayed,True,True,True
24392,2022,2023,0.8746,264223,324172,stayed,True,True,True
24392,2023,2024,0.9527,324172,281857,stayed,True,True,True
24716,2019,2020,0.8816,211781,212272,stayed,True,True,True
24716,2020,2021,0.9729,212272,253353,stayed,True,True,True
24716,2021,2022,0.9775,253353,285198,stayed,True,True,True
24716,2022,2023,0.9822,285198,299377,stayed,True,True,True
24716,2023,2024,0.9628,299377,260804,stayed,True,True,True
24783,2020,2021,0.9852,309845,308690,dropped_or_delisted,True,True,True
24783,2021,2022,0.9687,308690,285316,dropped_or_delisted,True,True,True
24783,2022,2023,0.9775,285316,281191,dropped_or_delisted,True,True,True
24783,2023,2024,0.9238,281191,321132,dropped_or_delisted,True,True,True
24805,2019,2020,0.7618,84383,91199,stayed,True,True,True
24805,2020,2021,0.9157,91199,86379,stayed,True,True,True
24805,2021,2022,0.962,86379,90197,stayed,True,True,True
24805,2022,2023,0.9678,90197,88530,stayed,True,True,True
24805,2023,2024,0.9216,88530,104463,stayed,True,True,True
24821,2020,2021,0.9631,229665,229826,stayed,True,True,True
24821,2021,2022,0.9201,229826,288032,stayed,True,True,True
24821,2022,2023,0.9641,288032,329875,stayed,True,True,True
24821,2023,2024,0.9914,329875,346702,stayed,True,True,True
24848,2018,2019,0.9068,170491,158338,stayed,True,True,True
24848,2019,2020,0.9705,158338,166342,stayed,True,True,True
24848,2020,2021,0.9528,166342,189802,stayed,True,True,True
24910,2018,2019,0.9697,184589,136793,dropped_or_delisted,True,True,True
24910,2019,2020,0.9494,136793,152848,dropped_or_delisted,True,True,True
24910,2020,2021,0.8221,152848,182097,dropped_or_delisted,True,True,True
24910,2021,2022,0.969,182097,162672,dropped_or_delisted,True,True,True
24910,2022,2023,0.9633,162672,161548,dropped_or_delisted,True,True,True
24910,2023,2024,0.7823,161548,151375,dropped_or_delisted,True,True,True
24929,2018,2019,0.9493,168632,181852,stayed,True,True,True
24929,2019,2020,0.9422,181852,199087,stayed,True,True,True
24929,2020,2021,0.9349,199087,214990,stayed,True,True,True
24929,2021,2022,0.9061,214990,241664,stayed,True,True,True
24929,2022,2023,0.9615,241664,238813,stayed,True,True,True
24929,2023,2024,0.9749,238813,213057,stayed,True,True,True
25100,2019,2020,0.9534,125374,142105,stayed,True,True,True
25100,2020,2021,0.9849,142105,141395,stayed,True,True,True
25100,2021,2022,0.9983,141395,148302,stayed,True,True,True
25100,2022,2023,0.9974,148302,149829,stayed,True,True,True
25100,2023,2024,0.9951,149829,154169,stayed,True,True,True
25232,2021,2022,0.8961,131926,147919,dropped_or_delisted,True,True,True
25232,2022,2023,0.9772,147919,130876,dropped_or_delisted,True,True,True
25291,2019,2020,0.4381,155584,126181,stayed,True,True,True
25291,2020,2021,0.715,126181,161236,stayed,True,True,True
25372,2021,2022,0.9266,156737,140481,stayed,True,True,True
25372,2022,2023,0.7968,140481,139138,stayed,True,True,True
25372,2023,2024,0.9025,139138,151774,stayed,True,True,True
25585,2021,2022,0.9198,150295,160295,stayed,True,True,True
25585,2022,2023,0.978,160295,154934,stayed,True,True,True
25585,2023,2024,0.9212,154934,170870,stayed,True,True,True
25780,2020,2021,0.6147,25473,138681,stayed,True,True,True
25780,2021,2022,0.8069,138681,142183,stayed,True,True,True
25917,2020,2021,0.9874,228709,232901,dropped_or_delisted,True,True,True
25917,2021,2022,0.736,232901,286328,dropped_or_delisted,True,True,True
25917,2022,2023,0.9177,286328,316716,dropped_or_delisted,True,True,True
25917,2023,2024,0.9869,316716,332149,dropped_or_delisted,True,True,True
